{"stage": "prepare_starting", "time": "2026-10-04T21:09:09.932833+00:00"}
{"stage": "downloading", "time": "2026-10-04T21:09:16.613363+00:00", "requested": 1200, "completed": 0}
{"stage": "downloading", "time": "2026-10-04T21:09:25.748537+00:00", "requested": 1200, "completed": 10, "successful": 0}
{"stage": "downloading", "time": "2026-10-04T21:09:34.416409+00:00", "requested": 1200, "completed": 20, "successful": 0}
{"stage": "downloading", "time": "2026-10-04T21:09:42.370474+00:00", "requested": 1200, "completed": 30, "successful": 0}
Traceback (most recent call last):
  File "<frozen runpy>", line 203, in _run_module_as_main
  File "<frozen runpy>", line 88, in _run_code
  File "/content/music-video-retrieval-v2/src/revision/prepare.py", line 115, in <module>
    main()
    ~~~~^^
  File "/content/music-video-retrieval-v2/src/revision/prepare.py", line 100, in main
    raise RuntimeError('0/30 videos downloaded. See downloads.csv; stop and fix access first.')
RuntimeError: 0/30 videos downloaded. See downloads.csv; stop and fix access first.
{"stage": "failed", "time": "2026-10-04T21:09:44.436310+00:00", "error": "Command '['/usr/bin/python3', '-u', '-m', 'src.revision.prepare']' returned non-zero exit status 1.", "traceback": "Traceback (most recent call last):\n  File \"/content/music-video-retrieval-v2/src/revision/run.py\", line 22, in main\n    subprocess.run([sys.executable,'-u','-m','src.revision.'+stage],cwd=ROOT,check=True)\n    ~~~~~~~~~~~~~~^^^^^^^^^^^^^^^^^^^^^^^^^^^^^^^^^^^^^^^^^^^^^^^^^^^^^^^^^^^^^^^^^^^^^^\n  File \"/usr/lib/python3.13/subprocess.py\", line 577, in run\n    raise CalledProcessError(retcode, process.args,\n                             output=stdout, stderr=stderr)\nsubprocess.CalledProcessError: Command '['/usr/bin/python3', '-u', '-m', 'src.revision.prepare']' returned non-zero exit status 1.\n"}
Traceback (most recent call last):
  File "<frozen runpy>", line 203, in _run_module_as_main
  File "<frozen runpy>", line 88, in _run_code
  File "/content/music-video-retrieval-v2/src/revision/run.py", line 33, in <module>
    main()
    ~~~~^^
  File "/content/music-video-retrieval-v2/src/revision/run.py", line 22, in main
    subprocess.run([sys.executable,'-u','-m','src.revision.'+stage],cwd=ROOT,check=True)
    ~~~~~~~~~~~~~~^^^^^^^^^^^^^^^^^^^^^^^^^^^^^^^^^^^^^^^^^^^^^^^^^^^^^^^^^^^^^^^^^^^^^^
  File "/usr/lib/python3.13/subprocess.py", line 577, in run
    raise CalledProcessError(retcode, process.args,
                             output=stdout, stderr=stderr)
subprocess.CalledProcessError: Command '['/usr/bin/python3', '-u', '-m', 'src.revision.prepare']' returned non-zero exit status 1.
{"stage": "prepare_starting", "time": "2026-10-05T07:49:46.292582+00:00"}
{"stage": "downloading", "time": "2026-10-05T07:49:49.425633+00:00", "requested": 1200, "completed": 0}
[av1 @ 0x789ee0002500] Your platform doesn't suppport hardware accelerated AV1 decoding.
[av1 @ 0x789ee0002500] Failed to get pixel format.
[av1 @ 0x789ee0002500] Missing Sequence Header.
[av1 @ 0x789ee0002500] Missing Sequence Header.
[av1 @ 0x789ee0002500] Missing Sequence Header.
[av1 @ 0x789ee0002500] Missing Sequence Header.
[av1 @ 0x789ee0002500] Missing Sequence Header.
[av1 @ 0x789ee0002500] Missing Sequence Header.
[av1 @ 0x789ee0002500] Missing Sequence Header.
[av1 @ 0x789ee0002500] Missing Sequence Header.
[av1 @ 0x789ee0002500] Missing Sequence Header.
[av1 @ 0x789ee0002500] Missing Sequence Header.
[av1 @ 0x789ee0002500] Missing Sequence Header.
[av1 @ 0x789ee0002500] Missing Sequence Header.
[av1 @ 0x789ee0002500] Missing Sequence Header.
[av1 @ 0x789ee0002500] Missing Sequence Header.
[av1 @ 0x789ee0002500] Missing Sequence Header.
[av1 @ 0x789ee0002500] Missing Sequence Header.
[av1 @ 0x789ee0002500] Missing Sequence Header.
[av1 @ 0x789ee0002500] Missing Sequence Header.
[av1 @ 0x789ee0002500] Missing Sequence Header.
[av1 @ 0x789ee0002500] Missing Sequence Header.
[av1 @ 0x789ee0002500] Missing Sequence Header.
[av1 @ 0x789ee0002500] Missing Sequence Header.
[av1 @ 0x789ee0002500] Missing Sequence Header.
[av1 @ 0x789ee0002500] Missing Sequence Header.
[av1 @ 0x789ee0002500] Missing Sequence Header.
[av1 @ 0x789ee0002500] Missing Sequence Header.
[av1 @ 0x789ee0002500] Missing Sequence Header.
[av1 @ 0x789ee0002500] Missing Sequence Header.
[av1 @ 0x789ee0002500] Missing Sequence Header.
[av1 @ 0x789ee0002500] Missing Sequence Header.
[av1 @ 0x789ee0002500] Missing Sequence Header.
[av1 @ 0x789ee0002500] Missing Sequence Header.
[av1 @ 0x789ee0002500] Missing Sequence Header.
[av1 @ 0x789ee0002500] Missing Sequence Header.
[av1 @ 0x789ee0002500] Missing Sequence Header.
[av1 @ 0x789ee0002500] Missing Sequence Header.
[av1 @ 0x789ee0002500] Missing Sequence Header.
[av1 @ 0x789ee0002500] Missing Sequence Header.
[av1 @ 0x789ee0002500] Missing Sequence Header.
[av1 @ 0x789ee0002500] Missing Sequence Header.
[av1 @ 0x789ee0002500] Missing Sequence Header.
[av1 @ 0x789ee0002500] Missing Sequence Header.
[av1 @ 0x789ee0002500] Missing Sequence Header.
[av1 @ 0x789ee0002500] Missing Sequence Header.
[av1 @ 0x789ee0002500] Missing Sequence Header.
[av1 @ 0x789ee0002500] Missing Sequence Header.
[av1 @ 0x789ee0002500] Missing Sequence Header.
[av1 @ 0x789ee0002500] Missing Sequence Header.
[av1 @ 0x789ee0002500] Missing Sequence Header.
[av1 @ 0x789ee0002500] Missing Sequence Header.
[av1 @ 0x789ee0002500] Missing Sequence Header.
[av1 @ 0x789ee0002500] Missing Sequence Header.
[av1 @ 0x789ee0002500] Missing Sequence Header.
[av1 @ 0x789ee0002500] Missing Sequence Header.
[av1 @ 0x789ee0002500] Missing Sequence Header.
[av1 @ 0x789ee0002500] Missing Sequence Header.
[av1 @ 0x789ee0002500] Missing Sequence Header.
[av1 @ 0x789ee0002500] Missing Sequence Header.
[av1 @ 0x789ee0002500] Missing Sequence Header.
[av1 @ 0x789ee0002500] Missing Sequence Header.
[av1 @ 0x789ee0002500] Missing Sequence Header.
[av1 @ 0x789ee0002500] Missing Sequence Header.
[av1 @ 0x789ee0002500] Missing Sequence Header.
[av1 @ 0x789ee0002500] Missing Sequence Header.
[av1 @ 0x789ee0002500] Missing Sequence Header.
[av1 @ 0x789ee0002500] Missing Sequence Header.
[av1 @ 0x789ee0002500] Missing Sequence Header.
[av1 @ 0x789ee0002500] Missing Sequence Header.
[av1 @ 0x789ee0002500] Missing Sequence Header.
[av1 @ 0x789ee0002500] Missing Sequence Header.
[av1 @ 0x789ee0002500] Missing Sequence Header.
[av1 @ 0x789ee0002500] Missing Sequence Header.
[av1 @ 0x789ee0002500] Missing Sequence Header.
[av1 @ 0x789ee0002500] Missing Sequence Header.
[av1 @ 0x789ee0002500] Missing Sequence Header.
[av1 @ 0x789ee0002500] Missing Sequence Header.
[av1 @ 0x789ee0002500] Missing Sequence Header.
[av1 @ 0x789ee0002500] Missing Sequence Header.
[av1 @ 0x789ee0002500] Missing Sequence Header.
[av1 @ 0x789ee0002500] Missing Sequence Header.
[av1 @ 0x789ee0002500] Missing Sequence Header.
[av1 @ 0x789ee0002500] Missing Sequence Header.
[av1 @ 0x789ee0002500] Missing Sequence Header.
[av1 @ 0x789ee0002500] Missing Sequence Header.
[av1 @ 0x789ee0002500] Missing Sequence Header.
[av1 @ 0x789ee0002500] Missing Sequence Header.
[av1 @ 0x789ee0002500] Missing Sequence Header.
[av1 @ 0x789ee0002500] Missing Sequence Header.
[av1 @ 0x789ee0002500] Missing Sequence Header.
[av1 @ 0x789ee0002500] Missing Sequence Header.
[av1 @ 0x789ee0002500] Missing Sequence Header.
[av1 @ 0x789ee0002500] Missing Sequence Header.
[av1 @ 0x789ee0002500] Missing Sequence Header.
[av1 @ 0x789ee0002500] Missing Sequence Header.
[av1 @ 0x789ee0002500] Missing Sequence Header.
[av1 @ 0x789ee0002500] Missing Sequence Header.
[av1 @ 0x789ee0002500] Missing Sequence Header.
[av1 @ 0x789ee0002500] Missing Sequence Header.
[av1 @ 0x789ee0002500] Missing Sequence Header.
[av1 @ 0x789ee0002500] Missing Sequence Header.
[av1 @ 0x789ee0002500] Missing Sequence Header.
[av1 @ 0x789ee0002500] Missing Sequence Header.
[av1 @ 0x789ee0002500] Missing Sequence Header.
[av1 @ 0x789ee0002500] Missing Sequence Header.
[av1 @ 0x789ee0002500] Missing Sequence Header.
[av1 @ 0x789ee0002500] Missing Sequence Header.
[av1 @ 0x789ee0002500] Missing Sequence Header.
[av1 @ 0x789ee0002500] Missing Sequence Header.
[av1 @ 0x789ee0002500] Missing Sequence Header.
[av1 @ 0x789ee0002500] Missing Sequence Header.
[av1 @ 0x789ee0002500] Missing Sequence Header.
[av1 @ 0x789ee0002500] Missing Sequence Header.
[av1 @ 0x789ee0002500] Missing Sequence Header.
[av1 @ 0x789ee0002500] Missing Sequence Header.
[av1 @ 0x789ee0002500] Missing Sequence Header.
[av1 @ 0x789ee0002500] Missing Sequence Header.
[av1 @ 0x789ee0002500] Missing Sequence Header.
[av1 @ 0x789ee0002500] Missing Sequence Header.
[av1 @ 0x789ee0002500] Missing Sequence Header.
[av1 @ 0x789ee0002500] Missing Sequence Header.
[av1 @ 0x789ee0002500] Missing Sequence Header.
[av1 @ 0x789ee0002500] Missing Sequence Header.
[av1 @ 0x789ee0002500] Missing Sequence Header.
[av1 @ 0x789ee0002500] Missing Sequence Header.
[av1 @ 0x789ee0002500] Missing Sequence Header.
[av1 @ 0x789ee0002500] Missing Sequence Header.
[av1 @ 0x789ee0002500] Missing Sequence Header.
[av1 @ 0x789ee0002500] Missing Sequence Header.
[av1 @ 0x789ee0002500] Missing Sequence Header.
[av1 @ 0x789ee0002500] Missing Sequence Header.
[av1 @ 0x789ee0002500] Missing Sequence Header.
[av1 @ 0x789ee0002500] Missing Sequence Header.
[av1 @ 0x789ee0002500] Missing Sequence Header.
[av1 @ 0x789ee0002500] Missing Sequence Header.
[av1 @ 0x789ee0002500] Missing Sequence Header.
[av1 @ 0x789ee0002500] Missing Sequence Header.
[av1 @ 0x789ee0002500] Missing Sequence Header.
[av1 @ 0x789ee0002500] Missing Sequence Header.
[av1 @ 0x789ee0002500] Missing Sequence Header.
[av1 @ 0x789ee0002500] Missing Sequence Header.
[av1 @ 0x789ee0002500] Missing Sequence Header.
[av1 @ 0x789ee0002500] Missing Sequence Header.
[av1 @ 0x789ee0002500] Missing Sequence Header.
[av1 @ 0x789ee0002500] Missing Sequence Header.
[av1 @ 0x789ee0002500] Missing Sequence Header.
[av1 @ 0x789ee0002500] Missing Sequence Header.
[av1 @ 0x789ee0002500] Missing Sequence Header.
[av1 @ 0x789ee0002500] Missing Sequence Header.
[av1 @ 0x789ee0002500] Missing Sequence Header.
[av1 @ 0x789ee00142c0] Your platform doesn't suppport hardware accelerated AV1 decoding.
[av1 @ 0x789ee00142c0] Failed to get pixel format.
[av1 @ 0x789ee4002740] Your platform doesn't suppport hardware accelerated AV1 decoding.
[av1 @ 0x789ee4002740] Failed to get pixel format.
[av1 @ 0x789ee4002740] Missing Sequence Header.
[av1 @ 0x789ee4002740] Missing Sequence Header.
[av1 @ 0x789ee4002740] Your platform doesn't suppport hardware accelerated AV1 decoding.
[av1 @ 0x789ee4002740] Failed to get pixel format.
[av1 @ 0x789ee4002740] Missing Sequence Header.
[av1 @ 0x789ee4002740] Missing Sequence Header.
[av1 @ 0x789ee4002740] Missing Sequence Header.
[av1 @ 0x789ee4002740] Missing Sequence Header.
[av1 @ 0x789ee4002740] Missing Sequence Header.
[av1 @ 0x789ee4002740] Missing Sequence Header.
[av1 @ 0x789ee4002740] Missing Sequence Header.
[av1 @ 0x789ee4002740] Missing Sequence Header.
[av1 @ 0x789ee4002740] Missing Sequence Header.
[av1 @ 0x789ee4002740] Missing Sequence Header.
[av1 @ 0x789ee4002740] Missing Sequence Header.
[av1 @ 0x789ee4002740] Missing Sequence Header.
[av1 @ 0x789ee4002740] Missing Sequence Header.
[av1 @ 0x789ee4002740] Missing Sequence Header.
[av1 @ 0x789ee4002740] Missing Sequence Header.
[av1 @ 0x789ee4002740] Missing Sequence Header.
[av1 @ 0x789ee4002740] Missing Sequence Header.
[av1 @ 0x789ee4002740] Missing Sequence Header.
[av1 @ 0x789ee4002740] Missing Sequence Header.
[av1 @ 0x789ee4002740] Missing Sequence Header.
[av1 @ 0x789ee4002740] Missing Sequence Header.
[av1 @ 0x789ee4002740] Missing Sequence Header.
[av1 @ 0x789ee4002740] Missing Sequence Header.
[av1 @ 0x789ee4002740] Missing Sequence Header.
[av1 @ 0x789ee4002740] Missing Sequence Header.
[av1 @ 0x789ee4002740] Missing Sequence Header.
[av1 @ 0x789ee4002740] Missing Sequence Header.
[av1 @ 0x789ee4002740] Missing Sequence Header.
[av1 @ 0x789ee4002740] Missing Sequence Header.
[av1 @ 0x789ee4002740] Missing Sequence Header.
[av1 @ 0x789ee4002740] Missing Sequence Header.
[av1 @ 0x789ee4002740] Missing Sequence Header.
[av1 @ 0x789ee4002740] Missing Sequence Header.
[av1 @ 0x789ee4002740] Missing Sequence Header.
[av1 @ 0x789ee4002740] Missing Sequence Header.
[av1 @ 0x789ee4002740] Missing Sequence Header.
[av1 @ 0x789ee4002740] Missing Sequence Header.
[av1 @ 0x789ee4002740] Missing Sequence Header.
[av1 @ 0x789ee4002740] Missing Sequence Header.
[av1 @ 0x789ee4002740] Missing Sequence Header.
[av1 @ 0x789ee4002740] Missing Sequence Header.
[av1 @ 0x789ee4002740] Missing Sequence Header.
[av1 @ 0x789ee4002740] Missing Sequence Header.
[av1 @ 0x789ee4002740] Missing Sequence Header.
[av1 @ 0x789ee4002740] Missing Sequence Header.
[av1 @ 0x789ee4002740] Missing Sequence Header.
[av1 @ 0x789ee4002740] Missing Sequence Header.
[av1 @ 0x789ee4002740] Missing Sequence Header.
[av1 @ 0x789ee4002740] Missing Sequence Header.
[av1 @ 0x789ee4002740] Missing Sequence Header.
[av1 @ 0x789ee4002740] Missing Sequence Header.
[av1 @ 0x789ee4002740] Missing Sequence Header.
[av1 @ 0x789ee4002740] Missing Sequence Header.
[av1 @ 0x789ee4002740] Missing Sequence Header.
[av1 @ 0x789ee4002740] Missing Sequence Header.
[av1 @ 0x789ee4002740] Missing Sequence Header.
[av1 @ 0x789ee4002740] Missing Sequence Header.
[av1 @ 0x789ee4002740] Missing Sequence Header.
[av1 @ 0x789ee4002740] Missing Sequence Header.
[av1 @ 0x789ee4002740] Missing Sequence Header.
[av1 @ 0x789ee4002740] Missing Sequence Header.
[av1 @ 0x789ee4002740] Missing Sequence Header.
[av1 @ 0x789ee4002740] Missing Sequence Header.
[av1 @ 0x789ee4002740] Missing Sequence Header.
[av1 @ 0x789ee4002740] Missing Sequence Header.
[av1 @ 0x789ee4002740] Missing Sequence Header.
[av1 @ 0x789ee4002740] Missing Sequence Header.
[av1 @ 0x789ee4002740] Missing Sequence Header.
[av1 @ 0x789ee4002740] Missing Sequence Header.
[av1 @ 0x789ee4002740] Missing Sequence Header.
[av1 @ 0x789ee4002740] Missing Sequence Header.
[av1 @ 0x789ee4002740] Missing Sequence Header.
[av1 @ 0x789ee4002740] Missing Sequence Header.
[av1 @ 0x789ee4002740] Missing Sequence Header.
[av1 @ 0x789ee4002740] Missing Sequence Header.
[av1 @ 0x789ee4002740] Missing Sequence Header.
[av1 @ 0x789ee4002740] Missing Sequence Header.
[av1 @ 0x789ee4002740] Missing Sequence Header.
[av1 @ 0x789ee4002740] Missing Sequence Header.
[av1 @ 0x789ee4002740] Missing Sequence Header.
[av1 @ 0x789ee4002740] Missing Sequence Header.
[av1 @ 0x789ee4002740] Missing Sequence Header.
[av1 @ 0x789ee4002740] Missing Sequence Header.
[av1 @ 0x789ee4002740] Missing Sequence Header.
[av1 @ 0x789ee4002740] Missing Sequence Header.
[av1 @ 0x789ee4002740] Missing Sequence Header.
[av1 @ 0x789ee4002740] Missing Sequence Header.
[av1 @ 0x789ee4002740] Missing Sequence Header.
[av1 @ 0x789ee4002740] Missing Sequence Header.
[av1 @ 0x789ee4002740] Missing Sequence Header.
[av1 @ 0x789ee4002740] Missing Sequence Header.
[av1 @ 0x789ee4002740] Missing Sequence Header.
[av1 @ 0x789ee4002740] Missing Sequence Header.
[av1 @ 0x789ee4002740] Missing Sequence Header.
[av1 @ 0x789ee4002740] Missing Sequence Header.
[av1 @ 0x789ee4002740] Missing Sequence Header.
[av1 @ 0x789ee4002740] Missing Sequence Header.
[av1 @ 0x789ee4002740] Missing Sequence Header.
[av1 @ 0x789ee4002740] Missing Sequence Header.
[av1 @ 0x789ee4002740] Missing Sequence Header.
[av1 @ 0x789ee4002740] Missing Sequence Header.
[av1 @ 0x789ee4002740] Missing Sequence Header.
[av1 @ 0x789ee4002740] Missing Sequence Header.
[av1 @ 0x789ee4002740] Missing Sequence Header.
[av1 @ 0x789ee4002740] Missing Sequence Header.
[av1 @ 0x789ee4002740] Missing Sequence Header.
[av1 @ 0x789ee4002740] Missing Sequence Header.
[av1 @ 0x789ee4002740] Your platform doesn't suppport hardware accelerated AV1 decoding.
[av1 @ 0x789ee4002740] Failed to get pixel format.
[av1 @ 0x789ee4002740] Missing Sequence Header.
[av1 @ 0x789ee4002740] Missing Sequence Header.
[av1 @ 0x789ee4002740] Missing Sequence Header.
[av1 @ 0x789ee4002740] Missing Sequence Header.
[av1 @ 0x789ee4002740] Missing Sequence Header.
[av1 @ 0x789ee4002740] Missing Sequence Header.
[av1_frame_split @ 0x789ee4008500] zero_bit out of range: 1, but must be in [0,0].
[av1_frame_split @ 0x789ee4008500] Failed to read unit 0 (type 6).
[av1 @ 0x789ee4002740] zero_bit out of range: 1, but must be in [0,0].
[av1 @ 0x789ee4002740] Failed to read unit 0 (type 6).
[av1 @ 0x789ee4002740] Failed to read packet.
[av1_frame_split @ 0x789ee4008500] Invalid repeated frame header OBU.
[av1_frame_split @ 0x789ee4008500] Failed to read unit 0 (type 3).
[av1 @ 0x789ee4002740] Invalid repeated frame header OBU.
[av1 @ 0x789ee4002740] Failed to read unit 0 (type 3).
[av1 @ 0x789ee4002740] Failed to read packet.
[av1_frame_split @ 0x789ee4008500] Invalid repeated frame header OBU.
[av1_frame_split @ 0x789ee4008500] Failed to read unit 0 (type 6).
[av1 @ 0x789ee4002740] Invalid repeated frame header OBU.
[av1 @ 0x789ee4002740] Failed to read unit 0 (type 6).
[av1 @ 0x789ee4002740] Failed to read packet.
[av1_frame_split @ 0x789ee4008500] Invalid repeated frame header OBU.
[av1_frame_split @ 0x789ee4008500] Failed to read unit 0 (type 3).
[av1 @ 0x789ee4002740] Invalid repeated frame header OBU.
[av1 @ 0x789ee4002740] Failed to read unit 0 (type 3).
[av1 @ 0x789ee4002740] Failed to read packet.
[av1_frame_split @ 0x789ee4008500] Invalid repeated frame header OBU.
[av1_frame_split @ 0x789ee4008500] Failed to read unit 0 (type 6).
[av1 @ 0x789ee4002740] Invalid repeated frame header OBU.
[av1 @ 0x789ee4002740] Failed to read unit 0 (type 6).
[av1 @ 0x789ee4002740] Failed to read packet.
[av1_frame_split @ 0x789ee4008500] Invalid repeated frame header OBU.
[av1_frame_split @ 0x789ee4008500] Failed to read unit 0 (type 3).
[av1 @ 0x789ee4002740] Invalid repeated frame header OBU.
[av1 @ 0x789ee4002740] Failed to read unit 0 (type 3).
[av1 @ 0x789ee4002740] Failed to read packet.
[av1_frame_split @ 0x789ee4008500] Invalid repeated frame header OBU.
[av1_frame_split @ 0x789ee4008500] Failed to read unit 0 (type 6).
[av1 @ 0x789ee4002740] Invalid repeated frame header OBU.
[av1 @ 0x789ee4002740] Failed to read unit 0 (type 6).
[av1 @ 0x789ee4002740] Failed to read packet.
[av1_frame_split @ 0x789ee4008500] Invalid repeated frame header OBU.
[av1_frame_split @ 0x789ee4008500] Failed to read unit 0 (type 3).
[av1 @ 0x789ee4002740] Invalid repeated frame header OBU.
[av1 @ 0x789ee4002740] Failed to read unit 0 (type 3).
[av1 @ 0x789ee4002740] Failed to read packet.
[av1_frame_split @ 0x789ee4008500] Invalid repeated frame header OBU.
[av1_frame_split @ 0x789ee4008500] Failed to read unit 0 (type 6).
[av1 @ 0x789ee4002740] Invalid repeated frame header OBU.
[av1 @ 0x789ee4002740] Failed to read unit 0 (type 6).
[av1 @ 0x789ee4002740] Failed to read packet.
[av1_frame_split @ 0x789ee4008500] Invalid repeated frame header OBU.
[av1_frame_split @ 0x789ee4008500] Failed to read unit 0 (type 3).
[av1 @ 0x789ee4002740] Invalid repeated frame header OBU.
[av1 @ 0x789ee4002740] Failed to read unit 0 (type 3).
[av1 @ 0x789ee4002740] Failed to read packet.
[av1_frame_split @ 0x789ee4008500] Invalid repeated frame header OBU.
[av1_frame_split @ 0x789ee4008500] Failed to read unit 0 (type 6).
[av1 @ 0x789ee4002740] Invalid repeated frame header OBU.
[av1 @ 0x789ee4002740] Failed to read unit 0 (type 6).
[av1 @ 0x789ee4002740] Failed to read packet.
[av1_frame_split @ 0x789ee4008500] Invalid repeated frame header OBU.
[av1_frame_split @ 0x789ee4008500] Failed to read unit 0 (type 3).
[av1 @ 0x789ee4002740] Invalid repeated frame header OBU.
[av1 @ 0x789ee4002740] Failed to read unit 0 (type 3).
[av1 @ 0x789ee4002740] Failed to read packet.
[av1_frame_split @ 0x789ee4008500] Invalid repeated frame header OBU.
[av1_frame_split @ 0x789ee4008500] Failed to read unit 0 (type 6).
[av1 @ 0x789ee4002740] Invalid repeated frame header OBU.
[av1 @ 0x789ee4002740] Failed to read unit 0 (type 6).
[av1 @ 0x789ee4002740] Failed to read packet.
[av1_frame_split @ 0x789ee4008500] Invalid repeated frame header OBU.
[av1_frame_split @ 0x789ee4008500] Failed to read unit 0 (type 3).
[av1 @ 0x789ee4002740] Invalid repeated frame header OBU.
[av1 @ 0x789ee4002740] Failed to read unit 0 (type 3).
[av1 @ 0x789ee4002740] Failed to read packet.
[av1_frame_split @ 0x789ee4008500] Invalid repeated frame header OBU.
[av1_frame_split @ 0x789ee4008500] Failed to read unit 0 (type 6).
[av1 @ 0x789ee4002740] Invalid repeated frame header OBU.
[av1 @ 0x789ee4002740] Failed to read unit 0 (type 6).
[av1 @ 0x789ee4002740] Failed to read packet.
[av1_frame_split @ 0x789ee4008500] Invalid repeated frame header OBU.
[av1_frame_split @ 0x789ee4008500] Failed to read unit 0 (type 3).
[av1 @ 0x789ee4002740] Invalid repeated frame header OBU.
[av1 @ 0x789ee4002740] Failed to read unit 0 (type 3).
[av1 @ 0x789ee4002740] Failed to read packet.
[av1_frame_split @ 0x789ee4008500] Invalid repeated frame header OBU.
[av1_frame_split @ 0x789ee4008500] Failed to read unit 0 (type 6).
[av1 @ 0x789ee4002740] Invalid repeated frame header OBU.
[av1 @ 0x789ee4002740] Failed to read unit 0 (type 6).
[av1 @ 0x789ee4002740] Failed to read packet.
[av1_frame_split @ 0x789ee4008500] Invalid repeated frame header OBU.
[av1_frame_split @ 0x789ee4008500] Failed to read unit 0 (type 3).
[av1 @ 0x789ee4002740] Invalid repeated frame header OBU.
[av1 @ 0x789ee4002740] Failed to read unit 0 (type 3).
[av1 @ 0x789ee4002740] Failed to read packet.
[av1_frame_split @ 0x789ee4008500] Invalid repeated frame header OBU.
[av1_frame_split @ 0x789ee4008500] Failed to read unit 0 (type 6).
[av1 @ 0x789ee4002740] Invalid repeated frame header OBU.
[av1 @ 0x789ee4002740] Failed to read unit 0 (type 6).
[av1 @ 0x789ee4002740] Failed to read packet.
[av1_frame_split @ 0x789ee4008500] Invalid repeated frame header OBU.
[av1_frame_split @ 0x789ee4008500] Failed to read unit 0 (type 6).
[av1 @ 0x789ee4002740] Invalid repeated frame header OBU.
[av1 @ 0x789ee4002740] Failed to read unit 0 (type 6).
[av1 @ 0x789ee4002740] Failed to read packet.
[av1_frame_split @ 0x789ee4008500] Invalid repeated frame header OBU.
[av1_frame_split @ 0x789ee4008500] Failed to read unit 0 (type 3).
[av1 @ 0x789ee4002740] Invalid repeated frame header OBU.
[av1 @ 0x789ee4002740] Failed to read unit 0 (type 3).
[av1 @ 0x789ee4002740] Failed to read packet.
[av1_frame_split @ 0x789ee4008500] Invalid repeated frame header OBU.
[av1_frame_split @ 0x789ee4008500] Failed to read unit 0 (type 6).
[av1 @ 0x789ee4002740] Invalid repeated frame header OBU.
[av1 @ 0x789ee4002740] Failed to read unit 0 (type 6).
[av1 @ 0x789ee4002740] Failed to read packet.
[av1_frame_split @ 0x789ee4008500] Invalid repeated frame header OBU.
[av1_frame_split @ 0x789ee4008500] Failed to read unit 0 (type 6).
[av1 @ 0x789ee4002740] Invalid repeated frame header OBU.
[av1 @ 0x789ee4002740] Failed to read unit 0 (type 6).
[av1 @ 0x789ee4002740] Failed to read packet.
[av1_frame_split @ 0x789ee4008500] Invalid repeated frame header OBU.
[av1_frame_split @ 0x789ee4008500] Failed to read unit 0 (type 3).
[av1 @ 0x789ee4002740] Invalid repeated frame header OBU.
[av1 @ 0x789ee4002740] Failed to read unit 0 (type 3).
[av1 @ 0x789ee4002740] Failed to read packet.
[av1_frame_split @ 0x789ee4008500] Invalid repeated frame header OBU.
[av1_frame_split @ 0x789ee4008500] Failed to read unit 0 (type 6).
[av1 @ 0x789ee4002740] Invalid repeated frame header OBU.
[av1 @ 0x789ee4002740] Failed to read unit 0 (type 6).
[av1 @ 0x789ee4002740] Failed to read packet.
[av1_frame_split @ 0x789ee4008500] Invalid repeated frame header OBU.
[av1_frame_split @ 0x789ee4008500] Failed to read unit 0 (type 6).
[av1 @ 0x789ee4002740] Invalid repeated frame header OBU.
[av1 @ 0x789ee4002740] Failed to read unit 0 (type 6).
[av1 @ 0x789ee4002740] Failed to read packet.
[av1_frame_split @ 0x789ee4008500] Invalid repeated frame header OBU.
[av1_frame_split @ 0x789ee4008500] Failed to read unit 0 (type 3).
[av1 @ 0x789ee4002740] Invalid repeated frame header OBU.
[av1 @ 0x789ee4002740] Failed to read unit 0 (type 3).
[av1 @ 0x789ee4002740] Failed to read packet.
[av1_frame_split @ 0x789ee4008500] Invalid repeated frame header OBU.
[av1_frame_split @ 0x789ee4008500] Failed to read unit 0 (type 6).
[av1 @ 0x789ee4002740] Invalid repeated frame header OBU.
[av1 @ 0x789ee4002740] Failed to read unit 0 (type 6).
[av1 @ 0x789ee4002740] Failed to read packet.
[av1_frame_split @ 0x789ee4008500] Invalid repeated frame header OBU.
[av1_frame_split @ 0x789ee4008500] Failed to read unit 0 (type 3).
[av1 @ 0x789ee4002740] Invalid repeated frame header OBU.
[av1 @ 0x789ee4002740] Failed to read unit 0 (type 3).
[av1 @ 0x789ee4002740] Failed to read packet.
[av1_frame_split @ 0x789ee4008500] Invalid repeated frame header OBU.
[av1_frame_split @ 0x789ee4008500] Failed to read unit 0 (type 6).
[av1 @ 0x789ee4002740] Invalid repeated frame header OBU.
[av1 @ 0x789ee4002740] Failed to read unit 0 (type 6).
[av1 @ 0x789ee4002740] Failed to read packet.
[av1_frame_split @ 0x789ee4008500] Invalid repeated frame header OBU.
[av1_frame_split @ 0x789ee4008500] Failed to read unit 0 (type 6).
[av1 @ 0x789ee4002740] Invalid repeated frame header OBU.
[av1 @ 0x789ee4002740] Failed to read unit 0 (type 6).
[av1 @ 0x789ee4002740] Failed to read packet.
[av1_frame_split @ 0x789ee4008500] Invalid repeated frame header OBU.
[av1_frame_split @ 0x789ee4008500] Failed to read unit 0 (type 6).
[av1 @ 0x789ee4002740] Invalid repeated frame header OBU.
[av1 @ 0x789ee4002740] Failed to read unit 0 (type 6).
[av1 @ 0x789ee4002740] Failed to read packet.
[av1 @ 0x789ee4017dc0] Your platform doesn't suppport hardware accelerated AV1 decoding.
[av1 @ 0x789ee4017dc0] Failed to get pixel format.
[av1 @ 0x789ee0002500] Your platform doesn't suppport hardware accelerated AV1 decoding.
[av1 @ 0x789ee0002500] Failed to get pixel format.
[av1 @ 0x789ee0002500] Missing Sequence Header.
[av1 @ 0x789ee0002500] Missing Sequence Header.
[av1 @ 0x789ee0002500] Missing Sequence Header.
[av1 @ 0x789ee0002500] Missing Sequence Header.
[av1 @ 0x789ee0002500] Missing Sequence Header.
[av1 @ 0x789ee0002500] Missing Sequence Header.
[av1 @ 0x789ee0002500] Missing Sequence Header.
[av1 @ 0x789ee0002500] Missing Sequence Header.
[av1 @ 0x789ee0002500] Missing Sequence Header.
[av1 @ 0x789ee0002500] Missing Sequence Header.
[av1 @ 0x789ee0002500] Missing Sequence Header.
[av1 @ 0x789ee0002500] Missing Sequence Header.
[av1 @ 0x789ee0002500] Missing Sequence Header.
[av1 @ 0x789ee0002500] Missing Sequence Header.
[av1 @ 0x789ee0002500] Missing Sequence Header.
[av1 @ 0x789ee0002500] Missing Sequence Header.
[av1 @ 0x789ee0002500] Missing Sequence Header.
[av1 @ 0x789ee0002500] Missing Sequence Header.
[av1 @ 0x789ee0002500] Missing Sequence Header.
[av1 @ 0x789ee0002500] Missing Sequence Header.
[av1 @ 0x789ee0002500] Missing Sequence Header.
[av1 @ 0x789ee0002500] Missing Sequence Header.
[av1 @ 0x789ee0002500] Missing Sequence Header.
[av1 @ 0x789ee0002500] Missing Sequence Header.
[av1 @ 0x789ee0002500] Missing Sequence Header.
[av1 @ 0x789ee0002500] Missing Sequence Header.
[av1 @ 0x789ee0002500] Missing Sequence Header.
[av1 @ 0x789ee0002500] Missing Sequence Header.
[av1 @ 0x789ee0002500] Missing Sequence Header.
[av1 @ 0x789ee0002500] Missing Sequence Header.
[av1 @ 0x789ee0002500] Missing Sequence Header.
[av1 @ 0x789ee0002500] Missing Sequence Header.
[av1 @ 0x789ee0002500] Missing Sequence Header.
[av1 @ 0x789ee0002500] Missing Sequence Header.
[av1 @ 0x789ee0002500] Missing Sequence Header.
[av1 @ 0x789ee0002500] Missing Sequence Header.
[av1 @ 0x789ee0002500] Missing Sequence Header.
[av1 @ 0x789ee0002500] Missing Sequence Header.
[av1 @ 0x789ee0002500] Missing Sequence Header.
[av1 @ 0x789ee0002500] Missing Sequence Header.
[av1 @ 0x789ee0002500] Missing Sequence Header.
[av1 @ 0x789ee0002500] Missing Sequence Header.
[av1 @ 0x789ee0002500] Missing Sequence Header.
[av1 @ 0x789ee0002500] Missing Sequence Header.
[av1 @ 0x789ee0002500] Missing Sequence Header.
[av1 @ 0x789ee0002500] Missing Sequence Header.
[av1 @ 0x789ee0002500] Missing Sequence Header.
[av1 @ 0x789ee0002500] Missing Sequence Header.
[av1 @ 0x789ee0002500] Missing Sequence Header.
[av1 @ 0x789ee0002500] Missing Sequence Header.
[av1 @ 0x789ee0002500] Missing Sequence Header.
[av1 @ 0x789ee0002500] Missing Sequence Header.
[av1 @ 0x789ee0002500] Missing Sequence Header.
[av1 @ 0x789ee0002500] Missing Sequence Header.
[av1 @ 0x789ee0002500] Missing Sequence Header.
[av1 @ 0x789ee0002500] Missing Sequence Header.
[av1 @ 0x789ee0002500] Missing Sequence Header.
[av1 @ 0x789ee0002500] Missing Sequence Header.
[av1 @ 0x789ee0002500] Missing Sequence Header.
[av1 @ 0x789ee0002500] Missing Sequence Header.
[av1 @ 0x789ee0002500] Missing Sequence Header.
[av1 @ 0x789ee0002500] Missing Sequence Header.
[av1 @ 0x789ee0002500] Missing Sequence Header.
[av1 @ 0x789ee0002500] Missing Sequence Header.
[av1 @ 0x789ee0002500] Missing Sequence Header.
[av1 @ 0x789ee0002500] Missing Sequence Header.
[av1 @ 0x789ee0002500] Missing Sequence Header.
[av1 @ 0x789ee0002500] Missing Sequence Header.
[av1 @ 0x789ee0002500] Missing Sequence Header.
[av1 @ 0x789ee0002500] Missing Sequence Header.
[av1 @ 0x789ee0002500] Missing Sequence Header.
[av1 @ 0x789ee0002500] Missing Sequence Header.
[av1 @ 0x789ee0002500] Missing Sequence Header.
[av1 @ 0x789ee0002500] Missing Sequence Header.
[av1 @ 0x789ee0002500] Missing Sequence Header.
[av1 @ 0x789ee0002500] Missing Sequence Header.
[av1 @ 0x789ee0002500] Missing Sequence Header.
[av1 @ 0x789ee0002500] Missing Sequence Header.
[av1 @ 0x789ee0002500] Missing Sequence Header.
[av1 @ 0x789ee0002500] Missing Sequence Header.
[av1 @ 0x789ee0002500] Missing Sequence Header.
[av1 @ 0x789ee0002500] Missing Sequence Header.
[av1 @ 0x789ee0002500] Missing Sequence Header.
[av1 @ 0x789ee0002500] Missing Sequence Header.
[av1 @ 0x789ee0002500] Missing Sequence Header.
[av1 @ 0x789ee0002500] Missing Sequence Header.
[av1 @ 0x789ee0002500] Missing Sequence Header.
[av1 @ 0x789ee0002500] Missing Sequence Header.
[av1 @ 0x789ee0002500] Missing Sequence Header.
[av1 @ 0x789ee0002500] Missing Sequence Header.
[av1 @ 0x789ee0002500] Missing Sequence Header.
[av1 @ 0x789ee0002500] Missing Sequence Header.
[av1 @ 0x789ee0002500] Missing Sequence Header.
[av1 @ 0x789ee0002500] Missing Sequence Header.
[av1 @ 0x789ee0002500] Missing Sequence Header.
[av1 @ 0x789ee0002500] Missing Sequence Header.
[av1 @ 0x789ee0002500] Missing Sequence Header.
[av1 @ 0x789ee0002500] Missing Sequence Header.
[av1 @ 0x789ee0002500] Missing Sequence Header.
[av1 @ 0x789ee0002500] Missing Sequence Header.
[av1 @ 0x789ee0002500] Missing Sequence Header.
[av1 @ 0x789ee0002500] Missing Sequence Header.
[av1 @ 0x789ee0002500] Missing Sequence Header.
[av1 @ 0x789ee0002500] Missing Sequence Header.
[av1 @ 0x789ee0002500] Missing Sequence Header.
[av1 @ 0x789ee0002500] Missing Sequence Header.
[av1 @ 0x789ee0002500] Missing Sequence Header.
[av1 @ 0x789ee0002500] Missing Sequence Header.
[av1 @ 0x789ee0002500] Missing Sequence Header.
[av1 @ 0x789ee0002500] Missing Sequence Header.
[av1 @ 0x789ee0002500] Missing Sequence Header.
[av1 @ 0x789ee0002500] Missing Sequence Header.
[av1 @ 0x789ee0002500] Missing Sequence Header.
[av1 @ 0x789ee0002500] Missing Sequence Header.
[av1 @ 0x789ee0002500] Missing Sequence Header.
[av1 @ 0x789ee0002500] Missing Sequence Header.
[av1 @ 0x789ee0002500] Missing Sequence Header.
[av1 @ 0x789ee0002500] Missing Sequence Header.
[av1 @ 0x789ee0002500] Missing Sequence Header.
[av1 @ 0x789ee0002500] Missing Sequence Header.
[av1 @ 0x789ee0002500] Missing Sequence Header.
[av1 @ 0x789ee0002500] Missing Sequence Header.
[av1 @ 0x789ee0002500] Missing Sequence Header.
[av1 @ 0x789ee0002500] Missing Sequence Header.
[av1 @ 0x789ee0002500] Missing Sequence Header.
[av1 @ 0x789ee0002500] Missing Sequence Header.
[av1 @ 0x789ee0002500] Missing Sequence Header.
[av1 @ 0x789ee0002500] Missing Sequence Header.
[av1 @ 0x789ee0002500] Missing Sequence Header.
[av1 @ 0x789ee0002500] Missing Sequence Header.
[av1 @ 0x789ee0002500] Missing Sequence Header.
[av1 @ 0x789ee0002500] Missing Sequence Header.
[av1 @ 0x789ee0002500] Missing Sequence Header.
[av1 @ 0x789ee0002500] Missing Sequence Header.
[av1 @ 0x789ee0002500] Missing Sequence Header.
[av1 @ 0x789ee0002500] Missing Sequence Header.
[av1 @ 0x789ee0002500] Missing Sequence Header.
[av1 @ 0x789ee0002500] Missing Sequence Header.
[av1 @ 0x789ee0002500] Missing Sequence Header.
[av1 @ 0x789ee0002500] Missing Sequence Header.
[av1 @ 0x789ee0002500] Missing Sequence Header.
[av1 @ 0x789ee0002500] Missing Sequence Header.
[av1 @ 0x789ee0002500] Missing Sequence Header.
[av1 @ 0x789ee0002500] Missing Sequence Header.
[av1 @ 0x789ee0002500] Missing Sequence Header.
[av1 @ 0x789ee0002500] Missing Sequence Header.
[av1 @ 0x789ee0002500] Missing Sequence Header.
[av1 @ 0x789ee0002500] Missing Sequence Header.
[av1 @ 0x789ee0002500] Missing Sequence Header.
[av1 @ 0x789ee00142c0] Your platform doesn't suppport hardware accelerated AV1 decoding.
[av1 @ 0x789ee00142c0] Failed to get pixel format.
[av1 @ 0x789ee400a1c0] Your platform doesn't suppport hardware accelerated AV1 decoding.
[av1 @ 0x789ee400a1c0] Failed to get pixel format.
[av1 @ 0x789ee400a1c0] Missing Sequence Header.
[av1 @ 0x789ee400a1c0] Missing Sequence Header.
[av1 @ 0x789ee400a1c0] Missing Sequence Header.
[av1 @ 0x789ee400a1c0] Missing Sequence Header.
[av1 @ 0x789ee400a1c0] Missing Sequence Header.
[av1 @ 0x789ee400a1c0] Missing Sequence Header.
[av1 @ 0x789ee400a1c0] Missing Sequence Header.
[av1 @ 0x789ee400a1c0] Missing Sequence Header.
[av1 @ 0x789ee400a1c0] Missing Sequence Header.
[av1 @ 0x789ee400a1c0] Missing Sequence Header.
[av1 @ 0x789ee400a1c0] Missing Sequence Header.
[av1 @ 0x789ee400a1c0] Missing Sequence Header.
[av1 @ 0x789ee400a1c0] Missing Sequence Header.
[av1 @ 0x789ee400a1c0] Missing Sequence Header.
[av1 @ 0x789ee400a1c0] Missing Sequence Header.
[av1 @ 0x789ee400a1c0] Missing Sequence Header.
[av1 @ 0x789ee400a1c0] Missing Sequence Header.
[av1 @ 0x789ee400a1c0] Missing Sequence Header.
[av1 @ 0x789ee400a1c0] Missing Sequence Header.
[av1 @ 0x789ee400a1c0] Missing Sequence Header.
[av1 @ 0x789ee400a1c0] Missing Sequence Header.
[av1 @ 0x789ee400a1c0] Missing Sequence Header.
[av1 @ 0x789ee400a1c0] Missing Sequence Header.
[av1 @ 0x789ee400a1c0] Missing Sequence Header.
[av1 @ 0x789ee400a1c0] Missing Sequence Header.
[av1 @ 0x789ee400a1c0] Missing Sequence Header.
[av1 @ 0x789ee400a1c0] Missing Sequence Header.
[av1 @ 0x789ee400a1c0] Missing Sequence Header.
[av1 @ 0x789ee400a1c0] Missing Sequence Header.
[av1 @ 0x789ee400a1c0] Missing Sequence Header.
[av1 @ 0x789ee400a1c0] Missing Sequence Header.
[av1 @ 0x789ee400a1c0] Missing Sequence Header.
[av1 @ 0x789ee400a1c0] Missing Sequence Header.
[av1 @ 0x789ee400a1c0] Missing Sequence Header.
[av1 @ 0x789ee400a1c0] Missing Sequence Header.
[av1 @ 0x789ee400a1c0] Missing Sequence Header.
[av1 @ 0x789ee400a1c0] Missing Sequence Header.
[av1 @ 0x789ee400a1c0] Missing Sequence Header.
[av1 @ 0x789ee400a1c0] Missing Sequence Header.
[av1 @ 0x789ee400a1c0] Missing Sequence Header.
[av1 @ 0x789ee400a1c0] Missing Sequence Header.
[av1 @ 0x789ee400a1c0] Missing Sequence Header.
[av1 @ 0x789ee400a1c0] Missing Sequence Header.
[av1 @ 0x789ee400a1c0] Missing Sequence Header.
[av1 @ 0x789ee400a1c0] Missing Sequence Header.
[av1 @ 0x789ee400a1c0] Missing Sequence Header.
[av1 @ 0x789ee400a1c0] Missing Sequence Header.
[av1 @ 0x789ee400a1c0] Missing Sequence Header.
[av1 @ 0x789ee400a1c0] Missing Sequence Header.
[av1 @ 0x789ee400a1c0] Your platform doesn't suppport hardware accelerated AV1 decoding.
[av1 @ 0x789ee400a1c0] Failed to get pixel format.
[av1 @ 0x789ee400a1c0] Missing Sequence Header.
[av1 @ 0x789ee400a1c0] Missing Sequence Header.
[av1 @ 0x789ee400a1c0] Missing Sequence Header.
[av1 @ 0x789ee400a1c0] Missing Sequence Header.
[av1 @ 0x789ee400a1c0] Missing Sequence Header.
[av1 @ 0x789ee400a1c0] Missing Sequence Header.
[av1 @ 0x789ee400a1c0] Missing Sequence Header.
[av1 @ 0x789ee400a1c0] Missing Sequence Header.
[av1 @ 0x789ee400a1c0] Missing Sequence Header.
[av1 @ 0x789ee400a1c0] Missing Sequence Header.
[av1 @ 0x789ee400a1c0] Missing Sequence Header.
[av1 @ 0x789ee400a1c0] Missing Sequence Header.
[av1 @ 0x789ee400a1c0] Missing Sequence Header.
[av1 @ 0x789ee400a1c0] Missing Sequence Header.
[av1 @ 0x789ee400a1c0] Missing Sequence Header.
[av1 @ 0x789ee400a1c0] Missing Sequence Header.
[av1 @ 0x789ee400a1c0] Missing Sequence Header.
[av1 @ 0x789ee400a1c0] Missing Sequence Header.
[av1 @ 0x789ee400a1c0] Missing Sequence Header.
[av1 @ 0x789ee400a1c0] Missing Sequence Header.
[av1 @ 0x789ee400a1c0] Missing Sequence Header.
[av1 @ 0x789ee400a1c0] Missing Sequence Header.
[av1 @ 0x789ee400a1c0] Missing Sequence Header.
[av1 @ 0x789ee400a1c0] Missing Sequence Header.
[av1 @ 0x789ee400a1c0] Missing Sequence Header.
[av1 @ 0x789ee400a1c0] Missing Sequence Header.
[av1 @ 0x789ee400a1c0] Missing Sequence Header.
[av1 @ 0x789ee400a1c0] Missing Sequence Header.
[av1 @ 0x789ee400a1c0] Missing Sequence Header.
[av1 @ 0x789ee400a1c0] Missing Sequence Header.
[av1 @ 0x789ee400a1c0] Missing Sequence Header.
[av1 @ 0x789ee400a1c0] Missing Sequence Header.
[av1 @ 0x789ee400a1c0] Missing Sequence Header.
[av1 @ 0x789ee400a1c0] Missing Sequence Header.
[av1 @ 0x789ee400a1c0] Missing Sequence Header.
[av1 @ 0x789ee400a1c0] Missing Sequence Header.
[av1 @ 0x789ee400a1c0] Missing Sequence Header.
[av1 @ 0x789ee400a1c0] Missing Sequence Header.
[av1 @ 0x789ee400a1c0] Missing Sequence Header.
[av1 @ 0x789ee400a1c0] Missing Sequence Header.
[av1 @ 0x789ee400a1c0] Missing Sequence Header.
[av1 @ 0x789ee400a1c0] Missing Sequence Header.
[av1 @ 0x789ee400a1c0] Missing Sequence Header.
[av1 @ 0x789ee400a1c0] Missing Sequence Header.
[av1 @ 0x789ee400a1c0] Missing Sequence Header.
[av1 @ 0x789ee400a1c0] Missing Sequence Header.
[av1 @ 0x789ee400a1c0] Missing Sequence Header.
[av1 @ 0x789ee400a1c0] Missing Sequence Header.
[av1 @ 0x789ee400a1c0] Missing Sequence Header.
[av1 @ 0x789ee400a1c0] Missing Sequence Header.
[av1 @ 0x789ee400a1c0] Missing Sequence Header.
[av1 @ 0x789ee400a1c0] Missing Sequence Header.
[av1 @ 0x789ee400a1c0] Missing Sequence Header.
[av1 @ 0x789ee400a1c0] Missing Sequence Header.
[av1 @ 0x789ee400a1c0] Missing Sequence Header.
[av1 @ 0x789ee400a1c0] Missing Sequence Header.
[av1 @ 0x789ee400a1c0] Missing Sequence Header.
[av1 @ 0x789ee400a1c0] Missing Sequence Header.
[av1 @ 0x789ee400a1c0] Missing Sequence Header.
[av1 @ 0x789ee400a1c0] Missing Sequence Header.
[av1 @ 0x789ee400a1c0] Missing Sequence Header.
[av1 @ 0x789ee400a1c0] Missing Sequence Header.
[av1 @ 0x789ee400a1c0] Missing Sequence Header.
[av1 @ 0x789ee400a1c0] Missing Sequence Header.
[av1 @ 0x789ee400a1c0] Missing Sequence Header.
[av1 @ 0x789ee400a1c0] Missing Sequence Header.
[av1 @ 0x789ee400a1c0] Missing Sequence Header.
[av1 @ 0x789ee400a1c0] Missing Sequence Header.
[av1 @ 0x789ee400a1c0] Missing Sequence Header.
[av1 @ 0x789ee400a1c0] Missing Sequence Header.
[av1 @ 0x789ee400a1c0] Missing Sequence Header.
[av1 @ 0x789ee400a1c0] Missing Sequence Header.
[av1 @ 0x789ee400a1c0] Missing Sequence Header.
[av1 @ 0x789ee400a1c0] Missing Sequence Header.
[av1 @ 0x789ee400a1c0] Missing Sequence Header.
[av1 @ 0x789ee400a1c0] Missing Sequence Header.
[av1 @ 0x789ee400a1c0] Missing Sequence Header.
[av1 @ 0x789ee400a1c0] Missing Sequence Header.
[av1 @ 0x789ee400a1c0] Missing Sequence Header.
[av1 @ 0x789ee400a1c0] Missing Sequence Header.
[av1 @ 0x789ee400a1c0] Missing Sequence Header.
[av1 @ 0x789ee400a1c0] Missing Sequence Header.
[av1 @ 0x789ee400a1c0] Missing Sequence Header.
[av1 @ 0x789ee400a1c0] Missing Sequence Header.
[av1 @ 0x789ee400a1c0] Missing Sequence Header.
[av1 @ 0x789ee400a1c0] Missing Sequence Header.
[av1 @ 0x789ee400a1c0] Missing Sequence Header.
[av1 @ 0x789ee400a1c0] Missing Sequence Header.
[av1 @ 0x789ee400a1c0] Missing Sequence Header.
[av1 @ 0x789ee400a1c0] Missing Sequence Header.
[av1 @ 0x789ee400a1c0] Missing Sequence Header.
[av1 @ 0x789ee400a1c0] Missing Sequence Header.
[av1 @ 0x789ee400a1c0] Missing Sequence Header.
[av1 @ 0x789ee400a1c0] Missing Sequence Header.
[av1 @ 0x789ee400a1c0] Your platform doesn't suppport hardware accelerated AV1 decoding.
[av1 @ 0x789ee400a1c0] Failed to get pixel format.
[av1 @ 0x789ee400a1c0] Missing Sequence Header.
[av1 @ 0x789ee400a1c0] Missing Sequence Header.
[av1 @ 0x789ee400a1c0] Missing Sequence Header.
[av1 @ 0x789ee400a1c0] Missing Sequence Header.
[av1 @ 0x789ee400a1c0] Missing Sequence Header.
[av1 @ 0x789ee4017dc0] Your platform doesn't suppport hardware accelerated AV1 decoding.
[av1 @ 0x789ee4017dc0] Failed to get pixel format.
{"stage": "downloading", "time": "2026-10-05T07:50:02.733342+00:00", "requested": 1200, "completed": 10, "successful": 3}
[av1 @ 0x789ee0009bc0] Your platform doesn't suppport hardware accelerated AV1 decoding.
[av1 @ 0x789ee0009bc0] Failed to get pixel format.
[av1 @ 0x789ee0009bc0] Missing Sequence Header.
[av1 @ 0x789ee0009bc0] Missing Sequence Header.
[av1 @ 0x789ee0009bc0] Missing Sequence Header.
[av1 @ 0x789ee0009bc0] Missing Sequence Header.
[av1 @ 0x789ee0009bc0] Missing Sequence Header.
[av1 @ 0x789ee0009bc0] Missing Sequence Header.
[av1 @ 0x789ee0009bc0] Missing Sequence Header.
[av1 @ 0x789ee0009bc0] Missing Sequence Header.
[av1 @ 0x789ee0009bc0] Missing Sequence Header.
[av1 @ 0x789ee0009bc0] Missing Sequence Header.
[av1 @ 0x789ee0009bc0] Missing Sequence Header.
[av1 @ 0x789ee0009bc0] Missing Sequence Header.
[av1 @ 0x789ee0009bc0] Missing Sequence Header.
[av1 @ 0x789ee0009bc0] Missing Sequence Header.
[av1 @ 0x789ee0009bc0] Missing Sequence Header.
[av1 @ 0x789ee0009bc0] Missing Sequence Header.
[av1 @ 0x789ee0009bc0] Missing Sequence Header.
[av1 @ 0x789ee0009bc0] Missing Sequence Header.
[av1 @ 0x789ee0009bc0] Missing Sequence Header.
[av1 @ 0x789ee0009bc0] Missing Sequence Header.
[av1 @ 0x789ee0009bc0] Missing Sequence Header.
[av1 @ 0x789ee0009bc0] Missing Sequence Header.
[av1 @ 0x789ee0009bc0] Missing Sequence Header.
[av1 @ 0x789ee0009bc0] Missing Sequence Header.
[av1 @ 0x789ee0009bc0] Missing Sequence Header.
[av1 @ 0x789ee0009bc0] Missing Sequence Header.
[av1 @ 0x789ee0009bc0] Missing Sequence Header.
[av1 @ 0x789ee0009bc0] Missing Sequence Header.
[av1 @ 0x789ee0009bc0] Missing Sequence Header.
[av1 @ 0x789ee0009bc0] Missing Sequence Header.
[av1 @ 0x789ee0009bc0] Missing Sequence Header.
[av1 @ 0x789ee0009bc0] Missing Sequence Header.
[av1 @ 0x789ee0009bc0] Missing Sequence Header.
[av1 @ 0x789ee0009bc0] Missing Sequence Header.
[av1 @ 0x789ee0009bc0] Missing Sequence Header.
[av1 @ 0x789ee0009bc0] Missing Sequence Header.
[av1 @ 0x789ee0009bc0] Missing Sequence Header.
[av1 @ 0x789ee0009bc0] Missing Sequence Header.
[av1 @ 0x789ee0009bc0] Missing Sequence Header.
[av1 @ 0x789ee0009bc0] Missing Sequence Header.
[av1 @ 0x789ee0009bc0] Missing Sequence Header.
[av1 @ 0x789ee0009bc0] Missing Sequence Header.
[av1 @ 0x789ee0009bc0] Missing Sequence Header.
[av1 @ 0x789ee0009bc0] Missing Sequence Header.
[av1 @ 0x789ee0009bc0] Missing Sequence Header.
[av1 @ 0x789ee0009bc0] Missing Sequence Header.
[av1 @ 0x789ee0009bc0] Missing Sequence Header.
[av1 @ 0x789ee0009bc0] Missing Sequence Header.
[av1 @ 0x789ee0009bc0] Missing Sequence Header.
[av1 @ 0x789ee0009bc0] Missing Sequence Header.
[av1 @ 0x789ee0009bc0] Missing Sequence Header.
[av1 @ 0x789ee0009bc0] Missing Sequence Header.
[av1 @ 0x789ee0009bc0] Missing Sequence Header.
[av1 @ 0x789ee0009bc0] Missing Sequence Header.
[av1 @ 0x789ee0009bc0] Missing Sequence Header.
[av1 @ 0x789ee0009bc0] Missing Sequence Header.
[av1 @ 0x789ee0009bc0] Missing Sequence Header.
[av1 @ 0x789ee0009bc0] Missing Sequence Header.
[av1 @ 0x789ee0009bc0] Your platform doesn't suppport hardware accelerated AV1 decoding.
[av1 @ 0x789ee0009bc0] Failed to get pixel format.
[av1 @ 0x789ee0009bc0] Missing Sequence Header.
[av1 @ 0x789ee0009bc0] Missing Sequence Header.
[av1 @ 0x789ee0009bc0] Missing Sequence Header.
[av1 @ 0x789ee0009bc0] Missing Sequence Header.
[av1 @ 0x789ee0009bc0] Missing Sequence Header.
[av1 @ 0x789ee0009bc0] Missing Sequence Header.
[av1 @ 0x789ee0009bc0] Missing Sequence Header.
[av1 @ 0x789ee0009bc0] Missing Sequence Header.
[av1 @ 0x789ee0009bc0] Missing Sequence Header.
[av1 @ 0x789ee0009bc0] Missing Sequence Header.
[av1 @ 0x789ee0009bc0] Missing Sequence Header.
[av1 @ 0x789ee0009bc0] Missing Sequence Header.
[av1 @ 0x789ee0009bc0] Missing Sequence Header.
[av1 @ 0x789ee0009bc0] Missing Sequence Header.
[av1 @ 0x789ee0009bc0] Missing Sequence Header.
[av1 @ 0x789ee0009bc0] Missing Sequence Header.
[av1 @ 0x789ee0009bc0] Missing Sequence Header.
[av1 @ 0x789ee0009bc0] Missing Sequence Header.
[av1 @ 0x789ee0009bc0] Missing Sequence Header.
[av1 @ 0x789ee0009bc0] Missing Sequence Header.
[av1 @ 0x789ee0009bc0] Missing Sequence Header.
[av1 @ 0x789ee0009bc0] Missing Sequence Header.
[av1 @ 0x789ee0009bc0] Missing Sequence Header.
[av1 @ 0x789ee0009bc0] Missing Sequence Header.
[av1 @ 0x789ee00142c0] Your platform doesn't suppport hardware accelerated AV1 decoding.
[av1 @ 0x789ee00142c0] Failed to get pixel format.
[av1 @ 0x789ee8004900] Your platform doesn't suppport hardware accelerated AV1 decoding.
[av1 @ 0x789ee8004900] Failed to get pixel format.
[av1 @ 0x789ee8004900] Missing Sequence Header.
[av1 @ 0x789ee8004900] Missing Sequence Header.
[av1 @ 0x789ee8004900] Missing Sequence Header.
[av1 @ 0x789ee8004900] Missing Sequence Header.
[av1 @ 0x789ee8004900] Missing Sequence Header.
[av1 @ 0x789ee8004900] Missing Sequence Header.
[av1 @ 0x789ee8004900] Missing Sequence Header.
[av1 @ 0x789ee8004900] Missing Sequence Header.
[av1 @ 0x789ee8004900] Missing Sequence Header.
[av1 @ 0x789ee8004900] Missing Sequence Header.
[av1 @ 0x789ee8004900] Missing Sequence Header.
[av1 @ 0x789ee8004900] Missing Sequence Header.
[av1 @ 0x789ee8004900] Missing Sequence Header.
[av1 @ 0x789ee8004900] Missing Sequence Header.
[av1 @ 0x789ee8004900] Missing Sequence Header.
[av1 @ 0x789ee8004900] Missing Sequence Header.
[av1 @ 0x789ee8004900] Missing Sequence Header.
[av1 @ 0x789ee8004900] Missing Sequence Header.
[av1 @ 0x789ee8004900] Missing Sequence Header.
[av1 @ 0x789ee8004900] Missing Sequence Header.
[av1 @ 0x789ee8004900] Missing Sequence Header.
[av1 @ 0x789ee8004900] Missing Sequence Header.
[av1 @ 0x789ee8004900] Missing Sequence Header.
[av1 @ 0x789ee8004900] Missing Sequence Header.
[av1 @ 0x789ee8004900] Missing Sequence Header.
[av1 @ 0x789ee8004900] Missing Sequence Header.
[av1 @ 0x789ee8004900] Missing Sequence Header.
[av1 @ 0x789ee8004900] Missing Sequence Header.
[av1 @ 0x789ee8004900] Missing Sequence Header.
[av1 @ 0x789ee8004900] Missing Sequence Header.
[av1 @ 0x789ee8004900] Missing Sequence Header.
[av1 @ 0x789ee8004900] Missing Sequence Header.
[av1 @ 0x789ee8004900] Missing Sequence Header.
[av1 @ 0x789ee8004900] Missing Sequence Header.
[av1 @ 0x789ee8004900] Missing Sequence Header.
[av1 @ 0x789ee8004900] Missing Sequence Header.
[av1 @ 0x789ee8004900] Missing Sequence Header.
[av1 @ 0x789ee8004900] Missing Sequence Header.
[av1 @ 0x789ee8004900] Missing Sequence Header.
[av1 @ 0x789ee8004900] Missing Sequence Header.
[av1 @ 0x789ee8004900] Missing Sequence Header.
[av1 @ 0x789ee8004900] Missing Sequence Header.
[av1 @ 0x789ee8004900] Missing Sequence Header.
[av1 @ 0x789ee8004900] Missing Sequence Header.
[av1 @ 0x789ee8004900] Missing Sequence Header.
[av1 @ 0x789ee8004900] Missing Sequence Header.
[av1 @ 0x789ee8004900] Missing Sequence Header.
[av1 @ 0x789ee8004900] Missing Sequence Header.
[av1 @ 0x789ee8004900] Missing Sequence Header.
[av1 @ 0x789ee8004900] Missing Sequence Header.
[av1 @ 0x789ee8004900] Missing Sequence Header.
[av1 @ 0x789ee8004900] Missing Sequence Header.
[av1 @ 0x789ee8004900] Missing Sequence Header.
[av1 @ 0x789ee8004900] Missing Sequence Header.
[av1 @ 0x789ee8004900] Missing Sequence Header.
[av1 @ 0x789ee8004900] Missing Sequence Header.
[av1 @ 0x789ee8004900] Missing Sequence Header.
[av1 @ 0x789ee8004900] Missing Sequence Header.
[av1 @ 0x789ee8004900] Missing Sequence Header.
[av1 @ 0x789ee8004900] Missing Sequence Header.
[av1 @ 0x789ee8004900] Missing Sequence Header.
[av1 @ 0x789ee8004900] Missing Sequence Header.
[av1 @ 0x789ee8004900] Missing Sequence Header.
[av1 @ 0x789ee8004900] Missing Sequence Header.
[av1 @ 0x789ee8004900] Missing Sequence Header.
[av1 @ 0x789ee8004900] Missing Sequence Header.
[av1 @ 0x789ee8004900] Missing Sequence Header.
[av1 @ 0x789ee8004900] Missing Sequence Header.
[av1 @ 0x789ee8004900] Missing Sequence Header.
[av1 @ 0x789ee8004900] Missing Sequence Header.
[av1 @ 0x789ee8004900] Missing Sequence Header.
[av1 @ 0x789ee8004900] Missing Sequence Header.
[av1 @ 0x789ee8004900] Missing Sequence Header.
[av1 @ 0x789ee8004900] Missing Sequence Header.
[av1 @ 0x789ee8004900] Missing Sequence Header.
[av1 @ 0x789ee8004900] Missing Sequence Header.
[av1 @ 0x789ee8004900] Missing Sequence Header.
[av1 @ 0x789ee8004900] Missing Sequence Header.
[av1 @ 0x789ee8004900] Missing Sequence Header.
[av1 @ 0x789ee8004900] Missing Sequence Header.
[av1 @ 0x789ee8004900] Missing Sequence Header.
[av1 @ 0x789ee8004900] Missing Sequence Header.
[av1 @ 0x789ee8004900] Missing Sequence Header.
[av1 @ 0x789ee8004900] Missing Sequence Header.
[av1 @ 0x789ee8004900] Missing Sequence Header.
[av1 @ 0x789ee8004900] Missing Sequence Header.
[av1 @ 0x789ee8004900] Missing Sequence Header.
[av1 @ 0x789ee8004900] Missing Sequence Header.
[av1 @ 0x789ee8004900] Missing Sequence Header.
[av1 @ 0x789ee8004900] Missing Sequence Header.
[av1 @ 0x789ee8004900] Missing Sequence Header.
[av1 @ 0x789ee8004900] Missing Sequence Header.
[av1 @ 0x789ee8004900] Your platform doesn't suppport hardware accelerated AV1 decoding.
[av1 @ 0x789ee8004900] Failed to get pixel format.
[av1 @ 0x789ee8004900] Missing Sequence Header.
[av1 @ 0x789ee8004900] Missing Sequence Header.
[av1 @ 0x789ee8004900] Missing Sequence Header.
[av1 @ 0x789ee8004900] Missing Sequence Header.
[av1 @ 0x789ee8004900] Missing Sequence Header.
[av1 @ 0x789ee8004900] Missing Sequence Header.
[av1 @ 0x789ee8004900] Missing Sequence Header.
[av1 @ 0x789ee8004900] Missing Sequence Header.
[av1 @ 0x789ee8004900] Missing Sequence Header.
[av1 @ 0x789ee8004900] Missing Sequence Header.
[av1 @ 0x789ee8004900] Missing Sequence Header.
[av1 @ 0x789ee8004900] Missing Sequence Header.
[av1 @ 0x789ee8004900] Missing Sequence Header.
[av1 @ 0x789ee8004900] Your platform doesn't suppport hardware accelerated AV1 decoding.
[av1 @ 0x789ee8004900] Failed to get pixel format.
[av1 @ 0x789ee8004900] Your platform doesn't suppport hardware accelerated AV1 decoding.
[av1 @ 0x789ee8004900] Failed to get pixel format.
[av1 @ 0x789ee8004900] Missing Sequence Header.
[av1 @ 0x789ee8004900] Missing Sequence Header.
[av1 @ 0x789ee8004900] Missing Sequence Header.
[av1 @ 0x789ee8004900] Missing Sequence Header.
[av1 @ 0x789ee8004900] Missing Sequence Header.
[av1 @ 0x789ee8004900] Missing Sequence Header.
[av1 @ 0x789ee8004900] Missing Sequence Header.
[av1 @ 0x789ee8004900] Missing Sequence Header.
[av1 @ 0x789ee8004900] Missing Sequence Header.
[av1 @ 0x789ee8004900] Missing Sequence Header.
[av1 @ 0x789ee8004900] Missing Sequence Header.
[av1 @ 0x789ee8004900] Missing Sequence Header.
[av1 @ 0x789ee8004900] Missing Sequence Header.
[av1 @ 0x789ee8004900] Missing Sequence Header.
[av1 @ 0x789ee8004900] Missing Sequence Header.
[av1 @ 0x789ee8004900] Missing Sequence Header.
[av1 @ 0x789ee8004900] Missing Sequence Header.
[av1 @ 0x789ee8004900] Missing Sequence Header.
[av1 @ 0x789ee8004900] Missing Sequence Header.
[av1 @ 0x789ee8004900] Missing Sequence Header.
[av1 @ 0x789ee8004900] Missing Sequence Header.
[av1 @ 0x789ee8004900] Missing Sequence Header.
[av1 @ 0x789ee8004900] Missing Sequence Header.
[av1 @ 0x789ee8004900] Missing Sequence Header.
[av1 @ 0x789ee8004900] Missing Sequence Header.
[av1 @ 0x789ee8004900] Missing Sequence Header.
[av1 @ 0x789ee8004900] Missing Sequence Header.
[av1 @ 0x789ee8004900] Missing Sequence Header.
[av1 @ 0x789ee8004900] Missing Sequence Header.
[av1 @ 0x789ee8004900] Missing Sequence Header.
[av1 @ 0x789ee8004900] Missing Sequence Header.
[av1 @ 0x789ee8004900] Missing Sequence Header.
[av1 @ 0x789ee8004900] Missing Sequence Header.
[av1 @ 0x789ee8004900] Missing Sequence Header.
[av1 @ 0x789ee8004900] Missing Sequence Header.
[av1 @ 0x789ee8004900] Missing Sequence Header.
[av1 @ 0x789ee8004900] Missing Sequence Header.
[av1 @ 0x789ee8004900] Missing Sequence Header.
[av1 @ 0x789ee8004900] Missing Sequence Header.
[av1 @ 0x789ee8004900] Missing Sequence Header.
[av1 @ 0x789ee8004900] Missing Sequence Header.
[av1 @ 0x789ee8004900] Missing Sequence Header.
[av1 @ 0x789ee8130800] Your platform doesn't suppport hardware accelerated AV1 decoding.
[av1 @ 0x789ee8130800] Failed to get pixel format.
[av1 @ 0x789ee4002740] Your platform doesn't suppport hardware accelerated AV1 decoding.
[av1 @ 0x789ee4002740] Failed to get pixel format.
[av1 @ 0x789ee4002740] Missing Sequence Header.
[av1 @ 0x789ee4002740] Missing Sequence Header.
[av1 @ 0x789ee4002740] Missing Sequence Header.
[av1 @ 0x789ee4002740] Missing Sequence Header.
[av1 @ 0x789ee4002740] Missing Sequence Header.
[av1 @ 0x789ee4002740] Missing Sequence Header.
[av1 @ 0x789ee4002740] Missing Sequence Header.
[av1 @ 0x789ee4002740] Missing Sequence Header.
[av1 @ 0x789ee4002740] Missing Sequence Header.
[av1 @ 0x789ee4002740] Missing Sequence Header.
[av1 @ 0x789ee4002740] Missing Sequence Header.
[av1 @ 0x789ee4002740] Missing Sequence Header.
[av1 @ 0x789ee4002740] Missing Sequence Header.
[av1 @ 0x789ee4002740] Missing Sequence Header.
[av1 @ 0x789ee4002740] Missing Sequence Header.
[av1 @ 0x789ee4002740] Missing Sequence Header.
[av1 @ 0x789ee4002740] Missing Sequence Header.
[av1 @ 0x789ee4002740] Missing Sequence Header.
[av1 @ 0x789ee4002740] Missing Sequence Header.
[av1 @ 0x789ee4002740] Missing Sequence Header.
[av1 @ 0x789ee4002740] Missing Sequence Header.
[av1 @ 0x789ee4002740] Missing Sequence Header.
[av1 @ 0x789ee4002740] Missing Sequence Header.
[av1 @ 0x789ee4002740] Missing Sequence Header.
[av1 @ 0x789ee4002740] Missing Sequence Header.
[av1 @ 0x789ee4002740] Missing Sequence Header.
[av1 @ 0x789ee4002740] Missing Sequence Header.
[av1 @ 0x789ee4002740] Missing Sequence Header.
[av1 @ 0x789ee4002740] Missing Sequence Header.
[av1 @ 0x789ee4002740] Missing Sequence Header.
[av1 @ 0x789ee4002740] Missing Sequence Header.
[av1 @ 0x789ee4002740] Missing Sequence Header.
[av1 @ 0x789ee4002740] Missing Sequence Header.
[av1 @ 0x789ee4002740] Missing Sequence Header.
[av1 @ 0x789ee4002740] Missing Sequence Header.
[av1 @ 0x789ee4002740] Missing Sequence Header.
[av1 @ 0x789ee4002740] Missing Sequence Header.
[av1 @ 0x789ee4002740] Missing Sequence Header.
[av1 @ 0x789ee4002740] Missing Sequence Header.
[av1 @ 0x789ee4002740] Missing Sequence Header.
[av1 @ 0x789ee4002740] Missing Sequence Header.
[av1 @ 0x789ee4002740] Missing Sequence Header.
[av1 @ 0x789ee4002740] Missing Sequence Header.
[av1 @ 0x789ee4002740] Missing Sequence Header.
[av1 @ 0x789ee4002740] Missing Sequence Header.
[av1 @ 0x789ee4002740] Missing Sequence Header.
[av1 @ 0x789ee4002740] Missing Sequence Header.
[av1 @ 0x789ee4002740] Missing Sequence Header.
[av1 @ 0x789ee4002740] Missing Sequence Header.
[av1 @ 0x789ee4002740] Missing Sequence Header.
[av1 @ 0x789ee4002740] Missing Sequence Header.
[av1 @ 0x789ee4002740] Missing Sequence Header.
[av1 @ 0x789ee4002740] Missing Sequence Header.
[av1 @ 0x789ee4002740] Missing Sequence Header.
[av1 @ 0x789ee4002740] Missing Sequence Header.
[av1 @ 0x789ee4002740] Missing Sequence Header.
[av1 @ 0x789ee4002740] Missing Sequence Header.
[av1 @ 0x789ee4002740] Missing Sequence Header.
[av1 @ 0x789ee4002740] Missing Sequence Header.
[av1 @ 0x789ee4002740] Missing Sequence Header.
[av1 @ 0x789ee4002740] Missing Sequence Header.
[av1 @ 0x789ee4002740] Missing Sequence Header.
[av1 @ 0x789ee4002740] Missing Sequence Header.
[av1 @ 0x789ee4002740] Missing Sequence Header.
[av1 @ 0x789ee4002740] Missing Sequence Header.
[av1 @ 0x789ee4002740] Missing Sequence Header.
[av1 @ 0x789ee4002740] Missing Sequence Header.
[av1 @ 0x789ee4002740] Missing Sequence Header.
[av1 @ 0x789ee4002740] Missing Sequence Header.
[av1 @ 0x789ee4002740] Missing Sequence Header.
[av1 @ 0x789ee4002740] Missing Sequence Header.
[av1 @ 0x789ee4002740] Missing Sequence Header.
[av1 @ 0x789ee4002740] Missing Sequence Header.
[av1 @ 0x789ee4002740] Missing Sequence Header.
[av1 @ 0x789ee4002740] Missing Sequence Header.
[av1 @ 0x789ee4002740] Missing Sequence Header.
[av1 @ 0x789ee4002740] Missing Sequence Header.
[av1 @ 0x789ee4002740] Missing Sequence Header.
[av1 @ 0x789ee4002740] Missing Sequence Header.
[av1 @ 0x789ee4002740] Missing Sequence Header.
[av1 @ 0x789ee4002740] Missing Sequence Header.
[av1 @ 0x789ee4002740] Missing Sequence Header.
[av1 @ 0x789ee4002740] Missing Sequence Header.
[av1 @ 0x789ee4002740] Missing Sequence Header.
[av1 @ 0x789ee4002740] Missing Sequence Header.
[av1 @ 0x789ee4002740] Missing Sequence Header.
[av1 @ 0x789ee4002740] Missing Sequence Header.
[av1 @ 0x789ee4002740] Missing Sequence Header.
[av1 @ 0x789ee4002740] Missing Sequence Header.
[av1 @ 0x789ee4002740] Missing Sequence Header.
[av1 @ 0x789ee4002740] Missing Sequence Header.
[av1 @ 0x789ee4002740] Missing Sequence Header.
[av1 @ 0x789ee4002740] Missing Sequence Header.
[av1 @ 0x789ee4002740] Missing Sequence Header.
[av1 @ 0x789ee4002740] Missing Sequence Header.
[av1 @ 0x789ee4002740] Missing Sequence Header.
[av1 @ 0x789ee4002740] Missing Sequence Header.
[av1 @ 0x789ee4002740] Missing Sequence Header.
[av1 @ 0x789ee4002740] Missing Sequence Header.
[av1 @ 0x789ee4002740] Missing Sequence Header.
[av1 @ 0x789ee4002740] Missing Sequence Header.
[av1 @ 0x789ee4002740] Missing Sequence Header.
[av1 @ 0x789ee4002740] Missing Sequence Header.
[av1 @ 0x789ee4002740] Missing Sequence Header.
[av1 @ 0x789ee4002740] Missing Sequence Header.
[av1 @ 0x789ee4002740] Missing Sequence Header.
[av1 @ 0x789ee4002740] Missing Sequence Header.
[av1 @ 0x789ee4002740] Missing Sequence Header.
[av1 @ 0x789ee4002740] Missing Sequence Header.
[av1 @ 0x789ee4002740] Missing Sequence Header.
[av1 @ 0x789ee4002740] Missing Sequence Header.
[av1 @ 0x789ee4002740] Missing Sequence Header.
[av1 @ 0x789ee4002740] Missing Sequence Header.
[av1 @ 0x789ee4002740] Missing Sequence Header.
[av1 @ 0x789ee4002740] Missing Sequence Header.
[av1 @ 0x789ee4002740] Missing Sequence Header.
[av1 @ 0x789ee4002740] Missing Sequence Header.
[av1 @ 0x789ee4002740] Missing Sequence Header.
[av1 @ 0x789ee4002740] Missing Sequence Header.
[av1 @ 0x789ee4002740] Missing Sequence Header.
[av1 @ 0x789ee4002740] Missing Sequence Header.
[av1 @ 0x789ee4002740] Missing Sequence Header.
[av1 @ 0x789ee4002740] Missing Sequence Header.
[av1 @ 0x789ee4002740] Missing Sequence Header.
[av1 @ 0x789ee4002740] Missing Sequence Header.
[av1 @ 0x789ee4002740] Missing Sequence Header.
[av1 @ 0x789ee4002740] Missing Sequence Header.
[av1 @ 0x789ee4002740] Missing Sequence Header.
[av1 @ 0x789ee4002740] Missing Sequence Header.
[av1 @ 0x789ee4002740] Missing Sequence Header.
[av1 @ 0x789ee4002740] Missing Sequence Header.
[av1 @ 0x789ee4002740] Missing Sequence Header.
[av1 @ 0x789ee4002740] Missing Sequence Header.
[av1 @ 0x789ee4002740] Missing Sequence Header.
[av1 @ 0x789ee4002740] Missing Sequence Header.
[av1 @ 0x789ee4002740] Missing Sequence Header.
[av1 @ 0x789ee4002740] Missing Sequence Header.
[av1 @ 0x789ee4002740] Missing Sequence Header.
[av1 @ 0x789ee4002740] Missing Sequence Header.
[av1 @ 0x789ee4002740] Missing Sequence Header.
[av1 @ 0x789ee4002740] Missing Sequence Header.
[av1 @ 0x789ee4002740] Missing Sequence Header.
[av1 @ 0x789ee4002740] Missing Sequence Header.
[av1 @ 0x789ee4002740] Missing Sequence Header.
[av1 @ 0x789ee4002740] Missing Sequence Header.
[av1 @ 0x789ee4002740] Missing Sequence Header.
[av1 @ 0x789ee4002740] Missing Sequence Header.
[av1 @ 0x789ee4002740] Missing Sequence Header.
[av1 @ 0x789ee4002740] Missing Sequence Header.
[av1 @ 0x789ee4017dc0] Your platform doesn't suppport hardware accelerated AV1 decoding.
[av1 @ 0x789ee4017dc0] Failed to get pixel format.
[av1 @ 0x789ee4002740] Your platform doesn't suppport hardware accelerated AV1 decoding.
[av1 @ 0x789ee4002740] Failed to get pixel format.
[av1 @ 0x789ee4002740] Missing Sequence Header.
[av1 @ 0x789ee4002740] Missing Sequence Header.
[av1 @ 0x789ee4002740] Missing Sequence Header.
[av1 @ 0x789ee4002740] Missing Sequence Header.
[av1 @ 0x789ee4002740] Missing Sequence Header.
[av1 @ 0x789ee4002740] Missing Sequence Header.
[av1 @ 0x789ee4002740] Missing Sequence Header.
[av1 @ 0x789ee4002740] Missing Sequence Header.
[av1 @ 0x789ee4002740] Missing Sequence Header.
[av1 @ 0x789ee4002740] Missing Sequence Header.
[av1 @ 0x789ee4002740] Missing Sequence Header.
[av1 @ 0x789ee4002740] Missing Sequence Header.
[av1 @ 0x789ee4002740] Missing Sequence Header.
[av1 @ 0x789ee4002740] Missing Sequence Header.
[av1 @ 0x789ee4002740] Missing Sequence Header.
[av1 @ 0x789ee4002740] Missing Sequence Header.
[av1 @ 0x789ee4002740] Missing Sequence Header.
[av1 @ 0x789ee4002740] Missing Sequence Header.
[av1 @ 0x789ee4002740] Missing Sequence Header.
[av1 @ 0x789ee4002740] Missing Sequence Header.
[av1 @ 0x789ee4002740] Missing Sequence Header.
[av1 @ 0x789ee4002740] Missing Sequence Header.
[av1 @ 0x789ee4002740] Missing Sequence Header.
[av1 @ 0x789ee4002740] Missing Sequence Header.
[av1 @ 0x789ee4002740] Missing Sequence Header.
[av1 @ 0x789ee4002740] Missing Sequence Header.
[av1 @ 0x789ee4002740] Missing Sequence Header.
[av1 @ 0x789ee4002740] Missing Sequence Header.
[av1 @ 0x789ee4002740] Missing Sequence Header.
[av1 @ 0x789ee4002740] Missing Sequence Header.
[av1 @ 0x789ee4002740] Missing Sequence Header.
[av1 @ 0x789ee4002740] Missing Sequence Header.
[av1 @ 0x789ee4002740] Missing Sequence Header.
[av1 @ 0x789ee4002740] Missing Sequence Header.
[av1 @ 0x789ee4002740] Missing Sequence Header.
[av1 @ 0x789ee4002740] Missing Sequence Header.
[av1 @ 0x789ee4002740] Missing Sequence Header.
[av1 @ 0x789ee4002740] Missing Sequence Header.
[av1 @ 0x789ee4002740] Missing Sequence Header.
[av1 @ 0x789ee4002740] Missing Sequence Header.
[av1 @ 0x789ee4002740] Missing Sequence Header.
[av1 @ 0x789ee4002740] Missing Sequence Header.
[av1 @ 0x789ee4002740] Missing Sequence Header.
[av1 @ 0x789ee4002740] Missing Sequence Header.
[av1 @ 0x789ee4002740] Missing Sequence Header.
[av1 @ 0x789ee4002740] Missing Sequence Header.
[av1 @ 0x789ee4002740] Missing Sequence Header.
[av1 @ 0x789ee4002740] Missing Sequence Header.
[av1 @ 0x789ee4002740] Missing Sequence Header.
[av1 @ 0x789ee4002740] Missing Sequence Header.
[av1 @ 0x789ee4002740] Missing Sequence Header.
[av1 @ 0x789ee4002740] Missing Sequence Header.
[av1 @ 0x789ee4002740] Missing Sequence Header.
[av1 @ 0x789ee4002740] Missing Sequence Header.
[av1 @ 0x789ee4002740] Missing Sequence Header.
[av1 @ 0x789ee4002740] Missing Sequence Header.
[av1 @ 0x789ee4002740] Missing Sequence Header.
[av1 @ 0x789ee4002740] Missing Sequence Header.
[av1 @ 0x789ee4002740] Missing Sequence Header.
[av1 @ 0x789ee4002740] Missing Sequence Header.
[av1 @ 0x789ee4002740] Missing Sequence Header.
[av1 @ 0x789ee4002740] Missing Sequence Header.
[av1 @ 0x789ee4002740] Missing Sequence Header.
[av1 @ 0x789ee4002740] Missing Sequence Header.
[av1 @ 0x789ee4002740] Missing Sequence Header.
[av1 @ 0x789ee4002740] Missing Sequence Header.
[av1 @ 0x789ee4002740] Missing Sequence Header.
[av1 @ 0x789ee4002740] Missing Sequence Header.
[av1 @ 0x789ee4002740] Missing Sequence Header.
[av1 @ 0x789ee4002740] Missing Sequence Header.
[av1 @ 0x789ee4002740] Missing Sequence Header.
[av1 @ 0x789ee4002740] Missing Sequence Header.
[av1 @ 0x789ee4002740] Missing Sequence Header.
[av1 @ 0x789ee4002740] Missing Sequence Header.
[av1 @ 0x789ee4002740] Missing Sequence Header.
[av1 @ 0x789ee4002740] Missing Sequence Header.
[av1 @ 0x789ee4002740] Missing Sequence Header.
[av1 @ 0x789ee4002740] Missing Sequence Header.
[av1 @ 0x789ee4002740] Missing Sequence Header.
[av1 @ 0x789ee4002740] Missing Sequence Header.
[av1 @ 0x789ee4002740] Missing Sequence Header.
[av1 @ 0x789ee4002740] Missing Sequence Header.
[av1 @ 0x789ee4002740] Missing Sequence Header.
[av1 @ 0x789ee4002740] Missing Sequence Header.
[av1 @ 0x789ee4002740] Missing Sequence Header.
[av1 @ 0x789ee4002740] Missing Sequence Header.
[av1 @ 0x789ee4002740] Missing Sequence Header.
[av1 @ 0x789ee4002740] Missing Sequence Header.
[av1 @ 0x789ee4002740] Missing Sequence Header.
[av1 @ 0x789ee4002740] Missing Sequence Header.
[av1 @ 0x789ee4002740] Missing Sequence Header.
[av1 @ 0x789ee4002740] Missing Sequence Header.
[av1 @ 0x789ee4002740] Missing Sequence Header.
[av1 @ 0x789ee4002740] Missing Sequence Header.
[av1 @ 0x789ee4002740] Your platform doesn't suppport hardware accelerated AV1 decoding.
[av1 @ 0x789ee4002740] Failed to get pixel format.
[av1 @ 0x789ee4002740] Missing Sequence Header.
[av1 @ 0x789ee4002740] Missing Sequence Header.
[av1 @ 0x789ee4002740] Missing Sequence Header.
[av1 @ 0x789ee4002740] Missing Sequence Header.
[av1 @ 0x789ee4002740] Missing Sequence Header.
[av1 @ 0x789ee4002740] Missing Sequence Header.
[av1 @ 0x789ee4002740] Missing Sequence Header.
[av1 @ 0x789ee4002740] Missing Sequence Header.
[av1 @ 0x789ee4002740] Missing Sequence Header.
[av1 @ 0x789ee4002740] Missing Sequence Header.
[av1 @ 0x789ee4002740] Missing Sequence Header.
[av1 @ 0x789ee4002740] Missing Sequence Header.
[av1 @ 0x789ee4002740] Missing Sequence Header.
[av1 @ 0x789ee4002740] Missing Sequence Header.
[av1 @ 0x789ee4002740] Missing Sequence Header.
[av1 @ 0x789ee4002740] Missing Sequence Header.
[av1 @ 0x789ee4002740] Missing Sequence Header.
[av1 @ 0x789ee4002740] Missing Sequence Header.
[av1 @ 0x789ee4002740] Missing Sequence Header.
[av1 @ 0x789ee4002740] Missing Sequence Header.
[av1 @ 0x789ee4002740] Missing Sequence Header.
[av1 @ 0x789ee4002740] Missing Sequence Header.
[av1 @ 0x789ee4002740] Missing Sequence Header.
[av1 @ 0x789ee4002740] Missing Sequence Header.
[av1 @ 0x789ee4002740] Missing Sequence Header.
[av1 @ 0x789ee4002740] Missing Sequence Header.
[av1 @ 0x789ee4002740] Missing Sequence Header.
[av1 @ 0x789ee4002740] Missing Sequence Header.
[av1 @ 0x789ee4002740] Missing Sequence Header.
[av1 @ 0x789ee4002740] Missing Sequence Header.
[av1 @ 0x789ee4002740] Missing Sequence Header.
[av1 @ 0x789ee4002740] Missing Sequence Header.
[av1 @ 0x789ee4002740] Missing Sequence Header.
[av1 @ 0x789ee4002740] Missing Sequence Header.
[av1 @ 0x789ee4002740] Missing Sequence Header.
[av1 @ 0x789ee4002740] Missing Sequence Header.
[av1 @ 0x789ee4002740] Missing Sequence Header.
[av1 @ 0x789ee4002740] Missing Sequence Header.
[av1 @ 0x789ee4002740] Missing Sequence Header.
[av1 @ 0x789ee4002740] Missing Sequence Header.
[av1 @ 0x789ee4002740] Missing Sequence Header.
[av1 @ 0x789ee4002740] Missing Sequence Header.
[av1 @ 0x789ee4002740] Missing Sequence Header.
[av1 @ 0x789ee4002740] Missing Sequence Header.
[av1 @ 0x789ee4002740] Missing Sequence Header.
[av1 @ 0x789ee4002740] Missing Sequence Header.
[av1 @ 0x789ee4002740] Missing Sequence Header.
[av1 @ 0x789ee4002740] Missing Sequence Header.
[av1 @ 0x789ee4002740] Missing Sequence Header.
[av1 @ 0x789ee4002740] Missing Sequence Header.
[av1 @ 0x789ee4002740] Missing Sequence Header.
[av1 @ 0x789ee4002740] Missing Sequence Header.
[av1 @ 0x789ee4002740] Missing Sequence Header.
[av1 @ 0x789ee4002740] Missing Sequence Header.
[av1 @ 0x789ee4017dc0] Your platform doesn't suppport hardware accelerated AV1 decoding.
[av1 @ 0x789ee4017dc0] Failed to get pixel format.
[av1 @ 0x789ee400a1c0] Your platform doesn't suppport hardware accelerated AV1 decoding.
[av1 @ 0x789ee400a1c0] Failed to get pixel format.
[av1 @ 0x789ee400a1c0] Missing Sequence Header.
[av1 @ 0x789ee400a1c0] Missing Sequence Header.
[av1 @ 0x789ee400a1c0] Missing Sequence Header.
[av1 @ 0x789ee400a1c0] Missing Sequence Header.
[av1 @ 0x789ee400a1c0] Missing Sequence Header.
[av1 @ 0x789ee400a1c0] Missing Sequence Header.
[av1 @ 0x789ee400a1c0] Missing Sequence Header.
[av1 @ 0x789ee400a1c0] Missing Sequence Header.
[av1 @ 0x789ee400a1c0] Missing Sequence Header.
[av1 @ 0x789ee400a1c0] Missing Sequence Header.
[av1 @ 0x789ee400a1c0] Missing Sequence Header.
[av1 @ 0x789ee400a1c0] Missing Sequence Header.
[av1 @ 0x789ee400a1c0] Missing Sequence Header.
[av1 @ 0x789ee400a1c0] Missing Sequence Header.
[av1 @ 0x789ee400a1c0] Missing Sequence Header.
[av1 @ 0x789ee400a1c0] Missing Sequence Header.
[av1 @ 0x789ee400a1c0] Missing Sequence Header.
[av1 @ 0x789ee400a1c0] Missing Sequence Header.
[av1 @ 0x789ee400a1c0] Missing Sequence Header.
[av1 @ 0x789ee400a1c0] Missing Sequence Header.
[av1 @ 0x789ee400a1c0] Missing Sequence Header.
[av1 @ 0x789ee400a1c0] Missing Sequence Header.
[av1 @ 0x789ee400a1c0] Missing Sequence Header.
[av1 @ 0x789ee400a1c0] Missing Sequence Header.
[av1 @ 0x789ee400a1c0] Missing Sequence Header.
[av1 @ 0x789ee400a1c0] Missing Sequence Header.
[av1 @ 0x789ee400a1c0] Missing Sequence Header.
[av1 @ 0x789ee400a1c0] Missing Sequence Header.
[av1 @ 0x789ee400a1c0] Missing Sequence Header.
[av1 @ 0x789ee400a1c0] Missing Sequence Header.
[av1 @ 0x789ee400a1c0] Missing Sequence Header.
[av1 @ 0x789ee400a1c0] Missing Sequence Header.
[av1 @ 0x789ee400a1c0] Missing Sequence Header.
[av1 @ 0x789ee400a1c0] Missing Sequence Header.
[av1 @ 0x789ee400a1c0] Missing Sequence Header.
[av1 @ 0x789ee400a1c0] Missing Sequence Header.
[av1 @ 0x789ee400a1c0] Missing Sequence Header.
[av1 @ 0x789ee400a1c0] Missing Sequence Header.
[av1 @ 0x789ee400a1c0] Missing Sequence Header.
[av1 @ 0x789ee400a1c0] Missing Sequence Header.
[av1 @ 0x789ee400a1c0] Missing Sequence Header.
[av1 @ 0x789ee400a1c0] Missing Sequence Header.
[av1 @ 0x789ee400a1c0] Missing Sequence Header.
[av1 @ 0x789ee400a1c0] Missing Sequence Header.
[av1 @ 0x789ee400a1c0] Missing Sequence Header.
[av1 @ 0x789ee400a1c0] Missing Sequence Header.
[av1 @ 0x789ee400a1c0] Missing Sequence Header.
[av1 @ 0x789ee400a1c0] Missing Sequence Header.
[av1 @ 0x789ee400a1c0] Missing Sequence Header.
[av1 @ 0x789ee400a1c0] Missing Sequence Header.
[av1 @ 0x789ee400a1c0] Missing Sequence Header.
[av1 @ 0x789ee400a1c0] Missing Sequence Header.
[av1 @ 0x789ee400a1c0] Missing Sequence Header.
[av1 @ 0x789ee400a1c0] Missing Sequence Header.
[av1 @ 0x789ee400a1c0] Missing Sequence Header.
[av1 @ 0x789ee400a1c0] Missing Sequence Header.
[av1 @ 0x789ee400a1c0] Missing Sequence Header.
[av1 @ 0x789ee400a1c0] Missing Sequence Header.
[av1 @ 0x789ee400a1c0] Missing Sequence Header.
[av1 @ 0x789ee400a1c0] Missing Sequence Header.
[av1 @ 0x789ee400a1c0] Missing Sequence Header.
[av1 @ 0x789ee400a1c0] Missing Sequence Header.
[av1 @ 0x789ee400a1c0] Missing Sequence Header.
[av1 @ 0x789ee400a1c0] Missing Sequence Header.
[av1 @ 0x789ee400a1c0] Missing Sequence Header.
[av1 @ 0x789ee400a1c0] Missing Sequence Header.
[av1 @ 0x789ee400a1c0] Missing Sequence Header.
[av1 @ 0x789ee400a1c0] Missing Sequence Header.
[av1 @ 0x789ee400a1c0] Missing Sequence Header.
[av1 @ 0x789ee400a1c0] Missing Sequence Header.
[av1 @ 0x789ee400a1c0] Missing Sequence Header.
[av1 @ 0x789ee400a1c0] Missing Sequence Header.
[av1 @ 0x789ee400a1c0] Missing Sequence Header.
[av1 @ 0x789ee400a1c0] Missing Sequence Header.
[av1 @ 0x789ee400a1c0] Missing Sequence Header.
[av1 @ 0x789ee400a1c0] Missing Sequence Header.
[av1 @ 0x789ee400a1c0] Missing Sequence Header.
[av1 @ 0x789ee400a1c0] Missing Sequence Header.
[av1 @ 0x789ee400a1c0] Missing Sequence Header.
[av1 @ 0x789ee400a1c0] Missing Sequence Header.
[av1 @ 0x789ee400a1c0] Missing Sequence Header.
[av1 @ 0x789ee400a1c0] Missing Sequence Header.
[av1 @ 0x789ee400a1c0] Missing Sequence Header.
[av1 @ 0x789ee400a1c0] Missing Sequence Header.
[av1 @ 0x789ee400a1c0] Missing Sequence Header.
[av1 @ 0x789ee400a1c0] Missing Sequence Header.
[av1 @ 0x789ee400a1c0] Missing Sequence Header.
[av1 @ 0x789ee400a1c0] Missing Sequence Header.
[av1 @ 0x789ee400a1c0] Missing Sequence Header.
[av1 @ 0x789ee400a1c0] Missing Sequence Header.
[av1 @ 0x789ee400a1c0] Missing Sequence Header.
[av1 @ 0x789ee400a1c0] Missing Sequence Header.
[av1 @ 0x789ee400a1c0] Missing Sequence Header.
[av1 @ 0x789ee400a1c0] Missing Sequence Header.
[av1 @ 0x789ee400a1c0] Missing Sequence Header.
[av1 @ 0x789ee400a1c0] Missing Sequence Header.
[av1 @ 0x789ee400a1c0] Missing Sequence Header.
[av1 @ 0x789ee400a1c0] Missing Sequence Header.
[av1 @ 0x789ee400a1c0] Missing Sequence Header.
[av1 @ 0x789ee400a1c0] Missing Sequence Header.
[av1 @ 0x789ee400a1c0] Missing Sequence Header.
[av1 @ 0x789ee400a1c0] Missing Sequence Header.
[av1 @ 0x789ee400a1c0] Missing Sequence Header.
[av1 @ 0x789ee400a1c0] Missing Sequence Header.
[av1 @ 0x789ee400a1c0] Missing Sequence Header.
[av1 @ 0x789ee400a1c0] Missing Sequence Header.
[av1 @ 0x789ee400a1c0] Missing Sequence Header.
[av1 @ 0x789ee400a1c0] Missing Sequence Header.
[av1 @ 0x789ee400a1c0] Missing Sequence Header.
[av1 @ 0x789ee400a1c0] Missing Sequence Header.
[av1 @ 0x789ee400a1c0] Missing Sequence Header.
[av1 @ 0x789ee400a1c0] Missing Sequence Header.
[av1 @ 0x789ee400a1c0] Missing Sequence Header.
[av1 @ 0x789ee400a1c0] Missing Sequence Header.
[av1 @ 0x789ee400a1c0] Missing Sequence Header.
[av1 @ 0x789ee400a1c0] Missing Sequence Header.
[av1 @ 0x789ee400a1c0] Missing Sequence Header.
[av1 @ 0x789ee400a1c0] Missing Sequence Header.
[av1 @ 0x789ee400a1c0] Missing Sequence Header.
[av1 @ 0x789ee400a1c0] Missing Sequence Header.
[av1 @ 0x789ee400a1c0] Missing Sequence Header.
[av1 @ 0x789ee400a1c0] Missing Sequence Header.
[av1 @ 0x789ee400a1c0] Missing Sequence Header.
[av1 @ 0x789ee400a1c0] Missing Sequence Header.
[av1 @ 0x789ee400a1c0] Missing Sequence Header.
[av1 @ 0x789ee400a1c0] Missing Sequence Header.
[av1 @ 0x789ee400a1c0] Missing Sequence Header.
[av1 @ 0x789ee400a1c0] Missing Sequence Header.
[av1 @ 0x789ee400a1c0] Missing Sequence Header.
[av1 @ 0x789ee400a1c0] Missing Sequence Header.
[av1 @ 0x789ee400a1c0] Missing Sequence Header.
[av1 @ 0x789ee400a1c0] Missing Sequence Header.
[av1 @ 0x789ee400a1c0] Missing Sequence Header.
[av1 @ 0x789ee400a1c0] Missing Sequence Header.
[av1 @ 0x789ee400a1c0] Missing Sequence Header.
[av1 @ 0x789ee400a1c0] Missing Sequence Header.
[av1 @ 0x789ee400a1c0] Missing Sequence Header.
[av1 @ 0x789ee400a1c0] Missing Sequence Header.
[av1 @ 0x789ee400a1c0] Missing Sequence Header.
[av1 @ 0x789ee400a1c0] Missing Sequence Header.
[av1 @ 0x789ee400a1c0] Missing Sequence Header.
[av1 @ 0x789ee400a1c0] Your platform doesn't suppport hardware accelerated AV1 decoding.
[av1 @ 0x789ee400a1c0] Failed to get pixel format.
[av1 @ 0x789ee400a1c0] Missing Sequence Header.
[av1 @ 0x789ee400a1c0] Missing Sequence Header.
[av1 @ 0x789ee400a1c0] Missing Sequence Header.
[av1 @ 0x789ee400a1c0] Missing Sequence Header.
[av1 @ 0x789ee400a1c0] Missing Sequence Header.
[av1 @ 0x789ee400a1c0] Missing Sequence Header.
[av1 @ 0x789ee400a1c0] Missing Sequence Header.
[av1 @ 0x789ee400a1c0] Missing Sequence Header.
[av1 @ 0x789ee4017dc0] Your platform doesn't suppport hardware accelerated AV1 decoding.
[av1 @ 0x789ee4017dc0] Failed to get pixel format.
{"stage": "downloading", "time": "2026-10-05T07:50:14.543077+00:00", "requested": 1200, "completed": 20, "successful": 6}
[av1 @ 0x789ee0002500] Your platform doesn't suppport hardware accelerated AV1 decoding.
[av1 @ 0x789ee0002500] Failed to get pixel format.
[av1 @ 0x789ee0002500] Missing Sequence Header.
[av1 @ 0x789ee0002500] Missing Sequence Header.
[av1 @ 0x789ee0002500] Missing Sequence Header.
[av1 @ 0x789ee0002500] Missing Sequence Header.
[av1 @ 0x789ee0002500] Missing Sequence Header.
[av1 @ 0x789ee0002500] Missing Sequence Header.
[av1 @ 0x789ee0002500] Missing Sequence Header.
[av1 @ 0x789ee0002500] Missing Sequence Header.
[av1 @ 0x789ee0002500] Missing Sequence Header.
[av1 @ 0x789ee0002500] Missing Sequence Header.
[av1 @ 0x789ee0002500] Missing Sequence Header.
[av1 @ 0x789ee0002500] Missing Sequence Header.
[av1 @ 0x789ee0002500] Missing Sequence Header.
[av1 @ 0x789ee0002500] Missing Sequence Header.
[av1 @ 0x789ee0002500] Missing Sequence Header.
[av1 @ 0x789ee0002500] Missing Sequence Header.
[av1 @ 0x789ee0002500] Missing Sequence Header.
[av1 @ 0x789ee0002500] Missing Sequence Header.
[av1 @ 0x789ee0002500] Missing Sequence Header.
[av1 @ 0x789ee0002500] Missing Sequence Header.
[av1 @ 0x789ee0002500] Missing Sequence Header.
[av1 @ 0x789ee0002500] Missing Sequence Header.
[av1 @ 0x789ee0002500] Missing Sequence Header.
[av1 @ 0x789ee0002500] Missing Sequence Header.
[av1 @ 0x789ee0002500] Missing Sequence Header.
[av1 @ 0x789ee0002500] Missing Sequence Header.
[av1 @ 0x789ee0002500] Missing Sequence Header.
[av1 @ 0x789ee0002500] Missing Sequence Header.
[av1 @ 0x789ee0002500] Missing Sequence Header.
[av1 @ 0x789ee0002500] Missing Sequence Header.
[av1 @ 0x789ee0002500] Missing Sequence Header.
[av1 @ 0x789ee0002500] Missing Sequence Header.
[av1 @ 0x789ee0002500] Missing Sequence Header.
[av1 @ 0x789ee0002500] Missing Sequence Header.
[av1 @ 0x789ee0002500] Missing Sequence Header.
[av1 @ 0x789ee0002500] Missing Sequence Header.
[av1 @ 0x789ee0002500] Missing Sequence Header.
[av1 @ 0x789ee0002500] Missing Sequence Header.
[av1 @ 0x789ee0002500] Missing Sequence Header.
[av1 @ 0x789ee0002500] Missing Sequence Header.
[av1 @ 0x789ee0002500] Missing Sequence Header.
[av1 @ 0x789ee0002500] Missing Sequence Header.
[av1 @ 0x789ee0002500] Missing Sequence Header.
[av1 @ 0x789ee0002500] Missing Sequence Header.
[av1 @ 0x789ee0002500] Missing Sequence Header.
[av1 @ 0x789ee0002500] Missing Sequence Header.
[av1 @ 0x789ee0002500] Missing Sequence Header.
[av1 @ 0x789ee0002500] Missing Sequence Header.
[av1 @ 0x789ee0002500] Missing Sequence Header.
[av1 @ 0x789ee0002500] Missing Sequence Header.
[av1 @ 0x789ee0002500] Missing Sequence Header.
[av1 @ 0x789ee0002500] Missing Sequence Header.
[av1 @ 0x789ee0002500] Missing Sequence Header.
[av1 @ 0x789ee0002500] Missing Sequence Header.
[av1 @ 0x789ee0002500] Missing Sequence Header.
[av1 @ 0x789ee0002500] Missing Sequence Header.
[av1 @ 0x789ee0002500] Missing Sequence Header.
[av1 @ 0x789ee0002500] Missing Sequence Header.
[av1 @ 0x789ee0002500] Missing Sequence Header.
[av1 @ 0x789ee0002500] Missing Sequence Header.
[av1 @ 0x789ee0002500] Missing Sequence Header.
[av1 @ 0x789ee0002500] Missing Sequence Header.
[av1 @ 0x789ee0002500] Missing Sequence Header.
[av1 @ 0x789ee0002500] Missing Sequence Header.
[av1 @ 0x789ee0002500] Missing Sequence Header.
[av1 @ 0x789ee0002500] Missing Sequence Header.
[av1 @ 0x789ee0002500] Missing Sequence Header.
[av1 @ 0x789ee0002500] Missing Sequence Header.
[av1 @ 0x789ee0002500] Missing Sequence Header.
[av1 @ 0x789ee0002500] Missing Sequence Header.
[av1 @ 0x789ee0002500] Missing Sequence Header.
[av1 @ 0x789ee0002500] Missing Sequence Header.
[av1 @ 0x789ee0002500] Missing Sequence Header.
[av1 @ 0x789ee0002500] Missing Sequence Header.
[av1 @ 0x789ee0002500] Missing Sequence Header.
[av1 @ 0x789ee0002500] Missing Sequence Header.
[av1 @ 0x789ee0002500] Missing Sequence Header.
[av1 @ 0x789ee0002500] Missing Sequence Header.
[av1 @ 0x789ee0002500] Missing Sequence Header.
[av1 @ 0x789ee0002500] Missing Sequence Header.
[av1 @ 0x789ee0002500] Missing Sequence Header.
[av1 @ 0x789ee0002500] Missing Sequence Header.
[av1 @ 0x789ee0002500] Missing Sequence Header.
[av1 @ 0x789ee0002500] Missing Sequence Header.
[av1 @ 0x789ee0002500] Missing Sequence Header.
[av1 @ 0x789ee0002500] Missing Sequence Header.
[av1 @ 0x789ee0002500] Missing Sequence Header.
[av1 @ 0x789ee0002500] Missing Sequence Header.
[av1 @ 0x789ee0002500] Missing Sequence Header.
[av1 @ 0x789ee0002500] Missing Sequence Header.
[av1 @ 0x789ee0002500] Missing Sequence Header.
[av1 @ 0x789ee0002500] Missing Sequence Header.
[av1 @ 0x789ee0002500] Missing Sequence Header.
[av1 @ 0x789ee0002500] Missing Sequence Header.
[av1 @ 0x789ee0002500] Missing Sequence Header.
[av1 @ 0x789ee0002500] Missing Sequence Header.
[av1 @ 0x789ee0002500] Missing Sequence Header.
[av1 @ 0x789ee0002500] Missing Sequence Header.
[av1 @ 0x789ee0002500] Missing Sequence Header.
[av1 @ 0x789ee0002500] Missing Sequence Header.
[av1 @ 0x789ee0002500] Missing Sequence Header.
[av1 @ 0x789ee0002500] Missing Sequence Header.
[av1 @ 0x789ee0002500] Missing Sequence Header.
[av1 @ 0x789ee0002500] Missing Sequence Header.
[av1 @ 0x789ee0002500] Missing Sequence Header.
[av1 @ 0x789ee0002500] Missing Sequence Header.
[av1 @ 0x789ee0002500] Missing Sequence Header.
[av1 @ 0x789ee0002500] Missing Sequence Header.
[av1 @ 0x789ee0002500] Missing Sequence Header.
[av1 @ 0x789ee0002500] Missing Sequence Header.
[av1 @ 0x789ee0002500] Missing Sequence Header.
[av1 @ 0x789ee0002500] Missing Sequence Header.
[av1 @ 0x789ee0002500] Missing Sequence Header.
[av1 @ 0x789ee0002500] Missing Sequence Header.
[av1 @ 0x789ee0002500] Missing Sequence Header.
[av1 @ 0x789ee0002500] Missing Sequence Header.
[av1 @ 0x789ee0002500] Missing Sequence Header.
[av1 @ 0x789ee0002500] Missing Sequence Header.
[av1 @ 0x789ee0002500] Missing Sequence Header.
[av1 @ 0x789ee0002500] Missing Sequence Header.
[av1 @ 0x789ee0002500] Missing Sequence Header.
[av1 @ 0x789ee0002500] Missing Sequence Header.
[av1 @ 0x789ee0002500] Missing Sequence Header.
[av1 @ 0x789ee0002500] Missing Sequence Header.
[av1 @ 0x789ee0002500] Missing Sequence Header.
[av1 @ 0x789ee0002500] Missing Sequence Header.
[av1 @ 0x789ee0002500] Missing Sequence Header.
[av1 @ 0x789ee0002500] Missing Sequence Header.
[av1 @ 0x789ee0002500] Missing Sequence Header.
[av1 @ 0x789ee0002500] Missing Sequence Header.
[av1 @ 0x789ee0002500] Missing Sequence Header.
[av1 @ 0x789ee0002500] Missing Sequence Header.
[av1 @ 0x789ee0002500] Missing Sequence Header.
[av1 @ 0x789ee0002500] Missing Sequence Header.
[av1 @ 0x789ee0002500] Missing Sequence Header.
[av1 @ 0x789ee0002500] Missing Sequence Header.
[av1 @ 0x789ee0002500] Missing Sequence Header.
[av1 @ 0x789ee0002500] Missing Sequence Header.
[av1 @ 0x789ee0002500] Missing Sequence Header.
[av1 @ 0x789ee0002500] Missing Sequence Header.
[av1 @ 0x789ee0002500] Missing Sequence Header.
[av1 @ 0x789ee0002500] Missing Sequence Header.
[av1 @ 0x789ee0002500] Missing Sequence Header.
[av1 @ 0x789ee0002500] Missing Sequence Header.
[av1 @ 0x789ee0002500] Missing Sequence Header.
[av1 @ 0x789ee0002500] Missing Sequence Header.
[av1 @ 0x789ee0002500] Missing Sequence Header.
[av1 @ 0x789ee00142c0] Your platform doesn't suppport hardware accelerated AV1 decoding.
[av1 @ 0x789ee00142c0] Failed to get pixel format.
[av1 @ 0x789ee0009bc0] Your platform doesn't suppport hardware accelerated AV1 decoding.
[av1 @ 0x789ee0009bc0] Failed to get pixel format.
[av1 @ 0x789ee0009bc0] Missing Sequence Header.
[av1 @ 0x789ee0009bc0] Missing Sequence Header.
[av1 @ 0x789ee0009bc0] Missing Sequence Header.
[av1 @ 0x789ee0009bc0] Missing Sequence Header.
[av1 @ 0x789ee0009bc0] Missing Sequence Header.
[av1 @ 0x789ee0009bc0] Missing Sequence Header.
[av1 @ 0x789ee0009bc0] Missing Sequence Header.
[av1 @ 0x789ee0009bc0] Missing Sequence Header.
[av1 @ 0x789ee0009bc0] Missing Sequence Header.
[av1 @ 0x789ee0009bc0] Missing Sequence Header.
[av1 @ 0x789ee0009bc0] Missing Sequence Header.
[av1 @ 0x789ee0009bc0] Missing Sequence Header.
[av1 @ 0x789ee0009bc0] Missing Sequence Header.
[av1 @ 0x789ee0009bc0] Missing Sequence Header.
[av1 @ 0x789ee0009bc0] Missing Sequence Header.
[av1 @ 0x789ee0009bc0] Missing Sequence Header.
[av1 @ 0x789ee0009bc0] Missing Sequence Header.
[av1 @ 0x789ee0009bc0] Missing Sequence Header.
[av1 @ 0x789ee0009bc0] Missing Sequence Header.
[av1 @ 0x789ee0009bc0] Missing Sequence Header.
[av1 @ 0x789ee0009bc0] Missing Sequence Header.
[av1 @ 0x789ee0009bc0] Missing Sequence Header.
[av1 @ 0x789ee0009bc0] Missing Sequence Header.
[av1 @ 0x789ee0009bc0] Missing Sequence Header.
[av1 @ 0x789ee0009bc0] Missing Sequence Header.
[av1 @ 0x789ee0009bc0] Missing Sequence Header.
[av1 @ 0x789ee0009bc0] Missing Sequence Header.
[av1 @ 0x789ee0009bc0] Missing Sequence Header.
[av1 @ 0x789ee0009bc0] Missing Sequence Header.
[av1 @ 0x789ee0009bc0] Missing Sequence Header.
[av1 @ 0x789ee0009bc0] Missing Sequence Header.
[av1 @ 0x789ee0009bc0] Missing Sequence Header.
[av1 @ 0x789ee0009bc0] Missing Sequence Header.
[av1 @ 0x789ee0009bc0] Missing Sequence Header.
[av1 @ 0x789ee0009bc0] Missing Sequence Header.
[av1 @ 0x789ee0009bc0] Missing Sequence Header.
[av1 @ 0x789ee0009bc0] Missing Sequence Header.
[av1 @ 0x789ee0009bc0] Missing Sequence Header.
[av1 @ 0x789ee0009bc0] Missing Sequence Header.
[av1 @ 0x789ee0009bc0] Missing Sequence Header.
[av1 @ 0x789ee0009bc0] Missing Sequence Header.
[av1 @ 0x789ee0009bc0] Missing Sequence Header.
[av1 @ 0x789ee0009bc0] Missing Sequence Header.
[av1 @ 0x789ee0009bc0] Missing Sequence Header.
[av1 @ 0x789ee0009bc0] Missing Sequence Header.
[av1 @ 0x789ee0009bc0] Missing Sequence Header.
[av1 @ 0x789ee0009bc0] Missing Sequence Header.
[av1 @ 0x789ee0009bc0] Missing Sequence Header.
[av1 @ 0x789ee0009bc0] Missing Sequence Header.
[av1 @ 0x789ee0009bc0] Missing Sequence Header.
[av1 @ 0x789ee0009bc0] Missing Sequence Header.
[av1 @ 0x789ee0009bc0] Missing Sequence Header.
[av1 @ 0x789ee0009bc0] Missing Sequence Header.
[av1 @ 0x789ee0009bc0] Missing Sequence Header.
[av1 @ 0x789ee0009bc0] Missing Sequence Header.
[av1 @ 0x789ee0009bc0] Missing Sequence Header.
[av1 @ 0x789ee0009bc0] Missing Sequence Header.
[av1 @ 0x789ee0009bc0] Missing Sequence Header.
[av1 @ 0x789ee0009bc0] Missing Sequence Header.
[av1 @ 0x789ee0009bc0] Missing Sequence Header.
[av1 @ 0x789ee0009bc0] Missing Sequence Header.
[av1 @ 0x789ee0009bc0] Missing Sequence Header.
[av1 @ 0x789ee0009bc0] Missing Sequence Header.
[av1 @ 0x789ee0009bc0] Missing Sequence Header.
[av1 @ 0x789ee0009bc0] Missing Sequence Header.
[av1 @ 0x789ee0009bc0] Missing Sequence Header.
[av1 @ 0x789ee0009bc0] Missing Sequence Header.
[av1 @ 0x789ee0009bc0] Missing Sequence Header.
[av1 @ 0x789ee0009bc0] Missing Sequence Header.
[av1 @ 0x789ee0009bc0] Missing Sequence Header.
[av1 @ 0x789ee0009bc0] Missing Sequence Header.
[av1 @ 0x789ee0009bc0] Missing Sequence Header.
[av1 @ 0x789ee0009bc0] Missing Sequence Header.
[av1 @ 0x789ee0009bc0] Missing Sequence Header.
[av1 @ 0x789ee0009bc0] Missing Sequence Header.
[av1 @ 0x789ee0009bc0] Missing Sequence Header.
[av1 @ 0x789ee0009bc0] Missing Sequence Header.
[av1 @ 0x789ee0009bc0] Missing Sequence Header.
[av1 @ 0x789ee0009bc0] Missing Sequence Header.
[av1 @ 0x789ee0009bc0] Missing Sequence Header.
[av1 @ 0x789ee0009bc0] Missing Sequence Header.
[av1 @ 0x789ee0009bc0] Missing Sequence Header.
[av1 @ 0x789ee0009bc0] Missing Sequence Header.
[av1 @ 0x789ee0009bc0] Missing Sequence Header.
[av1 @ 0x789ee0009bc0] Missing Sequence Header.
[av1 @ 0x789ee0009bc0] Missing Sequence Header.
[av1 @ 0x789ee0009bc0] Missing Sequence Header.
[av1 @ 0x789ee0009bc0] Missing Sequence Header.
[av1 @ 0x789ee0009bc0] Missing Sequence Header.
[av1 @ 0x789ee0009bc0] Missing Sequence Header.
[av1 @ 0x789ee0009bc0] Missing Sequence Header.
[av1 @ 0x789ee0009bc0] Missing Sequence Header.
[av1 @ 0x789ee0009bc0] Missing Sequence Header.
[av1 @ 0x789ee0009bc0] Missing Sequence Header.
[av1 @ 0x789ee0009bc0] Missing Sequence Header.
[av1 @ 0x789ee0009bc0] Missing Sequence Header.
[av1 @ 0x789ee0009bc0] Missing Sequence Header.
[av1 @ 0x789ee0009bc0] Missing Sequence Header.
[av1 @ 0x789ee0009bc0] Missing Sequence Header.
[av1 @ 0x789ee0009bc0] Missing Sequence Header.
[av1 @ 0x789ee0009bc0] Missing Sequence Header.
[av1 @ 0x789ee0009bc0] Missing Sequence Header.
[av1 @ 0x789ee0009bc0] Missing Sequence Header.
[av1 @ 0x789ee0009bc0] Missing Sequence Header.
[av1 @ 0x789ee0009bc0] Missing Sequence Header.
[av1 @ 0x789ee0009bc0] Missing Sequence Header.
[av1 @ 0x789ee0009bc0] Missing Sequence Header.
[av1 @ 0x789ee0009bc0] Missing Sequence Header.
[av1 @ 0x789ee0009bc0] Missing Sequence Header.
[av1 @ 0x789ee0009bc0] Missing Sequence Header.
[av1 @ 0x789ee0009bc0] Missing Sequence Header.
[av1 @ 0x789ee0009bc0] Missing Sequence Header.
[av1 @ 0x789ee0009bc0] Missing Sequence Header.
[av1 @ 0x789ee0009bc0] Missing Sequence Header.
[av1 @ 0x789ee0009bc0] Missing Sequence Header.
[av1 @ 0x789ee0009bc0] Missing Sequence Header.
[av1 @ 0x789ee0009bc0] Missing Sequence Header.
[av1 @ 0x789ee0009bc0] Missing Sequence Header.
[av1 @ 0x789ee0009bc0] Missing Sequence Header.
[av1 @ 0x789ee0009bc0] Missing Sequence Header.
[av1 @ 0x789ee0009bc0] Missing Sequence Header.
[av1 @ 0x789ee0009bc0] Missing Sequence Header.
[av1 @ 0x789ee0009bc0] Missing Sequence Header.
[av1 @ 0x789ee0009bc0] Missing Sequence Header.
[av1 @ 0x789ee0009bc0] Missing Sequence Header.
[av1 @ 0x789ee0009bc0] Missing Sequence Header.
[av1 @ 0x789ee0009bc0] Missing Sequence Header.
[av1 @ 0x789ee0009bc0] Missing Sequence Header.
[av1 @ 0x789ee0009bc0] Missing Sequence Header.
[av1 @ 0x789ee0009bc0] Missing Sequence Header.
[av1 @ 0x789ee0009bc0] Missing Sequence Header.
[av1 @ 0x789ee0009bc0] Missing Sequence Header.
[av1 @ 0x789ee0009bc0] Missing Sequence Header.
[av1 @ 0x789ee0009bc0] Missing Sequence Header.
[av1 @ 0x789ee0009bc0] Missing Sequence Header.
[av1 @ 0x789ee0009bc0] Missing Sequence Header.
[av1 @ 0x789ee0009bc0] Missing Sequence Header.
[av1 @ 0x789ee0009bc0] Missing Sequence Header.
[av1 @ 0x789ee0009bc0] Missing Sequence Header.
[av1 @ 0x789ee0009bc0] Missing Sequence Header.
[av1 @ 0x789ee0009bc0] Missing Sequence Header.
[av1 @ 0x789ee0009bc0] Missing Sequence Header.
[av1 @ 0x789ee0009bc0] Missing Sequence Header.
[av1 @ 0x789ee0009bc0] Your platform doesn't suppport hardware accelerated AV1 decoding.
[av1 @ 0x789ee0009bc0] Failed to get pixel format.
[av1 @ 0x789ee0009bc0] Missing Sequence Header.
[av1 @ 0x789ee0009bc0] Missing Sequence Header.
[av1 @ 0x789ee0009bc0] Missing Sequence Header.
[av1 @ 0x789ee0009bc0] Missing Sequence Header.
[av1 @ 0x789ee0009bc0] Missing Sequence Header.
[av1 @ 0x789ee0009bc0] Missing Sequence Header.
[av1 @ 0x789ee00142c0] Your platform doesn't suppport hardware accelerated AV1 decoding.
[av1 @ 0x789ee00142c0] Failed to get pixel format.
[av1 @ 0x789ee400a1c0] Your platform doesn't suppport hardware accelerated AV1 decoding.
[av1 @ 0x789ee400a1c0] Failed to get pixel format.
[av1 @ 0x789ee400a1c0] Missing Sequence Header.
[av1 @ 0x789ee400a1c0] Missing Sequence Header.
[av1 @ 0x789ee400a1c0] Missing Sequence Header.
[av1 @ 0x789ee400a1c0] Missing Sequence Header.
[av1 @ 0x789ee400a1c0] Missing Sequence Header.
[av1 @ 0x789ee400a1c0] Missing Sequence Header.
[av1 @ 0x789ee400a1c0] Missing Sequence Header.
[av1 @ 0x789ee400a1c0] Missing Sequence Header.
[av1 @ 0x789ee400a1c0] Missing Sequence Header.
[av1 @ 0x789ee400a1c0] Missing Sequence Header.
[av1 @ 0x789ee400a1c0] Missing Sequence Header.
[av1 @ 0x789ee400a1c0] Missing Sequence Header.
[av1 @ 0x789ee400a1c0] Missing Sequence Header.
[av1 @ 0x789ee400a1c0] Missing Sequence Header.
[av1 @ 0x789ee400a1c0] Missing Sequence Header.
[av1 @ 0x789ee400a1c0] Missing Sequence Header.
[av1 @ 0x789ee400a1c0] Missing Sequence Header.
[av1 @ 0x789ee400a1c0] Missing Sequence Header.
[av1 @ 0x789ee400a1c0] Missing Sequence Header.
[av1 @ 0x789ee400a1c0] Missing Sequence Header.
[av1 @ 0x789ee400a1c0] Missing Sequence Header.
[av1 @ 0x789ee400a1c0] Missing Sequence Header.
[av1 @ 0x789ee400a1c0] Missing Sequence Header.
[av1 @ 0x789ee400a1c0] Missing Sequence Header.
[av1 @ 0x789ee400a1c0] Missing Sequence Header.
[av1 @ 0x789ee400a1c0] Missing Sequence Header.
[av1 @ 0x789ee400a1c0] Missing Sequence Header.
[av1 @ 0x789ee400a1c0] Missing Sequence Header.
[av1 @ 0x789ee400a1c0] Missing Sequence Header.
[av1 @ 0x789ee400a1c0] Missing Sequence Header.
[av1 @ 0x789ee400a1c0] Missing Sequence Header.
[av1 @ 0x789ee400a1c0] Missing Sequence Header.
[av1 @ 0x789ee400a1c0] Missing Sequence Header.
[av1 @ 0x789ee400a1c0] Missing Sequence Header.
[av1 @ 0x789ee400a1c0] Missing Sequence Header.
[av1 @ 0x789ee400a1c0] Missing Sequence Header.
[av1 @ 0x789ee400a1c0] Missing Sequence Header.
[av1 @ 0x789ee400a1c0] Missing Sequence Header.
[av1 @ 0x789ee400a1c0] Missing Sequence Header.
[av1 @ 0x789ee400a1c0] Missing Sequence Header.
[av1 @ 0x789ee400a1c0] Missing Sequence Header.
[av1 @ 0x789ee400a1c0] Missing Sequence Header.
[av1 @ 0x789ee400a1c0] Missing Sequence Header.
[av1 @ 0x789ee400a1c0] Missing Sequence Header.
[av1 @ 0x789ee400a1c0] Missing Sequence Header.
[av1 @ 0x789ee400a1c0] Missing Sequence Header.
[av1 @ 0x789ee400a1c0] Your platform doesn't suppport hardware accelerated AV1 decoding.
[av1 @ 0x789ee400a1c0] Failed to get pixel format.
[av1 @ 0x789ee400a1c0] Missing Sequence Header.
[av1 @ 0x789ee400a1c0] Missing Sequence Header.
[av1 @ 0x789ee400a1c0] Missing Sequence Header.
[av1 @ 0x789ee400a1c0] Missing Sequence Header.
[av1 @ 0x789ee400a1c0] Missing Sequence Header.
[av1 @ 0x789ee400a1c0] Missing Sequence Header.
[av1 @ 0x789ee400a1c0] Missing Sequence Header.
[av1 @ 0x789ee400a1c0] Missing Sequence Header.
[av1 @ 0x789ee400a1c0] Missing Sequence Header.
[av1 @ 0x789ee400a1c0] Missing Sequence Header.
[av1 @ 0x789ee400a1c0] Missing Sequence Header.
[av1 @ 0x789ee400a1c0] Missing Sequence Header.
[av1 @ 0x789ee400a1c0] Missing Sequence Header.
[av1 @ 0x789ee400a1c0] Missing Sequence Header.
[av1 @ 0x789ee400a1c0] Missing Sequence Header.
[av1 @ 0x789ee400a1c0] Missing Sequence Header.
[av1 @ 0x789ee400a1c0] Missing Sequence Header.
[av1 @ 0x789ee400a1c0] Missing Sequence Header.
[av1 @ 0x789ee400a1c0] Missing Sequence Header.
[av1 @ 0x789ee400a1c0] Missing Sequence Header.
[av1 @ 0x789ee400a1c0] Missing Sequence Header.
[av1 @ 0x789ee400a1c0] Missing Sequence Header.
[av1 @ 0x789ee400a1c0] Your platform doesn't suppport hardware accelerated AV1 decoding.
[av1 @ 0x789ee400a1c0] Failed to get pixel format.
[av1 @ 0x789ee400a1c0] Missing Sequence Header.
[av1 @ 0x789ee400a1c0] Missing Sequence Header.
[av1 @ 0x789ee400a1c0] Missing Sequence Header.
[av1 @ 0x789ee400a1c0] Missing Sequence Header.
[av1 @ 0x789ee400a1c0] Missing Sequence Header.
[av1 @ 0x789ee400a1c0] Missing Sequence Header.
[av1 @ 0x789ee400a1c0] Missing Sequence Header.
[av1 @ 0x789ee400a1c0] Missing Sequence Header.
[av1 @ 0x789ee400a1c0] Missing Sequence Header.
[av1 @ 0x789ee400a1c0] Missing Sequence Header.
[av1 @ 0x789ee400a1c0] Missing Sequence Header.
[av1 @ 0x789ee400a1c0] Missing Sequence Header.
[av1 @ 0x789ee400a1c0] Missing Sequence Header.
[av1 @ 0x789ee400a1c0] Missing Sequence Header.
[av1 @ 0x789ee400a1c0] Missing Sequence Header.
[av1 @ 0x789ee400a1c0] Missing Sequence Header.
[av1 @ 0x789ee400a1c0] Missing Sequence Header.
[av1 @ 0x789ee400a1c0] Missing Sequence Header.
[av1 @ 0x789ee400a1c0] Missing Sequence Header.
[av1 @ 0x789ee400a1c0] Missing Sequence Header.
[av1 @ 0x789ee400a1c0] Missing Sequence Header.
[av1 @ 0x789ee400a1c0] Missing Sequence Header.
[av1 @ 0x789ee400a1c0] Missing Sequence Header.
[av1 @ 0x789ee400a1c0] Missing Sequence Header.
[av1 @ 0x789ee400a1c0] Missing Sequence Header.
[av1 @ 0x789ee400a1c0] Missing Sequence Header.
[av1 @ 0x789ee400a1c0] Missing Sequence Header.
[av1 @ 0x789ee400a1c0] Missing Sequence Header.
[av1 @ 0x789ee400a1c0] Missing Sequence Header.
[av1 @ 0x789ee400a1c0] Missing Sequence Header.
[av1 @ 0x789ee400a1c0] Missing Sequence Header.
[av1 @ 0x789ee400a1c0] Missing Sequence Header.
[av1 @ 0x789ee400a1c0] Missing Sequence Header.
[av1 @ 0x789ee400a1c0] Missing Sequence Header.
[av1 @ 0x789ee400a1c0] Missing Sequence Header.
[av1 @ 0x789ee400a1c0] Missing Sequence Header.
[av1 @ 0x789ee400a1c0] Missing Sequence Header.
[av1 @ 0x789ee400a1c0] Missing Sequence Header.
[av1 @ 0x789ee400a1c0] Missing Sequence Header.
[av1 @ 0x789ee400a1c0] Missing Sequence Header.
[av1 @ 0x789ee400a1c0] Missing Sequence Header.
[av1 @ 0x789ee400a1c0] Missing Sequence Header.
[av1 @ 0x789ee400a1c0] Missing Sequence Header.
[av1 @ 0x789ee400a1c0] Missing Sequence Header.
[av1 @ 0x789ee400a1c0] Missing Sequence Header.
[av1 @ 0x789ee400a1c0] Missing Sequence Header.
[av1 @ 0x789ee400a1c0] Missing Sequence Header.
[av1 @ 0x789ee400a1c0] Missing Sequence Header.
[av1 @ 0x789ee400a1c0] Missing Sequence Header.
[av1 @ 0x789ee400a1c0] Missing Sequence Header.
[av1 @ 0x789ee400a1c0] Missing Sequence Header.
[av1 @ 0x789ee400a1c0] Missing Sequence Header.
[av1 @ 0x789ee400a1c0] Missing Sequence Header.
[av1 @ 0x789ee400a1c0] Missing Sequence Header.
[av1 @ 0x789ee400a1c0] Missing Sequence Header.
[av1 @ 0x789ee400a1c0] Missing Sequence Header.
[av1 @ 0x789ee400a1c0] Missing Sequence Header.
[av1 @ 0x789ee400a1c0] Missing Sequence Header.
[av1 @ 0x789ee400a1c0] Missing Sequence Header.
[av1 @ 0x789ee400a1c0] Missing Sequence Header.
[av1 @ 0x789ee400a1c0] Missing Sequence Header.
[av1 @ 0x789ee400a1c0] Missing Sequence Header.
[av1 @ 0x789ee400a1c0] Missing Sequence Header.
[av1 @ 0x789ee400a1c0] Missing Sequence Header.
[av1 @ 0x789ee400a1c0] Missing Sequence Header.
[av1 @ 0x789ee400a1c0] Missing Sequence Header.
[av1 @ 0x789ee400a1c0] Missing Sequence Header.
[av1 @ 0x789ee400a1c0] Missing Sequence Header.
[av1 @ 0x789ee400a1c0] Missing Sequence Header.
[av1 @ 0x789ee400a1c0] Missing Sequence Header.
[av1 @ 0x789ee400a1c0] Missing Sequence Header.
[av1 @ 0x789ee400a1c0] Missing Sequence Header.
[av1 @ 0x789ee400a1c0] Missing Sequence Header.
[av1 @ 0x789ee400a1c0] Missing Sequence Header.
[av1 @ 0x789ee400a1c0] Missing Sequence Header.
[av1 @ 0x789ee400a1c0] Your platform doesn't suppport hardware accelerated AV1 decoding.
[av1 @ 0x789ee400a1c0] Failed to get pixel format.
[av1 @ 0x789ee400a1c0] Missing Sequence Header.
[av1 @ 0x789ee400a1c0] Missing Sequence Header.
[av1 @ 0x789ee400a1c0] Missing Sequence Header.
[av1 @ 0x789ee400a1c0] Missing Sequence Header.
[av1 @ 0x789ee4017dc0] Your platform doesn't suppport hardware accelerated AV1 decoding.
[av1 @ 0x789ee4017dc0] Failed to get pixel format.
[av1 @ 0x789ee80073c0] Your platform doesn't suppport hardware accelerated AV1 decoding.
[av1 @ 0x789ee80073c0] Failed to get pixel format.
[av1 @ 0x789ee80073c0] Missing Sequence Header.
[av1 @ 0x789ee80073c0] Missing Sequence Header.
[av1 @ 0x789ee80073c0] Missing Sequence Header.
[av1 @ 0x789ee80073c0] Missing Sequence Header.
[av1 @ 0x789ee80073c0] Missing Sequence Header.
[av1 @ 0x789ee80073c0] Missing Sequence Header.
[av1 @ 0x789ee80073c0] Missing Sequence Header.
[av1 @ 0x789ee80073c0] Missing Sequence Header.
[av1 @ 0x789ee80073c0] Missing Sequence Header.
[av1 @ 0x789ee80073c0] Missing Sequence Header.
[av1 @ 0x789ee80073c0] Missing Sequence Header.
[av1 @ 0x789ee80073c0] Missing Sequence Header.
[av1 @ 0x789ee80073c0] Missing Sequence Header.
[av1 @ 0x789ee80073c0] Missing Sequence Header.
[av1 @ 0x789ee80073c0] Missing Sequence Header.
[av1 @ 0x789ee80073c0] Missing Sequence Header.
[av1 @ 0x789ee80073c0] Missing Sequence Header.
[av1 @ 0x789ee80073c0] Missing Sequence Header.
[av1 @ 0x789ee80073c0] Missing Sequence Header.
[av1 @ 0x789ee80073c0] Missing Sequence Header.
[av1 @ 0x789ee80073c0] Missing Sequence Header.
[av1 @ 0x789ee80073c0] Missing Sequence Header.
[av1 @ 0x789ee80073c0] Missing Sequence Header.
[av1 @ 0x789ee80073c0] Missing Sequence Header.
[av1 @ 0x789ee80073c0] Missing Sequence Header.
[av1 @ 0x789ee80073c0] Missing Sequence Header.
[av1 @ 0x789ee80073c0] Missing Sequence Header.
[av1 @ 0x789ee80073c0] Your platform doesn't suppport hardware accelerated AV1 decoding.
[av1 @ 0x789ee80073c0] Failed to get pixel format.
[av1 @ 0x789ee80073c0] Missing Sequence Header.
[av1 @ 0x789ee80073c0] Missing Sequence Header.
[av1 @ 0x789ee80073c0] Missing Sequence Header.
[av1 @ 0x789ee80073c0] Missing Sequence Header.
[av1 @ 0x789ee80073c0] Missing Sequence Header.
[av1 @ 0x789ee80073c0] Missing Sequence Header.
[av1 @ 0x789ee80073c0] Missing Sequence Header.
[av1 @ 0x789ee80073c0] Missing Sequence Header.
[av1 @ 0x789ee80073c0] Missing Sequence Header.
[av1 @ 0x789ee80073c0] Missing Sequence Header.
[av1 @ 0x789ee80073c0] Missing Sequence Header.
[av1 @ 0x789ee80073c0] Missing Sequence Header.
[av1 @ 0x789ee80073c0] Missing Sequence Header.
[av1 @ 0x789ee80073c0] Missing Sequence Header.
[av1 @ 0x789ee80073c0] Missing Sequence Header.
[av1 @ 0x789ee80073c0] Missing Sequence Header.
[av1 @ 0x789ee80073c0] Missing Sequence Header.
[av1 @ 0x789ee80073c0] Missing Sequence Header.
[av1 @ 0x789ee80073c0] Missing Sequence Header.
[av1 @ 0x789ee80073c0] Missing Sequence Header.
[av1 @ 0x789ee80073c0] Missing Sequence Header.
[av1 @ 0x789ee80073c0] Missing Sequence Header.
[av1 @ 0x789ee80073c0] Missing Sequence Header.
[av1 @ 0x789ee80073c0] Missing Sequence Header.
[av1 @ 0x789ee80073c0] Missing Sequence Header.
[av1 @ 0x789ee80073c0] Missing Sequence Header.
[av1 @ 0x789ee80073c0] Missing Sequence Header.
[av1 @ 0x789ee80073c0] Missing Sequence Header.
[av1 @ 0x789ee80073c0] Missing Sequence Header.
[av1 @ 0x789ee80073c0] Missing Sequence Header.
[av1 @ 0x789ee80073c0] Missing Sequence Header.
[av1 @ 0x789ee80073c0] Missing Sequence Header.
[av1 @ 0x789ee80073c0] Missing Sequence Header.
[av1 @ 0x789ee80073c0] Missing Sequence Header.
[av1 @ 0x789ee80073c0] Missing Sequence Header.
[av1 @ 0x789ee80073c0] Missing Sequence Header.
[av1 @ 0x789ee80073c0] Missing Sequence Header.
[av1 @ 0x789ee80073c0] Missing Sequence Header.
[av1 @ 0x789ee80073c0] Missing Sequence Header.
[av1 @ 0x789ee80073c0] Missing Sequence Header.
[av1 @ 0x789ee80073c0] Missing Sequence Header.
[av1 @ 0x789ee80073c0] Missing Sequence Header.
[av1 @ 0x789ee80073c0] Missing Sequence Header.
[av1 @ 0x789ee80073c0] Missing Sequence Header.
[av1 @ 0x789ee80073c0] Missing Sequence Header.
[av1 @ 0x789ee80073c0] Missing Sequence Header.
[av1 @ 0x789ee80073c0] Missing Sequence Header.
[av1 @ 0x789ee80073c0] Missing Sequence Header.
[av1 @ 0x789ee80073c0] Missing Sequence Header.
[av1 @ 0x789ee80073c0] Missing Sequence Header.
[av1 @ 0x789ee80073c0] Missing Sequence Header.
[av1 @ 0x789ee80073c0] Missing Sequence Header.
[av1 @ 0x789ee80073c0] Missing Sequence Header.
[av1 @ 0x789ee80073c0] Your platform doesn't suppport hardware accelerated AV1 decoding.
[av1 @ 0x789ee80073c0] Failed to get pixel format.
[av1 @ 0x789ee80073c0] Missing Sequence Header.
[av1 @ 0x789ee80073c0] Missing Sequence Header.
[av1 @ 0x789ee80073c0] Missing Sequence Header.
[av1 @ 0x789ee80073c0] Missing Sequence Header.
[av1 @ 0x789ee80073c0] Missing Sequence Header.
[av1 @ 0x789ee80073c0] Missing Sequence Header.
[av1 @ 0x789ee80073c0] Missing Sequence Header.
[av1 @ 0x789ee80073c0] Missing Sequence Header.
[av1 @ 0x789ee80073c0] Missing Sequence Header.
[av1 @ 0x789ee80073c0] Missing Sequence Header.
[av1 @ 0x789ee80073c0] Missing Sequence Header.
[av1 @ 0x789ee80073c0] Missing Sequence Header.
[av1 @ 0x789ee80073c0] Missing Sequence Header.
[av1 @ 0x789ee80073c0] Missing Sequence Header.
[av1 @ 0x789ee80073c0] Missing Sequence Header.
[av1 @ 0x789ee80073c0] Missing Sequence Header.
[av1 @ 0x789ee80073c0] Missing Sequence Header.
[av1 @ 0x789ee80073c0] Missing Sequence Header.
[av1 @ 0x789ee80073c0] Missing Sequence Header.
[av1 @ 0x789ee80073c0] Missing Sequence Header.
[av1 @ 0x789ee80073c0] Missing Sequence Header.
[av1 @ 0x789ee80073c0] Missing Sequence Header.
[av1 @ 0x789ee80073c0] Missing Sequence Header.
[av1 @ 0x789ee80073c0] Missing Sequence Header.
[av1 @ 0x789ee80073c0] Missing Sequence Header.
[av1 @ 0x789ee80073c0] Missing Sequence Header.
[av1 @ 0x789ee80073c0] Missing Sequence Header.
[av1 @ 0x789ee80073c0] Missing Sequence Header.
[av1 @ 0x789ee80073c0] Missing Sequence Header.
[av1 @ 0x789ee80073c0] Missing Sequence Header.
[av1 @ 0x789ee80073c0] Missing Sequence Header.
[av1 @ 0x789ee80073c0] Missing Sequence Header.
[av1 @ 0x789ee80073c0] Missing Sequence Header.
[av1 @ 0x789ee80073c0] Your platform doesn't suppport hardware accelerated AV1 decoding.
[av1 @ 0x789ee80073c0] Failed to get pixel format.
[av1 @ 0x789ee80073c0] Missing Sequence Header.
[av1 @ 0x789ee80073c0] Missing Sequence Header.
[av1 @ 0x789ee80073c0] Missing Sequence Header.
[av1 @ 0x789ee80073c0] Missing Sequence Header.
[av1 @ 0x789ee80073c0] Missing Sequence Header.
[av1 @ 0x789ee80073c0] Missing Sequence Header.
[av1 @ 0x789ee80073c0] Missing Sequence Header.
[av1 @ 0x789ee80073c0] Missing Sequence Header.
[av1 @ 0x789ee80073c0] Missing Sequence Header.
[av1 @ 0x789ee80073c0] Missing Sequence Header.
[av1 @ 0x789ee80073c0] Missing Sequence Header.
[av1 @ 0x789ee80073c0] Missing Sequence Header.
[av1 @ 0x789ee80073c0] Missing Sequence Header.
[av1 @ 0x789ee80073c0] Missing Sequence Header.
[av1 @ 0x789ee80073c0] Missing Sequence Header.
[av1 @ 0x789ee80073c0] Missing Sequence Header.
[av1 @ 0x789ee80073c0] Missing Sequence Header.
[av1 @ 0x789ee80073c0] Missing Sequence Header.
[av1 @ 0x789ee80073c0] Missing Sequence Header.
[av1 @ 0x789ee80073c0] Missing Sequence Header.
[av1 @ 0x789ee80073c0] Missing Sequence Header.
[av1 @ 0x789ee80073c0] Missing Sequence Header.
[av1 @ 0x789ee80073c0] Missing Sequence Header.
[av1 @ 0x789ee80073c0] Missing Sequence Header.
[av1 @ 0x789ee80073c0] Your platform doesn't suppport hardware accelerated AV1 decoding.
[av1 @ 0x789ee80073c0] Failed to get pixel format.
[av1 @ 0x789ee80073c0] Missing Sequence Header.
[av1 @ 0x789ee80073c0] Missing Sequence Header.
[av1 @ 0x789ee80073c0] Missing Sequence Header.
[av1 @ 0x789ee80073c0] Missing Sequence Header.
[av1 @ 0x789ee80073c0] Missing Sequence Header.
[av1 @ 0x789ee80073c0] Missing Sequence Header.
[av1 @ 0x789ee80073c0] Missing Sequence Header.
[av1 @ 0x789ee80073c0] Missing Sequence Header.
[av1 @ 0x789ee80073c0] Missing Sequence Header.
[av1 @ 0x789ee8004900] Your platform doesn't suppport hardware accelerated AV1 decoding.
[av1 @ 0x789ee8004900] Failed to get pixel format.
[av1 @ 0x789ee4002740] Your platform doesn't suppport hardware accelerated AV1 decoding.
[av1 @ 0x789ee4002740] Failed to get pixel format.
[av1 @ 0x789ee4002740] Missing Sequence Header.
[av1 @ 0x789ee4002740] Missing Sequence Header.
[av1 @ 0x789ee4002740] Missing Sequence Header.
[av1 @ 0x789ee4002740] Missing Sequence Header.
[av1 @ 0x789ee4002740] Missing Sequence Header.
[av1 @ 0x789ee4002740] Missing Sequence Header.
[av1 @ 0x789ee4002740] Missing Sequence Header.
[av1 @ 0x789ee4002740] Missing Sequence Header.
[av1 @ 0x789ee4002740] Missing Sequence Header.
[av1 @ 0x789ee4002740] Missing Sequence Header.
[av1 @ 0x789ee4002740] Missing Sequence Header.
[av1 @ 0x789ee4002740] Missing Sequence Header.
[av1 @ 0x789ee4002740] Missing Sequence Header.
[av1 @ 0x789ee4002740] Missing Sequence Header.
[av1 @ 0x789ee4002740] Missing Sequence Header.
[av1 @ 0x789ee4002740] Missing Sequence Header.
[av1 @ 0x789ee4002740] Missing Sequence Header.
[av1 @ 0x789ee4002740] Missing Sequence Header.
[av1 @ 0x789ee4002740] Missing Sequence Header.
[av1 @ 0x789ee4002740] Missing Sequence Header.
[av1 @ 0x789ee4002740] Missing Sequence Header.
[av1 @ 0x789ee4002740] Missing Sequence Header.
[av1 @ 0x789ee4002740] Missing Sequence Header.
[av1 @ 0x789ee4002740] Missing Sequence Header.
[av1 @ 0x789ee4002740] Missing Sequence Header.
[av1 @ 0x789ee4002740] Missing Sequence Header.
[av1 @ 0x789ee4002740] Missing Sequence Header.
[av1 @ 0x789ee4002740] Missing Sequence Header.
[av1 @ 0x789ee4002740] Missing Sequence Header.
[av1 @ 0x789ee4002740] Missing Sequence Header.
[av1 @ 0x789ee4002740] Missing Sequence Header.
[av1 @ 0x789ee4002740] Missing Sequence Header.
[av1 @ 0x789ee4002740] Missing Sequence Header.
[av1 @ 0x789ee4002740] Missing Sequence Header.
[av1 @ 0x789ee4002740] Missing Sequence Header.
[av1 @ 0x789ee4002740] Missing Sequence Header.
[av1 @ 0x789ee4002740] Missing Sequence Header.
[av1 @ 0x789ee4002740] Missing Sequence Header.
[av1 @ 0x789ee4002740] Missing Sequence Header.
[av1 @ 0x789ee4002740] Missing Sequence Header.
[av1 @ 0x789ee4002740] Missing Sequence Header.
[av1 @ 0x789ee4002740] Missing Sequence Header.
[av1 @ 0x789ee4002740] Missing Sequence Header.
[av1 @ 0x789ee4002740] Missing Sequence Header.
[av1 @ 0x789ee4002740] Missing Sequence Header.
[av1 @ 0x789ee4002740] Missing Sequence Header.
[av1 @ 0x789ee4002740] Missing Sequence Header.
[av1 @ 0x789ee4002740] Missing Sequence Header.
[av1 @ 0x789ee4002740] Missing Sequence Header.
[av1 @ 0x789ee4002740] Missing Sequence Header.
[av1 @ 0x789ee4002740] Missing Sequence Header.
[av1 @ 0x789ee4002740] Missing Sequence Header.
[av1 @ 0x789ee4002740] Missing Sequence Header.
[av1 @ 0x789ee4002740] Missing Sequence Header.
[av1 @ 0x789ee4002740] Missing Sequence Header.
[av1 @ 0x789ee4002740] Missing Sequence Header.
[av1 @ 0x789ee4002740] Missing Sequence Header.
[av1 @ 0x789ee4002740] Missing Sequence Header.
[av1 @ 0x789ee4002740] Missing Sequence Header.
[av1 @ 0x789ee4002740] Missing Sequence Header.
[av1 @ 0x789ee4002740] Missing Sequence Header.
[av1 @ 0x789ee4002740] Missing Sequence Header.
[av1 @ 0x789ee4002740] Missing Sequence Header.
[av1 @ 0x789ee4002740] Missing Sequence Header.
[av1 @ 0x789ee4002740] Missing Sequence Header.
[av1 @ 0x789ee4002740] Missing Sequence Header.
[av1 @ 0x789ee4002740] Missing Sequence Header.
[av1 @ 0x789ee4002740] Missing Sequence Header.
[av1 @ 0x789ee4002740] Missing Sequence Header.
[av1 @ 0x789ee4002740] Missing Sequence Header.
[av1 @ 0x789ee4002740] Missing Sequence Header.
[av1 @ 0x789ee4002740] Missing Sequence Header.
[av1 @ 0x789ee4002740] Missing Sequence Header.
[av1 @ 0x789ee4002740] Missing Sequence Header.
[av1 @ 0x789ee4002740] Missing Sequence Header.
[av1 @ 0x789ee4002740] Missing Sequence Header.
[av1 @ 0x789ee4002740] Missing Sequence Header.
[av1 @ 0x789ee4002740] Missing Sequence Header.
[av1 @ 0x789ee4002740] Missing Sequence Header.
[av1 @ 0x789ee4002740] Missing Sequence Header.
[av1 @ 0x789ee4002740] Missing Sequence Header.
[av1 @ 0x789ee4002740] Missing Sequence Header.
[av1 @ 0x789ee4002740] Missing Sequence Header.
[av1 @ 0x789ee4002740] Missing Sequence Header.
[av1 @ 0x789ee4002740] Missing Sequence Header.
[av1 @ 0x789ee4002740] Missing Sequence Header.
[av1 @ 0x789ee4002740] Missing Sequence Header.
[av1 @ 0x789ee4002740] Missing Sequence Header.
[av1 @ 0x789ee4002740] Missing Sequence Header.
[av1 @ 0x789ee4002740] Missing Sequence Header.
[av1 @ 0x789ee4002740] Missing Sequence Header.
[av1 @ 0x789ee4002740] Missing Sequence Header.
[av1 @ 0x789ee4002740] Missing Sequence Header.
[av1 @ 0x789ee4002740] Missing Sequence Header.
[av1 @ 0x789ee4002740] Missing Sequence Header.
[av1 @ 0x789ee4002740] Missing Sequence Header.
[av1 @ 0x789ee4002740] Missing Sequence Header.
[av1 @ 0x789ee4002740] Missing Sequence Header.
[av1 @ 0x789ee4002740] Your platform doesn't suppport hardware accelerated AV1 decoding.
[av1 @ 0x789ee4002740] Failed to get pixel format.
[av1 @ 0x789ee4002740] Missing Sequence Header.
[av1 @ 0x789ee4002740] Missing Sequence Header.
[av1 @ 0x789ee4002740] Missing Sequence Header.
[av1 @ 0x789ee4002740] Missing Sequence Header.
[av1 @ 0x789ee4002740] Missing Sequence Header.
[av1 @ 0x789ee4002740] Missing Sequence Header.
[av1 @ 0x789ee4002740] Missing Sequence Header.
[av1 @ 0x789ee4002740] Missing Sequence Header.
[av1 @ 0x789ee4002740] Missing Sequence Header.
[av1 @ 0x789ee4002740] Missing Sequence Header.
[av1 @ 0x789ee4002740] Missing Sequence Header.
[av1 @ 0x789ee4002740] Missing Sequence Header.
[av1 @ 0x789ee4002740] Missing Sequence Header.
[av1 @ 0x789ee4002740] Missing Sequence Header.
[av1 @ 0x789ee4002740] Missing Sequence Header.
[av1 @ 0x789ee4002740] Missing Sequence Header.
[av1 @ 0x789ee4002740] Missing Sequence Header.
[av1 @ 0x789ee4002740] Missing Sequence Header.
[av1 @ 0x789ee4002740] Missing Sequence Header.
[av1 @ 0x789ee4002740] Missing Sequence Header.
[av1 @ 0x789ee4002740] Missing Sequence Header.
[av1 @ 0x789ee4002740] Missing Sequence Header.
[av1 @ 0x789ee4002740] Missing Sequence Header.
[av1 @ 0x789ee4002740] Missing Sequence Header.
[av1 @ 0x789ee4002740] Missing Sequence Header.
[av1 @ 0x789ee4002740] Missing Sequence Header.
[av1 @ 0x789ee4002740] Missing Sequence Header.
[av1 @ 0x789ee4002740] Missing Sequence Header.
[av1 @ 0x789ee4002740] Missing Sequence Header.
[av1 @ 0x789ee4002740] Missing Sequence Header.
[av1 @ 0x789ee4002740] Missing Sequence Header.
[av1 @ 0x789ee4002740] Missing Sequence Header.
[av1 @ 0x789ee4002740] Missing Sequence Header.
[av1 @ 0x789ee4002740] Missing Sequence Header.
[av1 @ 0x789ee4002740] Missing Sequence Header.
[av1 @ 0x789ee4002740] Missing Sequence Header.
[av1 @ 0x789ee4002740] Missing Sequence Header.
[av1 @ 0x789ee4002740] Missing Sequence Header.
[av1 @ 0x789ee4002740] Missing Sequence Header.
[av1 @ 0x789ee4002740] Missing Sequence Header.
[av1 @ 0x789ee4002740] Missing Sequence Header.
[av1 @ 0x789ee4002740] Missing Sequence Header.
[av1 @ 0x789ee4002740] Missing Sequence Header.
[av1 @ 0x789ee4002740] Missing Sequence Header.
[av1 @ 0x789ee4002740] Missing Sequence Header.
[av1 @ 0x789ee4002740] Missing Sequence Header.
[av1 @ 0x789ee4002740] Missing Sequence Header.
[av1 @ 0x789ee4002740] Missing Sequence Header.
[av1 @ 0x789ee4002740] Missing Sequence Header.
[av1 @ 0x789ee4002740] Missing Sequence Header.
[av1 @ 0x789ee4017dc0] Your platform doesn't suppport hardware accelerated AV1 decoding.
[av1 @ 0x789ee4017dc0] Failed to get pixel format.
[av1 @ 0x789ee8008340] Your platform doesn't suppport hardware accelerated AV1 decoding.
[av1 @ 0x789ee8008340] Failed to get pixel format.
[av1 @ 0x789ee8008340] Missing Sequence Header.
[av1 @ 0x789ee8008340] Missing Sequence Header.
[av1 @ 0x789ee8008340] Missing Sequence Header.
[av1 @ 0x789ee8008340] Missing Sequence Header.
[av1 @ 0x789ee8008340] Missing Sequence Header.
[av1 @ 0x789ee8008340] Missing Sequence Header.
[av1 @ 0x789ee8008340] Missing Sequence Header.
[av1 @ 0x789ee8008340] Missing Sequence Header.
[av1 @ 0x789ee8008340] Missing Sequence Header.
[av1 @ 0x789ee8008340] Missing Sequence Header.
[av1 @ 0x789ee8008340] Missing Sequence Header.
[av1 @ 0x789ee8008340] Missing Sequence Header.
[av1 @ 0x789ee8008340] Missing Sequence Header.
[av1 @ 0x789ee8008340] Missing Sequence Header.
[av1 @ 0x789ee8008340] Missing Sequence Header.
[av1 @ 0x789ee8008340] Missing Sequence Header.
[av1 @ 0x789ee8008340] Missing Sequence Header.
[av1 @ 0x789ee8008340] Missing Sequence Header.
[av1 @ 0x789ee8008340] Missing Sequence Header.
[av1 @ 0x789ee8008340] Missing Sequence Header.
[av1 @ 0x789ee8008340] Missing Sequence Header.
[av1 @ 0x789ee8008340] Missing Sequence Header.
[av1 @ 0x789ee8008340] Missing Sequence Header.
[av1 @ 0x789ee8008340] Missing Sequence Header.
[av1 @ 0x789ee8008340] Missing Sequence Header.
[av1 @ 0x789ee8008340] Missing Sequence Header.
[av1 @ 0x789ee8008340] Missing Sequence Header.
[av1 @ 0x789ee8008340] Missing Sequence Header.
[av1 @ 0x789ee8008340] Missing Sequence Header.
[av1 @ 0x789ee8008340] Missing Sequence Header.
[av1 @ 0x789ee8008340] Missing Sequence Header.
[av1 @ 0x789ee8008340] Missing Sequence Header.
[av1 @ 0x789ee8008340] Missing Sequence Header.
[av1 @ 0x789ee8008340] Missing Sequence Header.
[av1 @ 0x789ee8008340] Missing Sequence Header.
[av1 @ 0x789ee8008340] Missing Sequence Header.
[av1 @ 0x789ee8008340] Missing Sequence Header.
[av1 @ 0x789ee8008340] Missing Sequence Header.
[av1 @ 0x789ee8008340] Missing Sequence Header.
[av1 @ 0x789ee8008340] Missing Sequence Header.
[av1 @ 0x789ee8008340] Missing Sequence Header.
[av1 @ 0x789ee8008340] Missing Sequence Header.
[av1 @ 0x789ee8008340] Missing Sequence Header.
[av1 @ 0x789ee8008340] Missing Sequence Header.
[av1 @ 0x789ee8008340] Missing Sequence Header.
[av1 @ 0x789ee8008340] Missing Sequence Header.
[av1 @ 0x789ee8008340] Missing Sequence Header.
[av1 @ 0x789ee8008340] Missing Sequence Header.
[av1 @ 0x789ee8008340] Missing Sequence Header.
[av1 @ 0x789ee8008340] Missing Sequence Header.
[av1 @ 0x789ee8008340] Missing Sequence Header.
[av1 @ 0x789ee8008340] Missing Sequence Header.
[av1 @ 0x789ee8008340] Missing Sequence Header.
[av1 @ 0x789ee8008340] Missing Sequence Header.
[av1 @ 0x789ee8008340] Missing Sequence Header.
[av1 @ 0x789ee8008340] Missing Sequence Header.
[av1 @ 0x789ee8008340] Missing Sequence Header.
[av1 @ 0x789ee8008340] Missing Sequence Header.
[av1 @ 0x789ee8008340] Missing Sequence Header.
[av1 @ 0x789ee8008340] Missing Sequence Header.
[av1 @ 0x789ee8008340] Missing Sequence Header.
[av1 @ 0x789ee8008340] Missing Sequence Header.
[av1 @ 0x789ee8008340] Missing Sequence Header.
[av1 @ 0x789ee8008340] Missing Sequence Header.
[av1 @ 0x789ee8008340] Missing Sequence Header.
[av1 @ 0x789ee8008340] Missing Sequence Header.
[av1 @ 0x789ee8008340] Missing Sequence Header.
[av1 @ 0x789ee8008340] Missing Sequence Header.
[av1 @ 0x789ee8008340] Missing Sequence Header.
[av1 @ 0x789ee8008340] Missing Sequence Header.
[av1 @ 0x789ee8008340] Missing Sequence Header.
[av1 @ 0x789ee8008340] Missing Sequence Header.
[av1 @ 0x789ee8008340] Missing Sequence Header.
[av1 @ 0x789ee8008340] Missing Sequence Header.
[av1 @ 0x789ee8008340] Missing Sequence Header.
[av1 @ 0x789ee8008340] Missing Sequence Header.
[av1 @ 0x789ee8008340] Missing Sequence Header.
[av1 @ 0x789ee8008340] Missing Sequence Header.
[av1 @ 0x789ee8008340] Missing Sequence Header.
[av1 @ 0x789ee8008340] Missing Sequence Header.
[av1 @ 0x789ee8008340] Missing Sequence Header.
[av1 @ 0x789ee8008340] Missing Sequence Header.
[av1 @ 0x789ee8008340] Missing Sequence Header.
[av1 @ 0x789ee8008340] Missing Sequence Header.
[av1 @ 0x789ee8008340] Missing Sequence Header.
[av1 @ 0x789ee8008340] Missing Sequence Header.
[av1 @ 0x789ee8008340] Missing Sequence Header.
[av1 @ 0x789ee8008340] Missing Sequence Header.
[av1 @ 0x789ee8008340] Missing Sequence Header.
[av1 @ 0x789ee8008340] Missing Sequence Header.
[av1 @ 0x789ee8008340] Missing Sequence Header.
[av1 @ 0x789ee8008340] Missing Sequence Header.
[av1 @ 0x789ee8008340] Missing Sequence Header.
[av1 @ 0x789ee8008340] Missing Sequence Header.
[av1 @ 0x789ee8008340] Missing Sequence Header.
[av1 @ 0x789ee8008340] Missing Sequence Header.
[av1 @ 0x789ee8008340] Missing Sequence Header.
[av1 @ 0x789ee8008340] Missing Sequence Header.
[av1 @ 0x789ee8008340] Missing Sequence Header.
[av1 @ 0x789ee8008340] Missing Sequence Header.
[av1 @ 0x789ee8008340] Missing Sequence Header.
[av1 @ 0x789ee8008340] Missing Sequence Header.
[av1 @ 0x789ee8008340] Missing Sequence Header.
[av1 @ 0x789ee8008340] Missing Sequence Header.
[av1 @ 0x789ee8008340] Missing Sequence Header.
[av1 @ 0x789ee8008340] Missing Sequence Header.
[av1 @ 0x789ee8008340] Missing Sequence Header.
[av1 @ 0x789ee8008340] Missing Sequence Header.
[av1 @ 0x789ee8008340] Missing Sequence Header.
[av1 @ 0x789ee8008340] Missing Sequence Header.
[av1 @ 0x789ee8008340] Missing Sequence Header.
[av1 @ 0x789ee8008340] Missing Sequence Header.
[av1 @ 0x789ee8008340] Missing Sequence Header.
[av1 @ 0x789ee8008340] Your platform doesn't suppport hardware accelerated AV1 decoding.
[av1 @ 0x789ee8008340] Failed to get pixel format.
[av1 @ 0x789ee8008340] Missing Sequence Header.
[av1 @ 0x789ee8008340] Missing Sequence Header.
[av1 @ 0x789ee8008340] Missing Sequence Header.
[av1 @ 0x789ee8008340] Missing Sequence Header.
[av1 @ 0x789ee8008340] Missing Sequence Header.
[av1 @ 0x789ee8008340] Missing Sequence Header.
[av1 @ 0x789ee8008340] Missing Sequence Header.
[av1 @ 0x789ee8008340] Missing Sequence Header.
[av1 @ 0x789ee8008340] Missing Sequence Header.
[av1 @ 0x789ee8008340] Missing Sequence Header.
[av1 @ 0x789ee8008340] Missing Sequence Header.
[av1 @ 0x789ee8008340] Missing Sequence Header.
[av1 @ 0x789ee8008340] Missing Sequence Header.
[av1 @ 0x789ee8008340] Missing Sequence Header.
[av1 @ 0x789ee8008340] Missing Sequence Header.
[av1 @ 0x789ee8008340] Missing Sequence Header.
[av1 @ 0x789ee8008340] Missing Sequence Header.
[av1 @ 0x789ee8008340] Missing Sequence Header.
[av1 @ 0x789ee8008340] Missing Sequence Header.
[av1 @ 0x789ee8008340] Missing Sequence Header.
[av1 @ 0x789ee8008340] Missing Sequence Header.
[av1 @ 0x789ee8008340] Missing Sequence Header.
[av1 @ 0x789ee8008340] Missing Sequence Header.
[av1 @ 0x789ee8008340] Missing Sequence Header.
[av1 @ 0x789ee8008340] Missing Sequence Header.
[av1 @ 0x789ee8008340] Missing Sequence Header.
[av1 @ 0x789ee8008340] Missing Sequence Header.
[av1 @ 0x789ee8008340] Missing Sequence Header.
[av1 @ 0x789ee8008340] Missing Sequence Header.
[av1 @ 0x789ee8008340] Missing Sequence Header.
[av1 @ 0x789ee8008340] Missing Sequence Header.
[av1 @ 0x789ee8008340] Missing Sequence Header.
[av1 @ 0x789ee8008340] Missing Sequence Header.
[av1 @ 0x789ee8008340] Missing Sequence Header.
[av1 @ 0x789ee8008340] Missing Sequence Header.
[av1 @ 0x789ee8008340] Missing Sequence Header.
[av1 @ 0x789ee8004900] Your platform doesn't suppport hardware accelerated AV1 decoding.
[av1 @ 0x789ee8004900] Failed to get pixel format.
{"stage": "downloading", "time": "2026-10-05T07:50:27.836391+00:00", "requested": 1200, "completed": 30, "successful": 9}
[av1 @ 0x789ee80073c0] Your platform doesn't suppport hardware accelerated AV1 decoding.
[av1 @ 0x789ee80073c0] Failed to get pixel format.
[av1 @ 0x789ee80073c0] Missing Sequence Header.
[av1 @ 0x789ee80073c0] Missing Sequence Header.
[av1 @ 0x789ee80073c0] Missing Sequence Header.
[av1 @ 0x789ee80073c0] Missing Sequence Header.
[av1 @ 0x789ee80073c0] Missing Sequence Header.
[av1 @ 0x789ee80073c0] Missing Sequence Header.
[av1 @ 0x789ee80073c0] Missing Sequence Header.
[av1 @ 0x789ee80073c0] Missing Sequence Header.
[av1 @ 0x789ee80073c0] Missing Sequence Header.
[av1 @ 0x789ee80073c0] Missing Sequence Header.
[av1 @ 0x789ee80073c0] Missing Sequence Header.
[av1 @ 0x789ee80073c0] Missing Sequence Header.
[av1 @ 0x789ee80073c0] Missing Sequence Header.
[av1 @ 0x789ee80073c0] Missing Sequence Header.
[av1 @ 0x789ee80073c0] Missing Sequence Header.
[av1 @ 0x789ee80073c0] Missing Sequence Header.
[av1 @ 0x789ee80073c0] Missing Sequence Header.
[av1 @ 0x789ee80073c0] Missing Sequence Header.
[av1 @ 0x789ee80073c0] Missing Sequence Header.
[av1 @ 0x789ee80073c0] Missing Sequence Header.
[av1 @ 0x789ee80073c0] Missing Sequence Header.
[av1 @ 0x789ee80073c0] Missing Sequence Header.
[av1 @ 0x789ee80073c0] Missing Sequence Header.
[av1 @ 0x789ee80073c0] Missing Sequence Header.
[av1 @ 0x789ee80073c0] Missing Sequence Header.
[av1 @ 0x789ee80073c0] Missing Sequence Header.
[av1 @ 0x789ee80073c0] Missing Sequence Header.
[av1 @ 0x789ee80073c0] Missing Sequence Header.
[av1 @ 0x789ee80073c0] Missing Sequence Header.
[av1 @ 0x789ee80073c0] Missing Sequence Header.
[av1 @ 0x789ee80073c0] Missing Sequence Header.
[av1 @ 0x789ee80073c0] Missing Sequence Header.
[av1 @ 0x789ee80073c0] Missing Sequence Header.
[av1 @ 0x789ee80073c0] Missing Sequence Header.
[av1 @ 0x789ee80073c0] Missing Sequence Header.
[av1 @ 0x789ee80073c0] Missing Sequence Header.
[av1 @ 0x789ee80073c0] Missing Sequence Header.
[av1 @ 0x789ee80073c0] Missing Sequence Header.
[av1 @ 0x789ee80073c0] Missing Sequence Header.
[av1 @ 0x789ee80073c0] Missing Sequence Header.
[av1 @ 0x789ee80073c0] Missing Sequence Header.
[av1 @ 0x789ee80073c0] Missing Sequence Header.
[av1 @ 0x789ee80073c0] Missing Sequence Header.
[av1 @ 0x789ee80073c0] Missing Sequence Header.
[av1 @ 0x789ee80073c0] Missing Sequence Header.
[av1 @ 0x789ee80073c0] Missing Sequence Header.
[av1 @ 0x789ee80073c0] Missing Sequence Header.
[av1 @ 0x789ee80073c0] Missing Sequence Header.
[av1 @ 0x789ee80073c0] Missing Sequence Header.
[av1 @ 0x789ee80073c0] Missing Sequence Header.
[av1 @ 0x789ee80073c0] Missing Sequence Header.
[av1 @ 0x789ee80073c0] Missing Sequence Header.
[av1 @ 0x789ee80073c0] Missing Sequence Header.
[av1 @ 0x789ee80073c0] Missing Sequence Header.
[av1 @ 0x789ee80073c0] Missing Sequence Header.
[av1 @ 0x789ee80073c0] Missing Sequence Header.
[av1 @ 0x789ee80073c0] Missing Sequence Header.
[av1 @ 0x789ee80073c0] Missing Sequence Header.
[av1 @ 0x789ee80073c0] Missing Sequence Header.
[av1 @ 0x789ee80073c0] Missing Sequence Header.
[av1 @ 0x789ee80073c0] Missing Sequence Header.
[av1 @ 0x789ee80073c0] Missing Sequence Header.
[av1 @ 0x789ee80073c0] Missing Sequence Header.
[av1 @ 0x789ee80073c0] Missing Sequence Header.
[av1 @ 0x789ee80073c0] Missing Sequence Header.
[av1 @ 0x789ee80073c0] Missing Sequence Header.
[av1 @ 0x789ee80073c0] Missing Sequence Header.
[av1 @ 0x789ee80073c0] Missing Sequence Header.
[av1 @ 0x789ee80073c0] Missing Sequence Header.
[av1 @ 0x789ee80073c0] Missing Sequence Header.
[av1 @ 0x789ee80073c0] Missing Sequence Header.
[av1 @ 0x789ee80073c0] Missing Sequence Header.
[av1 @ 0x789ee80073c0] Missing Sequence Header.
[av1 @ 0x789ee80073c0] Missing Sequence Header.
[av1 @ 0x789ee80073c0] Missing Sequence Header.
[av1 @ 0x789ee80073c0] Missing Sequence Header.
[av1 @ 0x789ee80073c0] Missing Sequence Header.
[av1 @ 0x789ee80073c0] Missing Sequence Header.
[av1 @ 0x789ee80073c0] Missing Sequence Header.
[av1 @ 0x789ee80073c0] Missing Sequence Header.
[av1 @ 0x789ee80073c0] Missing Sequence Header.
[av1 @ 0x789ee80073c0] Missing Sequence Header.
[av1 @ 0x789ee80073c0] Missing Sequence Header.
[av1 @ 0x789ee80073c0] Missing Sequence Header.
[av1 @ 0x789ee80073c0] Missing Sequence Header.
[av1 @ 0x789ee80073c0] Missing Sequence Header.
[av1 @ 0x789ee80073c0] Missing Sequence Header.
[av1 @ 0x789ee80073c0] Missing Sequence Header.
[av1 @ 0x789ee80073c0] Missing Sequence Header.
[av1 @ 0x789ee80073c0] Missing Sequence Header.
[av1 @ 0x789ee80073c0] Missing Sequence Header.
[av1 @ 0x789ee80073c0] Missing Sequence Header.
[av1 @ 0x789ee80073c0] Missing Sequence Header.
[av1 @ 0x789ee80073c0] Missing Sequence Header.
[av1 @ 0x789ee80073c0] Missing Sequence Header.
[av1 @ 0x789ee80073c0] Missing Sequence Header.
[av1 @ 0x789ee80073c0] Missing Sequence Header.
[av1 @ 0x789ee80073c0] Missing Sequence Header.
[av1 @ 0x789ee80073c0] Missing Sequence Header.
[av1 @ 0x789ee80073c0] Missing Sequence Header.
[av1 @ 0x789ee80073c0] Missing Sequence Header.
[av1 @ 0x789ee80073c0] Missing Sequence Header.
[av1 @ 0x789ee80073c0] Missing Sequence Header.
[av1 @ 0x789ee80073c0] Missing Sequence Header.
[av1 @ 0x789ee80073c0] Missing Sequence Header.
[av1 @ 0x789ee80073c0] Missing Sequence Header.
[av1 @ 0x789ee80073c0] Missing Sequence Header.
[av1 @ 0x789ee80073c0] Missing Sequence Header.
[av1 @ 0x789ee80073c0] Missing Sequence Header.
[av1 @ 0x789ee80073c0] Missing Sequence Header.
[av1 @ 0x789ee80073c0] Missing Sequence Header.
[av1 @ 0x789ee80073c0] Missing Sequence Header.
[av1 @ 0x789ee80073c0] Missing Sequence Header.
[av1 @ 0x789ee80073c0] Missing Sequence Header.
[av1 @ 0x789ee80073c0] Missing Sequence Header.
[av1 @ 0x789ee80073c0] Missing Sequence Header.
[av1 @ 0x789ee80073c0] Missing Sequence Header.
[av1 @ 0x789ee80073c0] Missing Sequence Header.
[av1 @ 0x789ee80073c0] Missing Sequence Header.
[av1 @ 0x789ee80073c0] Missing Sequence Header.
[av1 @ 0x789ee80073c0] Missing Sequence Header.
[av1 @ 0x789ee80073c0] Missing Sequence Header.
[av1 @ 0x789ee80073c0] Missing Sequence Header.
[av1 @ 0x789ee80073c0] Missing Sequence Header.
[av1 @ 0x789ee80073c0] Missing Sequence Header.
[av1 @ 0x789ee80073c0] Missing Sequence Header.
[av1 @ 0x789ee80073c0] Missing Sequence Header.
[av1 @ 0x789ee80073c0] Missing Sequence Header.
[av1 @ 0x789ee80073c0] Missing Sequence Header.
[av1 @ 0x789ee80073c0] Missing Sequence Header.
[av1 @ 0x789ee80073c0] Missing Sequence Header.
[av1 @ 0x789ee80073c0] Missing Sequence Header.
[av1 @ 0x789ee80073c0] Missing Sequence Header.
[av1 @ 0x789ee80073c0] Missing Sequence Header.
[av1 @ 0x789ee80073c0] Missing Sequence Header.
[av1 @ 0x789ee80073c0] Missing Sequence Header.
[av1 @ 0x789ee80073c0] Missing Sequence Header.
[av1 @ 0x789ee80073c0] Missing Sequence Header.
[av1 @ 0x789ee80073c0] Missing Sequence Header.
[av1 @ 0x789ee80073c0] Missing Sequence Header.
[av1 @ 0x789ee80073c0] Missing Sequence Header.
[av1 @ 0x789ee80073c0] Missing Sequence Header.
[av1 @ 0x789ee80073c0] Missing Sequence Header.
[av1 @ 0x789ee80073c0] Missing Sequence Header.
[av1 @ 0x789ee80073c0] Missing Sequence Header.
[av1 @ 0x789ee80073c0] Missing Sequence Header.
[av1 @ 0x789ee80073c0] Missing Sequence Header.
[av1 @ 0x789ee80073c0] Missing Sequence Header.
[av1 @ 0x789ee80073c0] Missing Sequence Header.
[av1 @ 0x789ee8004900] Your platform doesn't suppport hardware accelerated AV1 decoding.
[av1 @ 0x789ee8004900] Failed to get pixel format.
[av1 @ 0x789ee0002500] Your platform doesn't suppport hardware accelerated AV1 decoding.
[av1 @ 0x789ee0002500] Failed to get pixel format.
[av1 @ 0x789ee0002500] Missing Sequence Header.
[av1 @ 0x789ee0002500] Missing Sequence Header.
[av1 @ 0x789ee0002500] Missing Sequence Header.
[av1 @ 0x789ee0002500] Missing Sequence Header.
[av1 @ 0x789ee0002500] Missing Sequence Header.
[av1 @ 0x789ee0002500] Missing Sequence Header.
[av1 @ 0x789ee0002500] Missing Sequence Header.
[av1 @ 0x789ee0002500] Missing Sequence Header.
[av1 @ 0x789ee0002500] Missing Sequence Header.
[av1 @ 0x789ee0002500] Missing Sequence Header.
[av1 @ 0x789ee0002500] Missing Sequence Header.
[av1 @ 0x789ee0002500] Missing Sequence Header.
[av1 @ 0x789ee0002500] Missing Sequence Header.
[av1 @ 0x789ee0002500] Missing Sequence Header.
[av1 @ 0x789ee0002500] Missing Sequence Header.
[av1 @ 0x789ee0002500] Missing Sequence Header.
[av1 @ 0x789ee0002500] Missing Sequence Header.
[av1 @ 0x789ee0002500] Missing Sequence Header.
[av1 @ 0x789ee0002500] Missing Sequence Header.
[av1 @ 0x789ee0002500] Missing Sequence Header.
[av1 @ 0x789ee0002500] Missing Sequence Header.
[av1 @ 0x789ee0002500] Missing Sequence Header.
[av1 @ 0x789ee0002500] Missing Sequence Header.
[av1 @ 0x789ee0002500] Missing Sequence Header.
[av1 @ 0x789ee0002500] Missing Sequence Header.
[av1 @ 0x789ee0002500] Missing Sequence Header.
[av1 @ 0x789ee0002500] Missing Sequence Header.
[av1 @ 0x789ee0002500] Missing Sequence Header.
[av1 @ 0x789ee0002500] Missing Sequence Header.
[av1 @ 0x789ee0002500] Missing Sequence Header.
[av1 @ 0x789ee0002500] Missing Sequence Header.
[av1 @ 0x789ee0002500] Missing Sequence Header.
[av1 @ 0x789ee0002500] Missing Sequence Header.
[av1 @ 0x789ee0002500] Missing Sequence Header.
[av1 @ 0x789ee0002500] Missing Sequence Header.
[av1 @ 0x789ee0002500] Missing Sequence Header.
[av1 @ 0x789ee0002500] Missing Sequence Header.
[av1 @ 0x789ee0002500] Missing Sequence Header.
[av1 @ 0x789ee0002500] Missing Sequence Header.
[av1 @ 0x789ee0002500] Missing Sequence Header.
[av1 @ 0x789ee0002500] Missing Sequence Header.
[av1 @ 0x789ee0002500] Missing Sequence Header.
[av1 @ 0x789ee0002500] Missing Sequence Header.
[av1 @ 0x789ee0002500] Missing Sequence Header.
[av1 @ 0x789ee0002500] Missing Sequence Header.
[av1 @ 0x789ee0002500] Missing Sequence Header.
[av1 @ 0x789ee0002500] Missing Sequence Header.
[av1 @ 0x789ee0002500] Missing Sequence Header.
[av1 @ 0x789ee0002500] Missing Sequence Header.
[av1 @ 0x789ee0002500] Missing Sequence Header.
[av1 @ 0x789ee0002500] Missing Sequence Header.
[av1 @ 0x789ee0002500] Missing Sequence Header.
[av1 @ 0x789ee0002500] Missing Sequence Header.
[av1 @ 0x789ee0002500] Missing Sequence Header.
[av1 @ 0x789ee0002500] Missing Sequence Header.
[av1 @ 0x789ee0002500] Missing Sequence Header.
[av1 @ 0x789ee0002500] Missing Sequence Header.
[av1 @ 0x789ee0002500] Missing Sequence Header.
[av1 @ 0x789ee0002500] Missing Sequence Header.
[av1 @ 0x789ee0002500] Missing Sequence Header.
[av1 @ 0x789ee0002500] Missing Sequence Header.
[av1 @ 0x789ee0002500] Missing Sequence Header.
[av1 @ 0x789ee0002500] Missing Sequence Header.
[av1 @ 0x789ee0002500] Missing Sequence Header.
[av1 @ 0x789ee0002500] Missing Sequence Header.
[av1 @ 0x789ee0002500] Missing Sequence Header.
[av1 @ 0x789ee0002500] Missing Sequence Header.
[av1 @ 0x789ee0002500] Missing Sequence Header.
[av1 @ 0x789ee0002500] Missing Sequence Header.
[av1 @ 0x789ee0002500] Missing Sequence Header.
[av1 @ 0x789ee0002500] Missing Sequence Header.
[av1 @ 0x789ee0002500] Your platform doesn't suppport hardware accelerated AV1 decoding.
[av1 @ 0x789ee0002500] Failed to get pixel format.
[av1 @ 0x789ee0002500] Missing Sequence Header.
[av1 @ 0x789ee0002500] Missing Sequence Header.
[av1 @ 0x789ee0002500] Missing Sequence Header.
[av1 @ 0x789ee0002500] Missing Sequence Header.
[av1 @ 0x789ee0002500] Missing Sequence Header.
[av1 @ 0x789ee0002500] Missing Sequence Header.
[av1 @ 0x789ee0002500] Missing Sequence Header.
[av1 @ 0x789ee0002500] Missing Sequence Header.
[av1 @ 0x789ee0002500] Missing Sequence Header.
[av1 @ 0x789ee0002500] Missing Sequence Header.
[av1 @ 0x789ee0002500] Missing Sequence Header.
[av1 @ 0x789ee0002500] Missing Sequence Header.
[av1 @ 0x789ee0002500] Missing Sequence Header.
[av1 @ 0x789ee0002500] Missing Sequence Header.
[av1 @ 0x789ee0002500] Missing Sequence Header.
[av1 @ 0x789ee0002500] Missing Sequence Header.
[av1 @ 0x789ee0002500] Missing Sequence Header.
[av1 @ 0x789ee0002500] Missing Sequence Header.
[av1 @ 0x789ee0002500] Missing Sequence Header.
[av1 @ 0x789ee0002500] Missing Sequence Header.
[av1 @ 0x789ee0002500] Missing Sequence Header.
[av1 @ 0x789ee0002500] Missing Sequence Header.
[av1 @ 0x789ee0002500] Missing Sequence Header.
[av1 @ 0x789ee0002500] Missing Sequence Header.
[av1 @ 0x789ee0002500] Missing Sequence Header.
[av1 @ 0x789ee0002500] Missing Sequence Header.
[av1 @ 0x789ee0002500] Missing Sequence Header.
[av1 @ 0x789ee0002500] Missing Sequence Header.
[av1 @ 0x789ee0002500] Missing Sequence Header.
[av1 @ 0x789ee0002500] Missing Sequence Header.
[av1 @ 0x789ee0002500] Missing Sequence Header.
[av1 @ 0x789ee0002500] Missing Sequence Header.
[av1 @ 0x789ee0002500] Missing Sequence Header.
[av1 @ 0x789ee0002500] Missing Sequence Header.
[av1 @ 0x789ee0002500] Missing Sequence Header.
[av1 @ 0x789ee0002500] Missing Sequence Header.
[av1 @ 0x789ee0002500] Missing Sequence Header.
[av1 @ 0x789ee0002500] Missing Sequence Header.
[av1 @ 0x789ee0002500] Missing Sequence Header.
[av1 @ 0x789ee0002500] Missing Sequence Header.
[av1 @ 0x789ee0002500] Missing Sequence Header.
[av1 @ 0x789ee0002500] Missing Sequence Header.
[av1 @ 0x789ee0002500] Missing Sequence Header.
[av1 @ 0x789ee0002500] Missing Sequence Header.
[av1 @ 0x789ee0002500] Missing Sequence Header.
[av1 @ 0x789ee0002500] Missing Sequence Header.
[av1 @ 0x789ee0002500] Missing Sequence Header.
[av1 @ 0x789ee0002500] Missing Sequence Header.
[av1 @ 0x789ee0002500] Missing Sequence Header.
[av1 @ 0x789ee0002500] Missing Sequence Header.
[av1 @ 0x789ee0002500] Missing Sequence Header.
[av1 @ 0x789ee0002500] Missing Sequence Header.
[av1 @ 0x789ee0002500] Missing Sequence Header.
[av1 @ 0x789ee0002500] Missing Sequence Header.
[av1 @ 0x789ee0002500] Missing Sequence Header.
[av1 @ 0x789ee0002500] Missing Sequence Header.
[av1 @ 0x789ee0002500] Missing Sequence Header.
[av1 @ 0x789ee0002500] Missing Sequence Header.
[av1 @ 0x789ee0002500] Missing Sequence Header.
[av1 @ 0x789ee0002500] Missing Sequence Header.
[av1 @ 0x789ee0002500] Missing Sequence Header.
[av1 @ 0x789ee0002500] Missing Sequence Header.
[av1 @ 0x789ee0002500] Missing Sequence Header.
[av1 @ 0x789ee0002500] Missing Sequence Header.
[av1 @ 0x789ee0002500] Missing Sequence Header.
[av1 @ 0x789ee0002500] Missing Sequence Header.
[av1 @ 0x789ee0002500] Missing Sequence Header.
[av1 @ 0x789ee0002500] Missing Sequence Header.
[av1 @ 0x789ee0002500] Missing Sequence Header.
[av1 @ 0x789ee0002500] Missing Sequence Header.
[av1 @ 0x789ee0002500] Missing Sequence Header.
[av1 @ 0x789ee0002500] Missing Sequence Header.
[av1 @ 0x789ee0002500] Missing Sequence Header.
[av1 @ 0x789ee0002500] Missing Sequence Header.
[av1 @ 0x789ee0002500] Missing Sequence Header.
[av1 @ 0x789ee0002500] Missing Sequence Header.
[av1 @ 0x789ee0002500] Missing Sequence Header.
[av1 @ 0x789ee0002500] Missing Sequence Header.
[av1 @ 0x789ee00142c0] Your platform doesn't suppport hardware accelerated AV1 decoding.
[av1 @ 0x789ee00142c0] Failed to get pixel format.
[av1 @ 0x789ee80073c0] Your platform doesn't suppport hardware accelerated AV1 decoding.
[av1 @ 0x789ee80073c0] Failed to get pixel format.
[av1 @ 0x789ee80073c0] Missing Sequence Header.
[av1 @ 0x789ee80073c0] Missing Sequence Header.
[av1 @ 0x789ee80073c0] Missing Sequence Header.
[av1 @ 0x789ee80073c0] Missing Sequence Header.
[av1 @ 0x789ee80073c0] Missing Sequence Header.
[av1 @ 0x789ee80073c0] Missing Sequence Header.
[av1 @ 0x789ee80073c0] Missing Sequence Header.
[av1 @ 0x789ee80073c0] Missing Sequence Header.
[av1 @ 0x789ee80073c0] Missing Sequence Header.
[av1 @ 0x789ee80073c0] Missing Sequence Header.
[av1 @ 0x789ee80073c0] Missing Sequence Header.
[av1 @ 0x789ee80073c0] Missing Sequence Header.
[av1 @ 0x789ee80073c0] Missing Sequence Header.
[av1 @ 0x789ee80073c0] Missing Sequence Header.
[av1 @ 0x789ee80073c0] Missing Sequence Header.
[av1 @ 0x789ee80073c0] Missing Sequence Header.
[av1 @ 0x789ee80073c0] Missing Sequence Header.
[av1 @ 0x789ee80073c0] Missing Sequence Header.
[av1 @ 0x789ee80073c0] Missing Sequence Header.
[av1 @ 0x789ee80073c0] Missing Sequence Header.
[av1 @ 0x789ee80073c0] Missing Sequence Header.
[av1 @ 0x789ee80073c0] Missing Sequence Header.
[av1 @ 0x789ee80073c0] Missing Sequence Header.
[av1 @ 0x789ee80073c0] Missing Sequence Header.
[av1 @ 0x789ee80073c0] Missing Sequence Header.
[av1 @ 0x789ee80073c0] Missing Sequence Header.
[av1 @ 0x789ee80073c0] Missing Sequence Header.
[av1 @ 0x789ee80073c0] Missing Sequence Header.
[av1 @ 0x789ee80073c0] Missing Sequence Header.
[av1 @ 0x789ee80073c0] Missing Sequence Header.
[av1 @ 0x789ee80073c0] Missing Sequence Header.
[av1 @ 0x789ee80073c0] Missing Sequence Header.
[av1 @ 0x789ee80073c0] Missing Sequence Header.
[av1 @ 0x789ee80073c0] Missing Sequence Header.
[av1 @ 0x789ee80073c0] Missing Sequence Header.
[av1 @ 0x789ee80073c0] Missing Sequence Header.
[av1 @ 0x789ee80073c0] Missing Sequence Header.
[av1 @ 0x789ee80073c0] Missing Sequence Header.
[av1 @ 0x789ee80073c0] Missing Sequence Header.
[av1 @ 0x789ee80073c0] Missing Sequence Header.
[av1 @ 0x789ee80073c0] Missing Sequence Header.
[av1 @ 0x789ee80073c0] Missing Sequence Header.
[av1 @ 0x789ee80073c0] Missing Sequence Header.
[av1 @ 0x789ee80073c0] Missing Sequence Header.
[av1 @ 0x789ee80073c0] Missing Sequence Header.
[av1 @ 0x789ee80073c0] Missing Sequence Header.
[av1 @ 0x789ee80073c0] Missing Sequence Header.
[av1 @ 0x789ee80073c0] Missing Sequence Header.
[av1 @ 0x789ee80073c0] Missing Sequence Header.
[av1 @ 0x789ee80073c0] Missing Sequence Header.
[av1 @ 0x789ee80073c0] Missing Sequence Header.
[av1 @ 0x789ee80073c0] Missing Sequence Header.
[av1 @ 0x789ee80073c0] Missing Sequence Header.
[av1 @ 0x789ee80073c0] Missing Sequence Header.
[av1 @ 0x789ee80073c0] Missing Sequence Header.
[av1 @ 0x789ee80073c0] Missing Sequence Header.
[av1 @ 0x789ee80073c0] Missing Sequence Header.
[av1 @ 0x789ee80073c0] Missing Sequence Header.
[av1 @ 0x789ee80073c0] Missing Sequence Header.
[av1 @ 0x789ee80073c0] Missing Sequence Header.
[av1 @ 0x789ee80073c0] Missing Sequence Header.
[av1 @ 0x789ee80073c0] Missing Sequence Header.
[av1 @ 0x789ee80073c0] Missing Sequence Header.
[av1 @ 0x789ee80073c0] Missing Sequence Header.
[av1 @ 0x789ee80073c0] Missing Sequence Header.
[av1 @ 0x789ee80073c0] Missing Sequence Header.
[av1 @ 0x789ee80073c0] Missing Sequence Header.
[av1 @ 0x789ee80073c0] Missing Sequence Header.
[av1 @ 0x789ee80073c0] Missing Sequence Header.
[av1 @ 0x789ee80073c0] Missing Sequence Header.
[av1 @ 0x789ee80073c0] Missing Sequence Header.
[av1 @ 0x789ee80073c0] Missing Sequence Header.
[av1 @ 0x789ee80073c0] Missing Sequence Header.
[av1 @ 0x789ee80073c0] Missing Sequence Header.
[av1 @ 0x789ee80073c0] Missing Sequence Header.
[av1 @ 0x789ee80073c0] Missing Sequence Header.
[av1 @ 0x789ee80073c0] Missing Sequence Header.
[av1 @ 0x789ee80073c0] Missing Sequence Header.
[av1 @ 0x789ee80073c0] Missing Sequence Header.
[av1 @ 0x789ee80073c0] Missing Sequence Header.
[av1 @ 0x789ee80073c0] Missing Sequence Header.
[av1 @ 0x789ee80073c0] Missing Sequence Header.
[av1 @ 0x789ee80073c0] Missing Sequence Header.
[av1 @ 0x789ee80073c0] Missing Sequence Header.
[av1 @ 0x789ee80073c0] Missing Sequence Header.
[av1 @ 0x789ee80073c0] Missing Sequence Header.
[av1 @ 0x789ee80073c0] Missing Sequence Header.
[av1 @ 0x789ee80073c0] Missing Sequence Header.
[av1 @ 0x789ee80073c0] Missing Sequence Header.
[av1 @ 0x789ee80073c0] Missing Sequence Header.
[av1 @ 0x789ee80073c0] Missing Sequence Header.
[av1 @ 0x789ee80073c0] Missing Sequence Header.
[av1 @ 0x789ee80073c0] Missing Sequence Header.
[av1 @ 0x789ee80073c0] Missing Sequence Header.
[av1 @ 0x789ee80073c0] Missing Sequence Header.
[av1 @ 0x789ee80073c0] Missing Sequence Header.
[av1 @ 0x789ee80073c0] Missing Sequence Header.
[av1 @ 0x789ee80073c0] Missing Sequence Header.
[av1 @ 0x789ee80073c0] Missing Sequence Header.
[av1 @ 0x789ee80073c0] Missing Sequence Header.
[av1 @ 0x789ee80073c0] Missing Sequence Header.
[av1 @ 0x789ee80073c0] Missing Sequence Header.
[av1 @ 0x789ee80073c0] Missing Sequence Header.
[av1 @ 0x789ee80073c0] Missing Sequence Header.
[av1 @ 0x789ee80073c0] Missing Sequence Header.
[av1 @ 0x789ee80073c0] Missing Sequence Header.
[av1 @ 0x789ee80073c0] Missing Sequence Header.
[av1 @ 0x789ee80073c0] Missing Sequence Header.
[av1 @ 0x789ee80073c0] Missing Sequence Header.
[av1 @ 0x789ee80073c0] Missing Sequence Header.
[av1 @ 0x789ee80073c0] Missing Sequence Header.
[av1 @ 0x789ee80073c0] Missing Sequence Header.
[av1 @ 0x789ee80073c0] Missing Sequence Header.
[av1 @ 0x789ee80073c0] Missing Sequence Header.
[av1 @ 0x789ee80073c0] Missing Sequence Header.
[av1 @ 0x789ee80073c0] Missing Sequence Header.
[av1 @ 0x789ee80073c0] Missing Sequence Header.
[av1 @ 0x789ee80073c0] Missing Sequence Header.
[av1 @ 0x789ee80073c0] Missing Sequence Header.
[av1 @ 0x789ee80073c0] Missing Sequence Header.
[av1 @ 0x789ee80073c0] Missing Sequence Header.
[av1 @ 0x789ee80073c0] Missing Sequence Header.
[av1 @ 0x789ee80073c0] Missing Sequence Header.
[av1 @ 0x789ee80073c0] Missing Sequence Header.
[av1 @ 0x789ee80073c0] Missing Sequence Header.
[av1 @ 0x789ee80073c0] Missing Sequence Header.
[av1 @ 0x789ee80073c0] Missing Sequence Header.
[av1 @ 0x789ee80073c0] Missing Sequence Header.
[av1 @ 0x789ee80073c0] Missing Sequence Header.
[av1 @ 0x789ee80073c0] Missing Sequence Header.
[av1 @ 0x789ee80073c0] Missing Sequence Header.
[av1 @ 0x789ee80073c0] Missing Sequence Header.
[av1 @ 0x789ee80073c0] Missing Sequence Header.
[av1 @ 0x789ee80073c0] Missing Sequence Header.
[av1 @ 0x789ee80073c0] Missing Sequence Header.
[av1 @ 0x789ee80073c0] Missing Sequence Header.
[av1 @ 0x789ee80073c0] Missing Sequence Header.
[av1 @ 0x789ee80073c0] Missing Sequence Header.
[av1 @ 0x789ee80073c0] Missing Sequence Header.
[av1 @ 0x789ee80073c0] Missing Sequence Header.
[av1 @ 0x789ee80073c0] Missing Sequence Header.
[av1 @ 0x789ee80073c0] Missing Sequence Header.
[av1 @ 0x789ee80073c0] Missing Sequence Header.
[av1 @ 0x789ee80073c0] Missing Sequence Header.
[av1 @ 0x789ee80073c0] Missing Sequence Header.
[av1 @ 0x789ee80073c0] Missing Sequence Header.
[av1 @ 0x789ee80073c0] Missing Sequence Header.
[av1 @ 0x789ee80073c0] Missing Sequence Header.
[av1 @ 0x789ee80073c0] Missing Sequence Header.
[av1 @ 0x789ee8004900] Your platform doesn't suppport hardware accelerated AV1 decoding.
[av1 @ 0x789ee8004900] Failed to get pixel format.
{"stage": "downloading", "time": "2026-10-05T07:50:40.330791+00:00", "requested": 1200, "completed": 40, "successful": 14}
[av1 @ 0x789ee0009bc0] Your platform doesn't suppport hardware accelerated AV1 decoding.
[av1 @ 0x789ee0009bc0] Failed to get pixel format.
[av1 @ 0x789ee0009bc0] Missing Sequence Header.
[av1 @ 0x789ee0009bc0] Missing Sequence Header.
[av1 @ 0x789ee0009bc0] Missing Sequence Header.
[av1 @ 0x789ee0009bc0] Missing Sequence Header.
[av1 @ 0x789ee0009bc0] Missing Sequence Header.
[av1 @ 0x789ee0009bc0] Missing Sequence Header.
[av1 @ 0x789ee0009bc0] Missing Sequence Header.
[av1 @ 0x789ee0009bc0] Missing Sequence Header.
[av1 @ 0x789ee0009bc0] Missing Sequence Header.
[av1 @ 0x789ee0009bc0] Missing Sequence Header.
[av1 @ 0x789ee0009bc0] Missing Sequence Header.
[av1 @ 0x789ee0009bc0] Missing Sequence Header.
[av1 @ 0x789ee0009bc0] Missing Sequence Header.
[av1 @ 0x789ee0009bc0] Missing Sequence Header.
[av1 @ 0x789ee0009bc0] Missing Sequence Header.
[av1 @ 0x789ee0009bc0] Missing Sequence Header.
[av1 @ 0x789ee0009bc0] Missing Sequence Header.
[av1 @ 0x789ee0009bc0] Missing Sequence Header.
[av1 @ 0x789ee0009bc0] Missing Sequence Header.
[av1 @ 0x789ee0009bc0] Missing Sequence Header.
[av1 @ 0x789ee0009bc0] Missing Sequence Header.
[av1 @ 0x789ee0009bc0] Missing Sequence Header.
[av1 @ 0x789ee0009bc0] Missing Sequence Header.
[av1 @ 0x789ee0009bc0] Missing Sequence Header.
[av1 @ 0x789ee0009bc0] Missing Sequence Header.
[av1 @ 0x789ee0009bc0] Missing Sequence Header.
[av1 @ 0x789ee0009bc0] Missing Sequence Header.
[av1 @ 0x789ee0009bc0] Missing Sequence Header.
[av1 @ 0x789ee0009bc0] Missing Sequence Header.
[av1 @ 0x789ee0009bc0] Missing Sequence Header.
[av1 @ 0x789ee0009bc0] Missing Sequence Header.
[av1 @ 0x789ee0009bc0] Missing Sequence Header.
[av1 @ 0x789ee0009bc0] Missing Sequence Header.
[av1 @ 0x789ee0009bc0] Missing Sequence Header.
[av1 @ 0x789ee0009bc0] Missing Sequence Header.
[av1 @ 0x789ee0009bc0] Missing Sequence Header.
[av1 @ 0x789ee0009bc0] Missing Sequence Header.
[av1 @ 0x789ee0009bc0] Missing Sequence Header.
[av1 @ 0x789ee0009bc0] Missing Sequence Header.
[av1 @ 0x789ee0009bc0] Missing Sequence Header.
[av1 @ 0x789ee0009bc0] Missing Sequence Header.
[av1 @ 0x789ee0009bc0] Missing Sequence Header.
[av1 @ 0x789ee0009bc0] Missing Sequence Header.
[av1 @ 0x789ee0009bc0] Missing Sequence Header.
[av1 @ 0x789ee0009bc0] Missing Sequence Header.
[av1 @ 0x789ee0009bc0] Missing Sequence Header.
[av1 @ 0x789ee0009bc0] Missing Sequence Header.
[av1 @ 0x789ee0009bc0] Missing Sequence Header.
[av1 @ 0x789ee0009bc0] Missing Sequence Header.
[av1 @ 0x789ee0009bc0] Missing Sequence Header.
[av1 @ 0x789ee0009bc0] Missing Sequence Header.
[av1 @ 0x789ee0009bc0] Missing Sequence Header.
[av1 @ 0x789ee0009bc0] Missing Sequence Header.
[av1 @ 0x789ee0009bc0] Missing Sequence Header.
[av1 @ 0x789ee0009bc0] Missing Sequence Header.
[av1 @ 0x789ee0009bc0] Missing Sequence Header.
[av1 @ 0x789ee0009bc0] Missing Sequence Header.
[av1 @ 0x789ee0009bc0] Missing Sequence Header.
[av1 @ 0x789ee0009bc0] Missing Sequence Header.
[av1 @ 0x789ee0009bc0] Missing Sequence Header.
[av1 @ 0x789ee0009bc0] Missing Sequence Header.
[av1 @ 0x789ee0009bc0] Your platform doesn't suppport hardware accelerated AV1 decoding.
[av1 @ 0x789ee0009bc0] Failed to get pixel format.
[av1 @ 0x789ee0009bc0] Missing Sequence Header.
[av1 @ 0x789ee0009bc0] Missing Sequence Header.
[av1 @ 0x789ee0009bc0] Missing Sequence Header.
[av1 @ 0x789ee0009bc0] Missing Sequence Header.
[av1 @ 0x789ee0009bc0] Missing Sequence Header.
[av1 @ 0x789ee0009bc0] Missing Sequence Header.
[av1 @ 0x789ee0009bc0] Missing Sequence Header.
[av1 @ 0x789ee0009bc0] Missing Sequence Header.
[av1 @ 0x789ee0009bc0] Missing Sequence Header.
[av1 @ 0x789ee0009bc0] Missing Sequence Header.
[av1 @ 0x789ee0009bc0] Missing Sequence Header.
[av1 @ 0x789ee0009bc0] Missing Sequence Header.
[av1 @ 0x789ee0009bc0] Missing Sequence Header.
[av1 @ 0x789ee0009bc0] Missing Sequence Header.
[av1 @ 0x789ee0009bc0] Missing Sequence Header.
[av1 @ 0x789ee0009bc0] Missing Sequence Header.
[av1 @ 0x789ee0009bc0] Missing Sequence Header.
[av1 @ 0x789ee0009bc0] Missing Sequence Header.
[av1 @ 0x789ee0009bc0] Missing Sequence Header.
[av1 @ 0x789ee0009bc0] Missing Sequence Header.
[av1 @ 0x789ee0009bc0] Missing Sequence Header.
[av1 @ 0x789ee0009bc0] Missing Sequence Header.
[av1 @ 0x789ee0009bc0] Missing Sequence Header.
[av1 @ 0x789ee0009bc0] Missing Sequence Header.
[av1 @ 0x789ee0009bc0] Missing Sequence Header.
[av1 @ 0x789ee0009bc0] Missing Sequence Header.
[av1 @ 0x789ee0009bc0] Missing Sequence Header.
[av1 @ 0x789ee0009bc0] Missing Sequence Header.
[av1 @ 0x789ee0009bc0] Missing Sequence Header.
[av1 @ 0x789ee0009bc0] Missing Sequence Header.
[av1 @ 0x789ee0009bc0] Missing Sequence Header.
[av1 @ 0x789ee0009bc0] Your platform doesn't suppport hardware accelerated AV1 decoding.
[av1 @ 0x789ee0009bc0] Failed to get pixel format.
[av1 @ 0x789ee0009bc0] Missing Sequence Header.
[av1 @ 0x789ee0009bc0] Missing Sequence Header.
[av1 @ 0x789ee0009bc0] Missing Sequence Header.
[av1 @ 0x789ee0009bc0] Missing Sequence Header.
[av1 @ 0x789ee0009bc0] Missing Sequence Header.
[av1 @ 0x789ee0009bc0] Missing Sequence Header.
[av1 @ 0x789ee0009bc0] Missing Sequence Header.
[av1 @ 0x789ee0009bc0] Missing Sequence Header.
[av1 @ 0x789ee0009bc0] Missing Sequence Header.
[av1 @ 0x789ee0009bc0] Missing Sequence Header.
[av1 @ 0x789ee0009bc0] Missing Sequence Header.
[av1 @ 0x789ee0009bc0] Missing Sequence Header.
[av1 @ 0x789ee0009bc0] Missing Sequence Header.
[av1 @ 0x789ee0009bc0] Missing Sequence Header.
[av1 @ 0x789ee0009bc0] Missing Sequence Header.
[av1 @ 0x789ee0009bc0] Missing Sequence Header.
[av1 @ 0x789ee0009bc0] Missing Sequence Header.
[av1 @ 0x789ee0009bc0] Missing Sequence Header.
[av1 @ 0x789ee0009bc0] Missing Sequence Header.
[av1 @ 0x789ee0009bc0] Missing Sequence Header.
[av1 @ 0x789ee0009bc0] Missing Sequence Header.
[av1 @ 0x789ee0009bc0] Missing Sequence Header.
[av1 @ 0x789ee0009bc0] Missing Sequence Header.
[av1 @ 0x789ee0009bc0] Missing Sequence Header.
[av1 @ 0x789ee0009bc0] Missing Sequence Header.
[av1 @ 0x789ee0009bc0] Missing Sequence Header.
[av1 @ 0x789ee0009bc0] Missing Sequence Header.
[av1 @ 0x789ee0009bc0] Missing Sequence Header.
[av1 @ 0x789ee0009bc0] Missing Sequence Header.
[av1 @ 0x789ee0009bc0] Missing Sequence Header.
[av1 @ 0x789ee0009bc0] Missing Sequence Header.
[av1 @ 0x789ee0009bc0] Missing Sequence Header.
[av1 @ 0x789ee0009bc0] Missing Sequence Header.
[av1 @ 0x789ee0009bc0] Missing Sequence Header.
[av1 @ 0x789ee0009bc0] Missing Sequence Header.
[av1 @ 0x789ee0009bc0] Missing Sequence Header.
[av1 @ 0x789ee0009bc0] Missing Sequence Header.
[av1 @ 0x789ee0009bc0] Missing Sequence Header.
[av1 @ 0x789ee0009bc0] Missing Sequence Header.
[av1 @ 0x789ee0009bc0] Your platform doesn't suppport hardware accelerated AV1 decoding.
[av1 @ 0x789ee0009bc0] Failed to get pixel format.
[av1 @ 0x789ee0009bc0] Missing Sequence Header.
[av1 @ 0x789ee0009bc0] Missing Sequence Header.
[av1 @ 0x789ee0009bc0] Missing Sequence Header.
[av1 @ 0x789ee0009bc0] Missing Sequence Header.
[av1 @ 0x789ee0009bc0] Missing Sequence Header.
[av1 @ 0x789ee0009bc0] Missing Sequence Header.
[av1 @ 0x789ee0009bc0] Missing Sequence Header.
[av1 @ 0x789ee0009bc0] Missing Sequence Header.
[av1 @ 0x789ee0009bc0] Missing Sequence Header.
[av1 @ 0x789ee0009bc0] Missing Sequence Header.
[av1 @ 0x789ee0009bc0] Missing Sequence Header.
[av1 @ 0x789ee0009bc0] Missing Sequence Header.
[av1 @ 0x789ee0009bc0] Missing Sequence Header.
[av1 @ 0x789ee0009bc0] Missing Sequence Header.
[av1 @ 0x789ee0009bc0] Missing Sequence Header.
[av1 @ 0x789ee0009bc0] Missing Sequence Header.
[av1 @ 0x789ee00142c0] Your platform doesn't suppport hardware accelerated AV1 decoding.
[av1 @ 0x789ee00142c0] Failed to get pixel format.
[av1 @ 0x789ee8008340] Your platform doesn't suppport hardware accelerated AV1 decoding.
[av1 @ 0x789ee8008340] Failed to get pixel format.
[av1 @ 0x789ee8008340] Missing Sequence Header.
[av1 @ 0x789ee8008340] Missing Sequence Header.
[av1 @ 0x789ee8008340] Missing Sequence Header.
[av1 @ 0x789ee8008340] Missing Sequence Header.
[av1 @ 0x789ee8008340] Missing Sequence Header.
[av1 @ 0x789ee8008340] Missing Sequence Header.
[av1 @ 0x789ee8008340] Missing Sequence Header.
[av1 @ 0x789ee8008340] Missing Sequence Header.
[av1 @ 0x789ee8008340] Missing Sequence Header.
[av1 @ 0x789ee8008340] Missing Sequence Header.
[av1 @ 0x789ee8008340] Missing Sequence Header.
[av1 @ 0x789ee8008340] Missing Sequence Header.
[av1 @ 0x789ee8008340] Missing Sequence Header.
[av1 @ 0x789ee8008340] Missing Sequence Header.
[av1 @ 0x789ee8008340] Missing Sequence Header.
[av1 @ 0x789ee8008340] Missing Sequence Header.
[av1 @ 0x789ee8008340] Missing Sequence Header.
[av1 @ 0x789ee8008340] Missing Sequence Header.
[av1 @ 0x789ee8008340] Missing Sequence Header.
[av1 @ 0x789ee8008340] Missing Sequence Header.
[av1 @ 0x789ee8008340] Missing Sequence Header.
[av1 @ 0x789ee8008340] Missing Sequence Header.
[av1 @ 0x789ee8008340] Missing Sequence Header.
[av1 @ 0x789ee8008340] Missing Sequence Header.
[av1 @ 0x789ee8008340] Missing Sequence Header.
[av1 @ 0x789ee8008340] Missing Sequence Header.
[av1 @ 0x789ee8008340] Missing Sequence Header.
[av1 @ 0x789ee8008340] Missing Sequence Header.
[av1 @ 0x789ee8008340] Missing Sequence Header.
[av1 @ 0x789ee8008340] Missing Sequence Header.
[av1 @ 0x789ee8008340] Missing Sequence Header.
[av1 @ 0x789ee8008340] Missing Sequence Header.
[av1 @ 0x789ee8008340] Missing Sequence Header.
[av1 @ 0x789ee8008340] Missing Sequence Header.
[av1 @ 0x789ee8008340] Missing Sequence Header.
[av1 @ 0x789ee8008340] Missing Sequence Header.
[av1 @ 0x789ee8008340] Missing Sequence Header.
[av1 @ 0x789ee8008340] Missing Sequence Header.
[av1 @ 0x789ee8008340] Missing Sequence Header.
[av1 @ 0x789ee8008340] Missing Sequence Header.
[av1 @ 0x789ee8008340] Missing Sequence Header.
[av1 @ 0x789ee8008340] Missing Sequence Header.
[av1 @ 0x789ee8008340] Missing Sequence Header.
[av1 @ 0x789ee8008340] Missing Sequence Header.
[av1 @ 0x789ee8008340] Missing Sequence Header.
[av1 @ 0x789ee8008340] Missing Sequence Header.
[av1 @ 0x789ee8008340] Missing Sequence Header.
[av1 @ 0x789ee8008340] Missing Sequence Header.
[av1 @ 0x789ee8008340] Missing Sequence Header.
[av1 @ 0x789ee8008340] Missing Sequence Header.
[av1 @ 0x789ee8008340] Missing Sequence Header.
[av1 @ 0x789ee8008340] Missing Sequence Header.
[av1 @ 0x789ee8008340] Missing Sequence Header.
[av1 @ 0x789ee8008340] Missing Sequence Header.
[av1 @ 0x789ee8008340] Missing Sequence Header.
[av1 @ 0x789ee8008340] Missing Sequence Header.
[av1 @ 0x789ee8008340] Missing Sequence Header.
[av1 @ 0x789ee8008340] Missing Sequence Header.
[av1 @ 0x789ee8008340] Missing Sequence Header.
[av1 @ 0x789ee8008340] Missing Sequence Header.
[av1 @ 0x789ee8008340] Missing Sequence Header.
[av1 @ 0x789ee8008340] Missing Sequence Header.
[av1 @ 0x789ee8008340] Missing Sequence Header.
[av1 @ 0x789ee8008340] Missing Sequence Header.
[av1 @ 0x789ee8008340] Missing Sequence Header.
[av1 @ 0x789ee8008340] Missing Sequence Header.
[av1 @ 0x789ee8008340] Missing Sequence Header.
[av1 @ 0x789ee8008340] Missing Sequence Header.
[av1 @ 0x789ee8008340] Missing Sequence Header.
[av1 @ 0x789ee8008340] Missing Sequence Header.
[av1 @ 0x789ee8008340] Missing Sequence Header.
[av1 @ 0x789ee8008340] Missing Sequence Header.
[av1 @ 0x789ee8008340] Missing Sequence Header.
[av1 @ 0x789ee8008340] Missing Sequence Header.
[av1 @ 0x789ee8008340] Missing Sequence Header.
[av1 @ 0x789ee8008340] Missing Sequence Header.
[av1 @ 0x789ee8008340] Missing Sequence Header.
[av1 @ 0x789ee8008340] Missing Sequence Header.
[av1 @ 0x789ee8008340] Missing Sequence Header.
[av1 @ 0x789ee8008340] Missing Sequence Header.
[av1 @ 0x789ee8008340] Missing Sequence Header.
[av1 @ 0x789ee8008340] Missing Sequence Header.
[av1 @ 0x789ee8008340] Missing Sequence Header.
[av1 @ 0x789ee8008340] Missing Sequence Header.
[av1 @ 0x789ee8008340] Missing Sequence Header.
[av1 @ 0x789ee8008340] Missing Sequence Header.
[av1 @ 0x789ee8008340] Missing Sequence Header.
[av1 @ 0x789ee8008340] Missing Sequence Header.
[av1 @ 0x789ee8008340] Missing Sequence Header.
[av1 @ 0x789ee8008340] Your platform doesn't suppport hardware accelerated AV1 decoding.
[av1 @ 0x789ee8008340] Failed to get pixel format.
[av1 @ 0x789ee8008340] Missing Sequence Header.
[av1 @ 0x789ee8008340] Missing Sequence Header.
[av1 @ 0x789ee8008340] Missing Sequence Header.
[av1 @ 0x789ee8008340] Missing Sequence Header.
[av1 @ 0x789ee8008340] Missing Sequence Header.
[av1 @ 0x789ee8008340] Missing Sequence Header.
[av1 @ 0x789ee8008340] Missing Sequence Header.
[av1 @ 0x789ee8008340] Missing Sequence Header.
[av1 @ 0x789ee8008340] Missing Sequence Header.
[av1 @ 0x789ee8008340] Missing Sequence Header.
[av1 @ 0x789ee8008340] Missing Sequence Header.
[av1 @ 0x789ee8008340] Missing Sequence Header.
[av1 @ 0x789ee8008340] Missing Sequence Header.
[av1 @ 0x789ee8008340] Missing Sequence Header.
[av1 @ 0x789ee8008340] Missing Sequence Header.
[av1 @ 0x789ee8008340] Missing Sequence Header.
[av1 @ 0x789ee8008340] Missing Sequence Header.
[av1 @ 0x789ee8008340] Missing Sequence Header.
[av1 @ 0x789ee8008340] Missing Sequence Header.
[av1 @ 0x789ee8008340] Missing Sequence Header.
[av1 @ 0x789ee8008340] Missing Sequence Header.
[av1 @ 0x789ee8008340] Missing Sequence Header.
[av1 @ 0x789ee8008340] Missing Sequence Header.
[av1 @ 0x789ee8008340] Missing Sequence Header.
[av1 @ 0x789ee8008340] Missing Sequence Header.
[av1 @ 0x789ee8008340] Missing Sequence Header.
[av1 @ 0x789ee8008340] Missing Sequence Header.
[av1 @ 0x789ee8008340] Missing Sequence Header.
[av1 @ 0x789ee8008340] Missing Sequence Header.
[av1 @ 0x789ee8008340] Missing Sequence Header.
[av1 @ 0x789ee8008340] Missing Sequence Header.
[av1 @ 0x789ee8008340] Your platform doesn't suppport hardware accelerated AV1 decoding.
[av1 @ 0x789ee8008340] Failed to get pixel format.
[av1 @ 0x789ee8008340] Missing Sequence Header.
[av1 @ 0x789ee8008340] Missing Sequence Header.
[av1 @ 0x789ee8008340] Missing Sequence Header.
[av1 @ 0x789ee8008340] Missing Sequence Header.
[av1 @ 0x789ee8008340] Missing Sequence Header.
[av1 @ 0x789ee8008340] Missing Sequence Header.
[av1 @ 0x789ee8008340] Missing Sequence Header.
[av1 @ 0x789ee8008340] Missing Sequence Header.
[av1 @ 0x789ee8008340] Missing Sequence Header.
[av1 @ 0x789ee8008340] Missing Sequence Header.
[av1 @ 0x789ee8008340] Missing Sequence Header.
[av1 @ 0x789ee8008340] Missing Sequence Header.
[av1 @ 0x789ee8008340] Missing Sequence Header.
[av1 @ 0x789ee8008340] Missing Sequence Header.
[av1 @ 0x789ee8008340] Missing Sequence Header.
[av1 @ 0x789ee8008340] Your platform doesn't suppport hardware accelerated AV1 decoding.
[av1 @ 0x789ee8008340] Failed to get pixel format.
[av1 @ 0x789ee8008340] Missing Sequence Header.
[av1 @ 0x789ee8008340] Missing Sequence Header.
[av1 @ 0x789ee8008340] Missing Sequence Header.
[av1 @ 0x789ee8008340] Missing Sequence Header.
[av1 @ 0x789ee8008340] Missing Sequence Header.
[av1 @ 0x789ee8008340] Missing Sequence Header.
[av1 @ 0x789ee8008340] Missing Sequence Header.
[av1 @ 0x789ee8008340] Missing Sequence Header.
[av1 @ 0x789ee8008340] Missing Sequence Header.
[av1 @ 0x789ee8008340] Missing Sequence Header.
[av1 @ 0x789ee8008340] Missing Sequence Header.
[av1 @ 0x789ee8004900] Your platform doesn't suppport hardware accelerated AV1 decoding.
[av1 @ 0x789ee8004900] Failed to get pixel format.
[av1 @ 0x789ee400a1c0] Your platform doesn't suppport hardware accelerated AV1 decoding.
[av1 @ 0x789ee400a1c0] Failed to get pixel format.
[av1 @ 0x789ee400a1c0] Missing Sequence Header.
[av1 @ 0x789ee400a1c0] Missing Sequence Header.
[av1 @ 0x789ee400a1c0] Missing Sequence Header.
[av1 @ 0x789ee400a1c0] Missing Sequence Header.
[av1 @ 0x789ee400a1c0] Missing Sequence Header.
[av1 @ 0x789ee400a1c0] Missing Sequence Header.
[av1 @ 0x789ee400a1c0] Missing Sequence Header.
[av1 @ 0x789ee400a1c0] Missing Sequence Header.
[av1 @ 0x789ee400a1c0] Missing Sequence Header.
[av1 @ 0x789ee400a1c0] Missing Sequence Header.
[av1 @ 0x789ee400a1c0] Missing Sequence Header.
[av1 @ 0x789ee400a1c0] Missing Sequence Header.
[av1 @ 0x789ee400a1c0] Missing Sequence Header.
[av1 @ 0x789ee400a1c0] Missing Sequence Header.
[av1 @ 0x789ee400a1c0] Missing Sequence Header.
[av1 @ 0x789ee400a1c0] Missing Sequence Header.
[av1 @ 0x789ee400a1c0] Missing Sequence Header.
[av1 @ 0x789ee400a1c0] Missing Sequence Header.
[av1 @ 0x789ee400a1c0] Missing Sequence Header.
[av1 @ 0x789ee400a1c0] Missing Sequence Header.
[av1 @ 0x789ee400a1c0] Missing Sequence Header.
[av1 @ 0x789ee400a1c0] Missing Sequence Header.
[av1 @ 0x789ee400a1c0] Missing Sequence Header.
[av1 @ 0x789ee400a1c0] Missing Sequence Header.
[av1 @ 0x789ee400a1c0] Missing Sequence Header.
[av1 @ 0x789ee400a1c0] Missing Sequence Header.
[av1 @ 0x789ee400a1c0] Missing Sequence Header.
[av1 @ 0x789ee400a1c0] Missing Sequence Header.
[av1 @ 0x789ee400a1c0] Missing Sequence Header.
[av1 @ 0x789ee400a1c0] Missing Sequence Header.
[av1 @ 0x789ee400a1c0] Missing Sequence Header.
[av1 @ 0x789ee400a1c0] Missing Sequence Header.
[av1 @ 0x789ee400a1c0] Missing Sequence Header.
[av1 @ 0x789ee400a1c0] Missing Sequence Header.
[av1 @ 0x789ee400a1c0] Missing Sequence Header.
[av1 @ 0x789ee400a1c0] Missing Sequence Header.
[av1 @ 0x789ee400a1c0] Missing Sequence Header.
[av1 @ 0x789ee400a1c0] Missing Sequence Header.
[av1 @ 0x789ee400a1c0] Missing Sequence Header.
[av1 @ 0x789ee400a1c0] Missing Sequence Header.
[av1 @ 0x789ee400a1c0] Missing Sequence Header.
[av1 @ 0x789ee400a1c0] Missing Sequence Header.
[av1 @ 0x789ee400a1c0] Missing Sequence Header.
[av1 @ 0x789ee400a1c0] Missing Sequence Header.
[av1 @ 0x789ee400a1c0] Missing Sequence Header.
[av1 @ 0x789ee400a1c0] Missing Sequence Header.
[av1 @ 0x789ee400a1c0] Missing Sequence Header.
[av1 @ 0x789ee400a1c0] Missing Sequence Header.
[av1 @ 0x789ee400a1c0] Missing Sequence Header.
[av1 @ 0x789ee400a1c0] Missing Sequence Header.
[av1 @ 0x789ee400a1c0] Missing Sequence Header.
[av1 @ 0x789ee400a1c0] Missing Sequence Header.
[av1 @ 0x789ee400a1c0] Missing Sequence Header.
[av1 @ 0x789ee400a1c0] Missing Sequence Header.
[av1 @ 0x789ee400a1c0] Missing Sequence Header.
[av1 @ 0x789ee400a1c0] Missing Sequence Header.
[av1 @ 0x789ee400a1c0] Missing Sequence Header.
[av1 @ 0x789ee400a1c0] Missing Sequence Header.
[av1 @ 0x789ee400a1c0] Missing Sequence Header.
[av1 @ 0x789ee400a1c0] Missing Sequence Header.
[av1 @ 0x789ee400a1c0] Missing Sequence Header.
[av1 @ 0x789ee400a1c0] Missing Sequence Header.
[av1 @ 0x789ee400a1c0] Missing Sequence Header.
[av1 @ 0x789ee400a1c0] Missing Sequence Header.
[av1 @ 0x789ee400a1c0] Missing Sequence Header.
[av1 @ 0x789ee400a1c0] Missing Sequence Header.
[av1 @ 0x789ee400a1c0] Missing Sequence Header.
[av1 @ 0x789ee400a1c0] Missing Sequence Header.
[av1 @ 0x789ee400a1c0] Missing Sequence Header.
[av1 @ 0x789ee400a1c0] Missing Sequence Header.
[av1 @ 0x789ee400a1c0] Missing Sequence Header.
[av1 @ 0x789ee400a1c0] Missing Sequence Header.
[av1 @ 0x789ee400a1c0] Missing Sequence Header.
[av1 @ 0x789ee400a1c0] Missing Sequence Header.
[av1 @ 0x789ee400a1c0] Missing Sequence Header.
[av1 @ 0x789ee400a1c0] Missing Sequence Header.
[av1 @ 0x789ee400a1c0] Missing Sequence Header.
[av1 @ 0x789ee400a1c0] Missing Sequence Header.
[av1 @ 0x789ee400a1c0] Missing Sequence Header.
[av1 @ 0x789ee400a1c0] Missing Sequence Header.
[av1 @ 0x789ee400a1c0] Missing Sequence Header.
[av1 @ 0x789ee400a1c0] Missing Sequence Header.
[av1 @ 0x789ee400a1c0] Missing Sequence Header.
[av1 @ 0x789ee400a1c0] Missing Sequence Header.
[av1 @ 0x789ee400a1c0] Missing Sequence Header.
[av1 @ 0x789ee400a1c0] Missing Sequence Header.
[av1 @ 0x789ee400a1c0] Missing Sequence Header.
[av1 @ 0x789ee400a1c0] Missing Sequence Header.
[av1 @ 0x789ee400a1c0] Missing Sequence Header.
[av1 @ 0x789ee400a1c0] Missing Sequence Header.
[av1 @ 0x789ee400a1c0] Missing Sequence Header.
[av1 @ 0x789ee400a1c0] Missing Sequence Header.
[av1 @ 0x789ee400a1c0] Missing Sequence Header.
[av1 @ 0x789ee400a1c0] Missing Sequence Header.
[av1 @ 0x789ee400a1c0] Missing Sequence Header.
[av1 @ 0x789ee400a1c0] Missing Sequence Header.
[av1 @ 0x789ee400a1c0] Missing Sequence Header.
[av1 @ 0x789ee400a1c0] Missing Sequence Header.
[av1 @ 0x789ee400a1c0] Missing Sequence Header.
[av1 @ 0x789ee400a1c0] Missing Sequence Header.
[av1 @ 0x789ee400a1c0] Missing Sequence Header.
[av1 @ 0x789ee400a1c0] Missing Sequence Header.
[av1 @ 0x789ee400a1c0] Missing Sequence Header.
[av1 @ 0x789ee400a1c0] Missing Sequence Header.
[av1 @ 0x789ee400a1c0] Missing Sequence Header.
[av1 @ 0x789ee400a1c0] Missing Sequence Header.
[av1 @ 0x789ee400a1c0] Missing Sequence Header.
[av1 @ 0x789ee400a1c0] Missing Sequence Header.
[av1 @ 0x789ee400a1c0] Missing Sequence Header.
[av1 @ 0x789ee400a1c0] Missing Sequence Header.
[av1 @ 0x789ee400a1c0] Missing Sequence Header.
[av1 @ 0x789ee400a1c0] Missing Sequence Header.
[av1 @ 0x789ee400a1c0] Missing Sequence Header.
[av1 @ 0x789ee400a1c0] Missing Sequence Header.
[av1 @ 0x789ee400a1c0] Missing Sequence Header.
[av1 @ 0x789ee400a1c0] Missing Sequence Header.
[av1 @ 0x789ee400a1c0] Missing Sequence Header.
[av1 @ 0x789ee400a1c0] Missing Sequence Header.
[av1 @ 0x789ee400a1c0] Missing Sequence Header.
[av1 @ 0x789ee400a1c0] Your platform doesn't suppport hardware accelerated AV1 decoding.
[av1 @ 0x789ee400a1c0] Failed to get pixel format.
[av1 @ 0x789ee400a1c0] Missing Sequence Header.
[av1 @ 0x789ee400a1c0] Missing Sequence Header.
[av1 @ 0x789ee400a1c0] Missing Sequence Header.
[av1 @ 0x789ee400a1c0] Missing Sequence Header.
[av1 @ 0x789ee400a1c0] Missing Sequence Header.
[av1 @ 0x789ee400a1c0] Missing Sequence Header.
[av1 @ 0x789ee400a1c0] Missing Sequence Header.
[av1 @ 0x789ee400a1c0] Missing Sequence Header.
[av1 @ 0x789ee400a1c0] Missing Sequence Header.
[av1 @ 0x789ee400a1c0] Missing Sequence Header.
[av1 @ 0x789ee400a1c0] Missing Sequence Header.
[av1 @ 0x789ee400a1c0] Missing Sequence Header.
[av1 @ 0x789ee400a1c0] Missing Sequence Header.
[av1 @ 0x789ee400a1c0] Missing Sequence Header.
[av1 @ 0x789ee400a1c0] Missing Sequence Header.
[av1 @ 0x789ee400a1c0] Missing Sequence Header.
[av1 @ 0x789ee400a1c0] Missing Sequence Header.
[av1 @ 0x789ee400a1c0] Missing Sequence Header.
[av1 @ 0x789ee400a1c0] Missing Sequence Header.
[av1 @ 0x789ee400a1c0] Missing Sequence Header.
[av1 @ 0x789ee400a1c0] Missing Sequence Header.
[av1 @ 0x789ee400a1c0] Missing Sequence Header.
[av1 @ 0x789ee400a1c0] Missing Sequence Header.
[av1 @ 0x789ee400a1c0] Missing Sequence Header.
[av1 @ 0x789ee400a1c0] Missing Sequence Header.
[av1 @ 0x789ee400a1c0] Missing Sequence Header.
[av1 @ 0x789ee400a1c0] Missing Sequence Header.
[av1 @ 0x789ee400a1c0] Missing Sequence Header.
[av1 @ 0x789ee400a1c0] Missing Sequence Header.
[av1 @ 0x789ee400a1c0] Missing Sequence Header.
[av1 @ 0x789ee4017dc0] Your platform doesn't suppport hardware accelerated AV1 decoding.
[av1 @ 0x789ee4017dc0] Failed to get pixel format.
[av1 @ 0x789ee80073c0] Your platform doesn't suppport hardware accelerated AV1 decoding.
[av1 @ 0x789ee80073c0] Failed to get pixel format.
[av1 @ 0x789ee80073c0] Missing Sequence Header.
[av1 @ 0x789ee80073c0] Missing Sequence Header.
[av1 @ 0x789ee80073c0] Missing Sequence Header.
[av1 @ 0x789ee80073c0] Missing Sequence Header.
[av1 @ 0x789ee80073c0] Missing Sequence Header.
[av1 @ 0x789ee80073c0] Missing Sequence Header.
[av1 @ 0x789ee80073c0] Missing Sequence Header.
[av1 @ 0x789ee80073c0] Missing Sequence Header.
[av1 @ 0x789ee80073c0] Missing Sequence Header.
[av1 @ 0x789ee80073c0] Missing Sequence Header.
[av1 @ 0x789ee80073c0] Missing Sequence Header.
[av1 @ 0x789ee80073c0] Missing Sequence Header.
[av1 @ 0x789ee80073c0] Missing Sequence Header.
[av1 @ 0x789ee80073c0] Missing Sequence Header.
[av1 @ 0x789ee80073c0] Missing Sequence Header.
[av1 @ 0x789ee80073c0] Missing Sequence Header.
[av1 @ 0x789ee80073c0] Missing Sequence Header.
[av1 @ 0x789ee80073c0] Missing Sequence Header.
[av1 @ 0x789ee80073c0] Missing Sequence Header.
[av1 @ 0x789ee80073c0] Missing Sequence Header.
[av1 @ 0x789ee80073c0] Missing Sequence Header.
[av1 @ 0x789ee80073c0] Missing Sequence Header.
[av1 @ 0x789ee80073c0] Missing Sequence Header.
[av1 @ 0x789ee80073c0] Missing Sequence Header.
[av1 @ 0x789ee80073c0] Missing Sequence Header.
[av1 @ 0x789ee80073c0] Missing Sequence Header.
[av1 @ 0x789ee80073c0] Missing Sequence Header.
[av1 @ 0x789ee80073c0] Missing Sequence Header.
[av1 @ 0x789ee80073c0] Missing Sequence Header.
[av1 @ 0x789ee80073c0] Missing Sequence Header.
[av1 @ 0x789ee80073c0] Missing Sequence Header.
[av1 @ 0x789ee80073c0] Missing Sequence Header.
[av1 @ 0x789ee80073c0] Missing Sequence Header.
[av1 @ 0x789ee80073c0] Missing Sequence Header.
[av1 @ 0x789ee80073c0] Missing Sequence Header.
[av1 @ 0x789ee80073c0] Missing Sequence Header.
[av1 @ 0x789ee80073c0] Missing Sequence Header.
[av1 @ 0x789ee80073c0] Missing Sequence Header.
[av1 @ 0x789ee80073c0] Missing Sequence Header.
[av1 @ 0x789ee80073c0] Missing Sequence Header.
[av1 @ 0x789ee80073c0] Missing Sequence Header.
[av1 @ 0x789ee80073c0] Missing Sequence Header.
[av1 @ 0x789ee80073c0] Your platform doesn't suppport hardware accelerated AV1 decoding.
[av1 @ 0x789ee80073c0] Failed to get pixel format.
[av1 @ 0x789ee80073c0] Missing Sequence Header.
[av1 @ 0x789ee80073c0] Missing Sequence Header.
[av1 @ 0x789ee80073c0] Missing Sequence Header.
[av1 @ 0x789ee80073c0] Missing Sequence Header.
[av1 @ 0x789ee80073c0] Missing Sequence Header.
[av1 @ 0x789ee80073c0] Missing Sequence Header.
[av1 @ 0x789ee80073c0] Missing Sequence Header.
[av1 @ 0x789ee80073c0] Missing Sequence Header.
[av1 @ 0x789ee80073c0] Missing Sequence Header.
[av1 @ 0x789ee80073c0] Missing Sequence Header.
[av1 @ 0x789ee80073c0] Missing Sequence Header.
[av1 @ 0x789ee80073c0] Missing Sequence Header.
[av1 @ 0x789ee80073c0] Your platform doesn't suppport hardware accelerated AV1 decoding.
[av1 @ 0x789ee80073c0] Failed to get pixel format.
[av1 @ 0x789ee80073c0] Missing Sequence Header.
[av1 @ 0x789ee80073c0] Missing Sequence Header.
[av1 @ 0x789ee80073c0] Missing Sequence Header.
[av1 @ 0x789ee80073c0] Missing Sequence Header.
[av1 @ 0x789ee80073c0] Missing Sequence Header.
[av1 @ 0x789ee80073c0] Missing Sequence Header.
[av1 @ 0x789ee80073c0] Missing Sequence Header.
[av1 @ 0x789ee80073c0] Missing Sequence Header.
[av1 @ 0x789ee80073c0] Missing Sequence Header.
[av1 @ 0x789ee80073c0] Missing Sequence Header.
[av1 @ 0x789ee80073c0] Missing Sequence Header.
[av1 @ 0x789ee80073c0] Missing Sequence Header.
[av1 @ 0x789ee80073c0] Missing Sequence Header.
[av1 @ 0x789ee80073c0] Missing Sequence Header.
[av1 @ 0x789ee80073c0] Missing Sequence Header.
[av1 @ 0x789ee80073c0] Missing Sequence Header.
[av1 @ 0x789ee80073c0] Missing Sequence Header.
[av1 @ 0x789ee80073c0] Missing Sequence Header.
[av1 @ 0x789ee80073c0] Missing Sequence Header.
[av1 @ 0x789ee80073c0] Missing Sequence Header.
[av1 @ 0x789ee80073c0] Missing Sequence Header.
[av1 @ 0x789ee80073c0] Missing Sequence Header.
[av1 @ 0x789ee80073c0] Missing Sequence Header.
[av1 @ 0x789ee80073c0] Missing Sequence Header.
[av1 @ 0x789ee80073c0] Missing Sequence Header.
[av1 @ 0x789ee80073c0] Missing Sequence Header.
[av1 @ 0x789ee80073c0] Missing Sequence Header.
[av1 @ 0x789ee80073c0] Missing Sequence Header.
[av1 @ 0x789ee80073c0] Missing Sequence Header.
[av1 @ 0x789ee80073c0] Missing Sequence Header.
[av1 @ 0x789ee80073c0] Missing Sequence Header.
[av1 @ 0x789ee80073c0] Missing Sequence Header.
[av1 @ 0x789ee80073c0] Missing Sequence Header.
[av1 @ 0x789ee80073c0] Missing Sequence Header.
[av1 @ 0x789ee80073c0] Missing Sequence Header.
[av1 @ 0x789ee80073c0] Missing Sequence Header.
[av1 @ 0x789ee80073c0] Missing Sequence Header.
[av1 @ 0x789ee80073c0] Missing Sequence Header.
[av1 @ 0x789ee80073c0] Missing Sequence Header.
[av1 @ 0x789ee80073c0] Your platform doesn't suppport hardware accelerated AV1 decoding.
[av1 @ 0x789ee80073c0] Failed to get pixel format.
[av1 @ 0x789ee80073c0] Missing Sequence Header.
[av1 @ 0x789ee80073c0] Missing Sequence Header.
[av1 @ 0x789ee80073c0] Missing Sequence Header.
[av1 @ 0x789ee80073c0] Missing Sequence Header.
[av1 @ 0x789ee80073c0] Missing Sequence Header.
[av1 @ 0x789ee80073c0] Missing Sequence Header.
[av1 @ 0x789ee80073c0] Missing Sequence Header.
[av1 @ 0x789ee80073c0] Missing Sequence Header.
[av1 @ 0x789ee80073c0] Missing Sequence Header.
[av1 @ 0x789ee80073c0] Missing Sequence Header.
[av1 @ 0x789ee80073c0] Missing Sequence Header.
[av1 @ 0x789ee80073c0] Missing Sequence Header.
[av1 @ 0x789ee80073c0] Missing Sequence Header.
[av1 @ 0x789ee80073c0] Missing Sequence Header.
[av1 @ 0x789ee80073c0] Missing Sequence Header.
[av1 @ 0x789ee80073c0] Missing Sequence Header.
[av1 @ 0x789ee80073c0] Missing Sequence Header.
[av1 @ 0x789ee80073c0] Missing Sequence Header.
[av1 @ 0x789ee80073c0] Missing Sequence Header.
[av1 @ 0x789ee80073c0] Missing Sequence Header.
[av1 @ 0x789ee80073c0] Missing Sequence Header.
[av1 @ 0x789ee80073c0] Missing Sequence Header.
[av1 @ 0x789ee80073c0] Missing Sequence Header.
[av1 @ 0x789ee80073c0] Missing Sequence Header.
[av1 @ 0x789ee80073c0] Your platform doesn't suppport hardware accelerated AV1 decoding.
[av1 @ 0x789ee80073c0] Failed to get pixel format.
[av1 @ 0x789ee80073c0] Missing Sequence Header.
[av1 @ 0x789ee80073c0] Missing Sequence Header.
[av1 @ 0x789ee80073c0] Missing Sequence Header.
[av1 @ 0x789ee80073c0] Missing Sequence Header.
[av1 @ 0x789ee80073c0] Missing Sequence Header.
[av1 @ 0x789ee80073c0] Missing Sequence Header.
[av1 @ 0x789ee80073c0] Missing Sequence Header.
[av1 @ 0x789ee80073c0] Missing Sequence Header.
[av1 @ 0x789ee80073c0] Missing Sequence Header.
[av1 @ 0x789ee80073c0] Missing Sequence Header.
[av1 @ 0x789ee80073c0] Missing Sequence Header.
[av1 @ 0x789ee80073c0] Missing Sequence Header.
[av1 @ 0x789ee80073c0] Missing Sequence Header.
[av1 @ 0x789ee80073c0] Missing Sequence Header.
[av1 @ 0x789ee80073c0] Missing Sequence Header.
[av1 @ 0x789ee80073c0] Missing Sequence Header.
[av1 @ 0x789ee80073c0] Missing Sequence Header.
[av1 @ 0x789ee80073c0] Missing Sequence Header.
[av1 @ 0x789ee80073c0] Missing Sequence Header.
[av1 @ 0x789ee80073c0] Missing Sequence Header.
[av1 @ 0x789ee80073c0] Missing Sequence Header.
[av1 @ 0x789ee80073c0] Missing Sequence Header.
[av1 @ 0x789ee80073c0] Missing Sequence Header.
[av1 @ 0x789ee80073c0] Missing Sequence Header.
[av1 @ 0x789ee80073c0] Missing Sequence Header.
[av1 @ 0x789ee80073c0] Missing Sequence Header.
[av1 @ 0x789ee80073c0] Missing Sequence Header.
[av1 @ 0x789ee80073c0] Missing Sequence Header.
[av1 @ 0x789ee802d9c0] Your platform doesn't suppport hardware accelerated AV1 decoding.
[av1 @ 0x789ee802d9c0] Failed to get pixel format.
[av1 @ 0x789ee0009bc0] Your platform doesn't suppport hardware accelerated AV1 decoding.
[av1 @ 0x789ee0009bc0] Failed to get pixel format.
[av1 @ 0x789ee0009bc0] Missing Sequence Header.
[av1 @ 0x789ee0009bc0] Missing Sequence Header.
[av1 @ 0x789ee0009bc0] Missing Sequence Header.
[av1 @ 0x789ee0009bc0] Missing Sequence Header.
[av1 @ 0x789ee0009bc0] Missing Sequence Header.
[av1 @ 0x789ee0009bc0] Missing Sequence Header.
[av1 @ 0x789ee0009bc0] Missing Sequence Header.
[av1 @ 0x789ee0009bc0] Missing Sequence Header.
[av1 @ 0x789ee0009bc0] Missing Sequence Header.
[av1 @ 0x789ee0009bc0] Missing Sequence Header.
[av1 @ 0x789ee0009bc0] Missing Sequence Header.
[av1 @ 0x789ee0009bc0] Missing Sequence Header.
[av1 @ 0x789ee0009bc0] Missing Sequence Header.
[av1 @ 0x789ee0009bc0] Missing Sequence Header.
[av1 @ 0x789ee0009bc0] Missing Sequence Header.
[av1 @ 0x789ee0009bc0] Missing Sequence Header.
[av1 @ 0x789ee0009bc0] Missing Sequence Header.
[av1 @ 0x789ee0009bc0] Missing Sequence Header.
[av1 @ 0x789ee0009bc0] Missing Sequence Header.
[av1 @ 0x789ee0009bc0] Missing Sequence Header.
[av1 @ 0x789ee0009bc0] Missing Sequence Header.
[av1 @ 0x789ee0009bc0] Missing Sequence Header.
[av1 @ 0x789ee0009bc0] Missing Sequence Header.
[av1 @ 0x789ee0009bc0] Missing Sequence Header.
[av1 @ 0x789ee0009bc0] Missing Sequence Header.
[av1 @ 0x789ee0009bc0] Missing Sequence Header.
[av1 @ 0x789ee0009bc0] Missing Sequence Header.
[av1 @ 0x789ee0009bc0] Missing Sequence Header.
[av1 @ 0x789ee0009bc0] Missing Sequence Header.
[av1 @ 0x789ee0009bc0] Missing Sequence Header.
[av1 @ 0x789ee0009bc0] Missing Sequence Header.
[av1 @ 0x789ee0009bc0] Missing Sequence Header.
[av1 @ 0x789ee0009bc0] Missing Sequence Header.
[av1 @ 0x789ee0009bc0] Missing Sequence Header.
[av1 @ 0x789ee0009bc0] Missing Sequence Header.
[av1 @ 0x789ee0009bc0] Missing Sequence Header.
[av1 @ 0x789ee0009bc0] Missing Sequence Header.
[av1 @ 0x789ee0009bc0] Missing Sequence Header.
[av1 @ 0x789ee0009bc0] Missing Sequence Header.
[av1 @ 0x789ee0009bc0] Missing Sequence Header.
[av1 @ 0x789ee0009bc0] Your platform doesn't suppport hardware accelerated AV1 decoding.
[av1 @ 0x789ee0009bc0] Failed to get pixel format.
[av1 @ 0x789ee0009bc0] Missing Sequence Header.
[av1 @ 0x789ee0009bc0] Missing Sequence Header.
[av1 @ 0x789ee0009bc0] Missing Sequence Header.
[av1 @ 0x789ee0009bc0] Missing Sequence Header.
[av1 @ 0x789ee0009bc0] Missing Sequence Header.
[av1 @ 0x789ee0009bc0] Missing Sequence Header.
[av1 @ 0x789ee0009bc0] Missing Sequence Header.
[av1 @ 0x789ee0009bc0] Missing Sequence Header.
[av1 @ 0x789ee0009bc0] Missing Sequence Header.
[av1 @ 0x789ee0009bc0] Missing Sequence Header.
[av1 @ 0x789ee0009bc0] Missing Sequence Header.
[av1 @ 0x789ee0009bc0] Missing Sequence Header.
[av1 @ 0x789ee0009bc0] Missing Sequence Header.
[av1 @ 0x789ee0009bc0] Missing Sequence Header.
[av1 @ 0x789ee0009bc0] Missing Sequence Header.
[av1 @ 0x789ee0009bc0] Missing Sequence Header.
[av1 @ 0x789ee0009bc0] Missing Sequence Header.
[av1 @ 0x789ee0009bc0] Missing Sequence Header.
[av1 @ 0x789ee0009bc0] Missing Sequence Header.
[av1 @ 0x789ee0009bc0] Missing Sequence Header.
[av1 @ 0x789ee0009bc0] Missing Sequence Header.
[av1 @ 0x789ee0009bc0] Missing Sequence Header.
[av1 @ 0x789ee0009bc0] Missing Sequence Header.
[av1 @ 0x789ee0009bc0] Missing Sequence Header.
[av1 @ 0x789ee0009bc0] Missing Sequence Header.
[av1 @ 0x789ee0009bc0] Missing Sequence Header.
[av1 @ 0x789ee0009bc0] Missing Sequence Header.
[av1 @ 0x789ee0009bc0] Missing Sequence Header.
[av1 @ 0x789ee0009bc0] Missing Sequence Header.
[av1 @ 0x789ee0009bc0] Missing Sequence Header.
[av1 @ 0x789ee0009bc0] Missing Sequence Header.
[av1 @ 0x789ee0009bc0] Missing Sequence Header.
[av1 @ 0x789ee0009bc0] Missing Sequence Header.
[av1 @ 0x789ee0009bc0] Missing Sequence Header.
[av1 @ 0x789ee0009bc0] Missing Sequence Header.
[av1 @ 0x789ee0009bc0] Missing Sequence Header.
[av1 @ 0x789ee0009bc0] Missing Sequence Header.
[av1 @ 0x789ee0009bc0] Missing Sequence Header.
[av1 @ 0x789ee0009bc0] Missing Sequence Header.
[av1 @ 0x789ee0009bc0] Missing Sequence Header.
[av1 @ 0x789ee0009bc0] Missing Sequence Header.
[av1 @ 0x789ee0009bc0] Missing Sequence Header.
[av1 @ 0x789ee0009bc0] Missing Sequence Header.
[av1 @ 0x789ee0009bc0] Missing Sequence Header.
[av1 @ 0x789ee0009bc0] Missing Sequence Header.
[av1 @ 0x789ee0009bc0] Missing Sequence Header.
[av1 @ 0x789ee0009bc0] Missing Sequence Header.
[av1 @ 0x789ee0009bc0] Missing Sequence Header.
[av1 @ 0x789ee0009bc0] Missing Sequence Header.
[av1 @ 0x789ee0009bc0] Missing Sequence Header.
[av1 @ 0x789ee0009bc0] Missing Sequence Header.
[av1 @ 0x789ee0009bc0] Missing Sequence Header.
[av1 @ 0x789ee0009bc0] Missing Sequence Header.
[av1 @ 0x789ee0009bc0] Missing Sequence Header.
[av1 @ 0x789ee0009bc0] Missing Sequence Header.
[av1 @ 0x789ee0009bc0] Missing Sequence Header.
[av1 @ 0x789ee0009bc0] Missing Sequence Header.
[av1 @ 0x789ee0009bc0] Missing Sequence Header.
[av1 @ 0x789ee0009bc0] Missing Sequence Header.
[av1 @ 0x789ee0009bc0] Missing Sequence Header.
[av1 @ 0x789ee0009bc0] Missing Sequence Header.
[av1 @ 0x789ee0009bc0] Missing Sequence Header.
[av1 @ 0x789ee0009bc0] Missing Sequence Header.
[av1 @ 0x789ee0009bc0] Missing Sequence Header.
[av1 @ 0x789ee0009bc0] Missing Sequence Header.
[av1 @ 0x789ee0009bc0] Missing Sequence Header.
[av1 @ 0x789ee0009bc0] Missing Sequence Header.
[av1 @ 0x789ee0009bc0] Missing Sequence Header.
[av1 @ 0x789ee0009bc0] Missing Sequence Header.
[av1 @ 0x789ee0009bc0] Missing Sequence Header.
[av1 @ 0x789ee0009bc0] Missing Sequence Header.
[av1 @ 0x789ee0009bc0] Missing Sequence Header.
[av1 @ 0x789ee0009bc0] Missing Sequence Header.
[av1 @ 0x789ee0009bc0] Missing Sequence Header.
[av1 @ 0x789ee0009bc0] Missing Sequence Header.
[av1 @ 0x789ee0009bc0] Missing Sequence Header.
[av1 @ 0x789ee0009bc0] Missing Sequence Header.
[av1 @ 0x789ee0009bc0] Missing Sequence Header.
[av1 @ 0x789ee0009bc0] Missing Sequence Header.
[av1 @ 0x789ee0009bc0] Missing Sequence Header.
[av1 @ 0x789ee0009bc0] Missing Sequence Header.
[av1 @ 0x789ee0009bc0] Missing Sequence Header.
[av1 @ 0x789ee0009bc0] Missing Sequence Header.
[av1 @ 0x789ee0009bc0] Missing Sequence Header.
[av1 @ 0x789ee0009bc0] Missing Sequence Header.
[av1 @ 0x789ee0009bc0] Missing Sequence Header.
[av1 @ 0x789ee0009bc0] Missing Sequence Header.
[av1 @ 0x789ee0009bc0] Missing Sequence Header.
[av1 @ 0x789ee0009bc0] Missing Sequence Header.
[av1 @ 0x789ee0009bc0] Missing Sequence Header.
[av1 @ 0x789ee0009bc0] Missing Sequence Header.
[av1 @ 0x789ee0009bc0] Missing Sequence Header.
[av1 @ 0x789ee0009bc0] Missing Sequence Header.
[av1 @ 0x789ee0009bc0] Missing Sequence Header.
[av1 @ 0x789ee0009bc0] Missing Sequence Header.
[av1 @ 0x789ee0009bc0] Missing Sequence Header.
[av1 @ 0x789ee0009bc0] Your platform doesn't suppport hardware accelerated AV1 decoding.
[av1 @ 0x789ee0009bc0] Failed to get pixel format.
[av1 @ 0x789ee0009bc0] Missing Sequence Header.
[av1 @ 0x789ee0009bc0] Missing Sequence Header.
[av1 @ 0x789ee0009bc0] Missing Sequence Header.
[av1 @ 0x789ee0009bc0] Missing Sequence Header.
[av1 @ 0x789ee0009bc0] Missing Sequence Header.
[av1 @ 0x789ee0009bc0] Missing Sequence Header.
[av1 @ 0x789ee0009bc0] Missing Sequence Header.
[av1 @ 0x789ee0009bc0] Missing Sequence Header.
[av1 @ 0x789ee0009bc0] Missing Sequence Header.
[av1 @ 0x789ee0009bc0] Missing Sequence Header.
[av1 @ 0x789ee0009bc0] Missing Sequence Header.
[av1 @ 0x789ee00142c0] Your platform doesn't suppport hardware accelerated AV1 decoding.
[av1 @ 0x789ee00142c0] Failed to get pixel format.
[av1 @ 0x789ee0002500] Your platform doesn't suppport hardware accelerated AV1 decoding.
[av1 @ 0x789ee0002500] Failed to get pixel format.
[av1 @ 0x789ee0002500] Missing Sequence Header.
[av1 @ 0x789ee0002500] Missing Sequence Header.
[av1 @ 0x789ee0002500] Missing Sequence Header.
[av1 @ 0x789ee0002500] Missing Sequence Header.
[av1 @ 0x789ee0002500] Missing Sequence Header.
[av1 @ 0x789ee0002500] Missing Sequence Header.
[av1 @ 0x789ee0002500] Missing Sequence Header.
[av1 @ 0x789ee0002500] Missing Sequence Header.
[av1 @ 0x789ee0002500] Missing Sequence Header.
[av1 @ 0x789ee0002500] Missing Sequence Header.
[av1 @ 0x789ee0002500] Missing Sequence Header.
[av1 @ 0x789ee0002500] Missing Sequence Header.
[av1 @ 0x789ee0002500] Missing Sequence Header.
[av1 @ 0x789ee0002500] Missing Sequence Header.
[av1 @ 0x789ee0002500] Missing Sequence Header.
[av1 @ 0x789ee0002500] Missing Sequence Header.
[av1 @ 0x789ee0002500] Missing Sequence Header.
[av1 @ 0x789ee0002500] Missing Sequence Header.
[av1 @ 0x789ee0002500] Missing Sequence Header.
[av1 @ 0x789ee0002500] Missing Sequence Header.
[av1 @ 0x789ee0002500] Missing Sequence Header.
[av1 @ 0x789ee0002500] Missing Sequence Header.
[av1 @ 0x789ee0002500] Missing Sequence Header.
[av1 @ 0x789ee0002500] Missing Sequence Header.
[av1 @ 0x789ee0002500] Missing Sequence Header.
[av1 @ 0x789ee0002500] Missing Sequence Header.
[av1 @ 0x789ee0002500] Missing Sequence Header.
[av1 @ 0x789ee0002500] Missing Sequence Header.
[av1 @ 0x789ee0002500] Missing Sequence Header.
[av1 @ 0x789ee0002500] Missing Sequence Header.
[av1 @ 0x789ee0002500] Missing Sequence Header.
[av1 @ 0x789ee0002500] Missing Sequence Header.
[av1 @ 0x789ee0002500] Missing Sequence Header.
[av1 @ 0x789ee0002500] Missing Sequence Header.
[av1 @ 0x789ee0002500] Missing Sequence Header.
[av1 @ 0x789ee0002500] Missing Sequence Header.
[av1 @ 0x789ee0002500] Missing Sequence Header.
[av1 @ 0x789ee0002500] Missing Sequence Header.
[av1 @ 0x789ee0002500] Missing Sequence Header.
[av1 @ 0x789ee0002500] Missing Sequence Header.
[av1 @ 0x789ee0002500] Missing Sequence Header.
[av1 @ 0x789ee0002500] Missing Sequence Header.
[av1 @ 0x789ee0002500] Missing Sequence Header.
[av1 @ 0x789ee0002500] Missing Sequence Header.
[av1 @ 0x789ee0002500] Missing Sequence Header.
[av1 @ 0x789ee0002500] Missing Sequence Header.
[av1 @ 0x789ee0002500] Missing Sequence Header.
[av1 @ 0x789ee0002500] Missing Sequence Header.
[av1 @ 0x789ee0002500] Missing Sequence Header.
[av1 @ 0x789ee0002500] Missing Sequence Header.
[av1 @ 0x789ee0002500] Missing Sequence Header.
[av1 @ 0x789ee0002500] Missing Sequence Header.
[av1 @ 0x789ee0002500] Missing Sequence Header.
[av1 @ 0x789ee0002500] Missing Sequence Header.
[av1 @ 0x789ee0002500] Missing Sequence Header.
[av1 @ 0x789ee0002500] Missing Sequence Header.
[av1 @ 0x789ee0002500] Missing Sequence Header.
[av1 @ 0x789ee0002500] Missing Sequence Header.
[av1 @ 0x789ee0002500] Missing Sequence Header.
[av1 @ 0x789ee0002500] Missing Sequence Header.
[av1 @ 0x789ee0002500] Missing Sequence Header.
[av1 @ 0x789ee0002500] Missing Sequence Header.
[av1 @ 0x789ee0002500] Missing Sequence Header.
[av1 @ 0x789ee0002500] Missing Sequence Header.
[av1 @ 0x789ee0002500] Missing Sequence Header.
[av1 @ 0x789ee0002500] Missing Sequence Header.
[av1 @ 0x789ee0002500] Missing Sequence Header.
[av1 @ 0x789ee0002500] Missing Sequence Header.
[av1 @ 0x789ee0002500] Missing Sequence Header.
[av1 @ 0x789ee0002500] Missing Sequence Header.
[av1 @ 0x789ee0002500] Missing Sequence Header.
[av1 @ 0x789ee0002500] Missing Sequence Header.
[av1 @ 0x789ee0002500] Missing Sequence Header.
[av1 @ 0x789ee0002500] Missing Sequence Header.
[av1 @ 0x789ee0002500] Missing Sequence Header.
[av1 @ 0x789ee0002500] Missing Sequence Header.
[av1 @ 0x789ee0002500] Missing Sequence Header.
[av1 @ 0x789ee0002500] Missing Sequence Header.
[av1 @ 0x789ee0002500] Missing Sequence Header.
[av1 @ 0x789ee0002500] Missing Sequence Header.
[av1 @ 0x789ee0002500] Missing Sequence Header.
[av1 @ 0x789ee0002500] Missing Sequence Header.
[av1 @ 0x789ee0002500] Missing Sequence Header.
[av1 @ 0x789ee0002500] Missing Sequence Header.
[av1 @ 0x789ee0002500] Missing Sequence Header.
[av1 @ 0x789ee0002500] Missing Sequence Header.
[av1 @ 0x789ee0002500] Missing Sequence Header.
[av1 @ 0x789ee0002500] Missing Sequence Header.
[av1 @ 0x789ee0002500] Missing Sequence Header.
[av1 @ 0x789ee0002500] Missing Sequence Header.
[av1 @ 0x789ee0002500] Missing Sequence Header.
[av1 @ 0x789ee0002500] Missing Sequence Header.
[av1 @ 0x789ee0002500] Missing Sequence Header.
[av1 @ 0x789ee0002500] Missing Sequence Header.
[av1 @ 0x789ee0002500] Missing Sequence Header.
[av1 @ 0x789ee0002500] Missing Sequence Header.
[av1 @ 0x789ee0002500] Missing Sequence Header.
[av1 @ 0x789ee0002500] Missing Sequence Header.
[av1 @ 0x789ee0002500] Missing Sequence Header.
[av1 @ 0x789ee0002500] Missing Sequence Header.
[av1 @ 0x789ee0002500] Missing Sequence Header.
[av1 @ 0x789ee0002500] Missing Sequence Header.
[av1 @ 0x789ee0002500] Missing Sequence Header.
[av1 @ 0x789ee0002500] Missing Sequence Header.
[av1 @ 0x789ee0002500] Missing Sequence Header.
[av1 @ 0x789ee0002500] Missing Sequence Header.
[av1 @ 0x789ee0002500] Missing Sequence Header.
[av1 @ 0x789ee0002500] Missing Sequence Header.
[av1 @ 0x789ee0002500] Missing Sequence Header.
[av1 @ 0x789ee0002500] Missing Sequence Header.
[av1 @ 0x789ee0002500] Missing Sequence Header.
[av1 @ 0x789ee0002500] Missing Sequence Header.
[av1 @ 0x789ee0002500] Missing Sequence Header.
[av1 @ 0x789ee0002500] Missing Sequence Header.
[av1 @ 0x789ee0002500] Missing Sequence Header.
[av1 @ 0x789ee0002500] Missing Sequence Header.
[av1 @ 0x789ee0002500] Missing Sequence Header.
[av1 @ 0x789ee0002500] Missing Sequence Header.
[av1 @ 0x789ee0002500] Missing Sequence Header.
[av1 @ 0x789ee0002500] Missing Sequence Header.
[av1 @ 0x789ee0002500] Missing Sequence Header.
[av1 @ 0x789ee0002500] Missing Sequence Header.
[av1 @ 0x789ee0002500] Missing Sequence Header.
[av1 @ 0x789ee0002500] Missing Sequence Header.
[av1 @ 0x789ee0002500] Your platform doesn't suppport hardware accelerated AV1 decoding.
[av1 @ 0x789ee0002500] Failed to get pixel format.
[av1 @ 0x789ee0002500] Missing Sequence Header.
[av1 @ 0x789ee0002500] Missing Sequence Header.
[av1 @ 0x789ee0002500] Missing Sequence Header.
[av1 @ 0x789ee0002500] Missing Sequence Header.
[av1 @ 0x789ee0002500] Missing Sequence Header.
[av1 @ 0x789ee0002500] Missing Sequence Header.
[av1 @ 0x789ee0002500] Missing Sequence Header.
[av1 @ 0x789ee0002500] Missing Sequence Header.
[av1 @ 0x789ee0002500] Missing Sequence Header.
[av1 @ 0x789ee0002500] Missing Sequence Header.
[av1 @ 0x789ee0002500] Missing Sequence Header.
[av1 @ 0x789ee0002500] Missing Sequence Header.
[av1 @ 0x789ee0002500] Missing Sequence Header.
[av1 @ 0x789ee0002500] Missing Sequence Header.
[av1 @ 0x789ee0002500] Missing Sequence Header.
[av1 @ 0x789ee0002500] Missing Sequence Header.
[av1 @ 0x789ee0002500] Missing Sequence Header.
[av1 @ 0x789ee0002500] Missing Sequence Header.
[av1 @ 0x789ee0002500] Missing Sequence Header.
[av1 @ 0x789ee0002500] Missing Sequence Header.
[av1 @ 0x789ee0002500] Missing Sequence Header.
[av1 @ 0x789ee0002500] Missing Sequence Header.
[av1 @ 0x789ee0002500] Missing Sequence Header.
[av1 @ 0x789ee0002500] Missing Sequence Header.
[av1 @ 0x789ee00142c0] Your platform doesn't suppport hardware accelerated AV1 decoding.
[av1 @ 0x789ee00142c0] Failed to get pixel format.
{"stage": "downloading", "time": "2026-10-05T07:50:53.490257+00:00", "requested": 1200, "completed": 50, "successful": 19}
[av1 @ 0x789ee8004900] Your platform doesn't suppport hardware accelerated AV1 decoding.
[av1 @ 0x789ee8004900] Failed to get pixel format.
[av1 @ 0x789ee8004900] Missing Sequence Header.
[av1 @ 0x789ee8004900] Missing Sequence Header.
[av1 @ 0x789ee8004900] Missing Sequence Header.
[av1 @ 0x789ee8004900] Missing Sequence Header.
[av1 @ 0x789ee8004900] Missing Sequence Header.
[av1 @ 0x789ee8004900] Missing Sequence Header.
[av1 @ 0x789ee8004900] Missing Sequence Header.
[av1 @ 0x789ee8004900] Missing Sequence Header.
[av1 @ 0x789ee8004900] Missing Sequence Header.
[av1 @ 0x789ee8004900] Missing Sequence Header.
[av1 @ 0x789ee8004900] Missing Sequence Header.
[av1 @ 0x789ee8004900] Missing Sequence Header.
[av1 @ 0x789ee8004900] Missing Sequence Header.
[av1 @ 0x789ee8004900] Missing Sequence Header.
[av1 @ 0x789ee8004900] Missing Sequence Header.
[av1 @ 0x789ee8004900] Missing Sequence Header.
[av1 @ 0x789ee8004900] Missing Sequence Header.
[av1 @ 0x789ee8004900] Missing Sequence Header.
[av1 @ 0x789ee8004900] Missing Sequence Header.
[av1 @ 0x789ee8004900] Missing Sequence Header.
[av1 @ 0x789ee8004900] Missing Sequence Header.
[av1 @ 0x789ee8004900] Missing Sequence Header.
[av1 @ 0x789ee8004900] Missing Sequence Header.
[av1 @ 0x789ee8004900] Missing Sequence Header.
[av1 @ 0x789ee8004900] Missing Sequence Header.
[av1 @ 0x789ee8004900] Missing Sequence Header.
[av1 @ 0x789ee8004900] Missing Sequence Header.
[av1 @ 0x789ee8004900] Missing Sequence Header.
[av1 @ 0x789ee8004900] Missing Sequence Header.
[av1 @ 0x789ee8004900] Missing Sequence Header.
[av1 @ 0x789ee8004900] Missing Sequence Header.
[av1 @ 0x789ee8004900] Missing Sequence Header.
[av1 @ 0x789ee8004900] Missing Sequence Header.
[av1 @ 0x789ee8004900] Missing Sequence Header.
[av1 @ 0x789ee8004900] Missing Sequence Header.
[av1 @ 0x789ee8004900] Missing Sequence Header.
[av1 @ 0x789ee8004900] Missing Sequence Header.
[av1 @ 0x789ee8004900] Missing Sequence Header.
[av1 @ 0x789ee8004900] Missing Sequence Header.
[av1 @ 0x789ee8004900] Missing Sequence Header.
[av1 @ 0x789ee8004900] Missing Sequence Header.
[av1 @ 0x789ee8004900] Missing Sequence Header.
[av1 @ 0x789ee8004900] Missing Sequence Header.
[av1 @ 0x789ee8004900] Missing Sequence Header.
[av1 @ 0x789ee8004900] Missing Sequence Header.
[av1 @ 0x789ee8004900] Missing Sequence Header.
[av1 @ 0x789ee8004900] Missing Sequence Header.
[av1 @ 0x789ee8004900] Missing Sequence Header.
[av1 @ 0x789ee8004900] Missing Sequence Header.
[av1 @ 0x789ee8004900] Missing Sequence Header.
[av1 @ 0x789ee8004900] Missing Sequence Header.
[av1 @ 0x789ee8004900] Missing Sequence Header.
[av1 @ 0x789ee8004900] Missing Sequence Header.
[av1 @ 0x789ee8004900] Missing Sequence Header.
[av1 @ 0x789ee8004900] Missing Sequence Header.
[av1 @ 0x789ee8004900] Missing Sequence Header.
[av1 @ 0x789ee8004900] Missing Sequence Header.
[av1 @ 0x789ee8004900] Missing Sequence Header.
[av1 @ 0x789ee8004900] Missing Sequence Header.
[av1 @ 0x789ee8004900] Missing Sequence Header.
[av1 @ 0x789ee8004900] Missing Sequence Header.
[av1 @ 0x789ee8004900] Missing Sequence Header.
[av1 @ 0x789ee8004900] Missing Sequence Header.
[av1 @ 0x789ee8004900] Missing Sequence Header.
[av1 @ 0x789ee8004900] Missing Sequence Header.
[av1 @ 0x789ee8004900] Missing Sequence Header.
[av1 @ 0x789ee8004900] Missing Sequence Header.
[av1 @ 0x789ee8004900] Missing Sequence Header.
[av1 @ 0x789ee8004900] Missing Sequence Header.
[av1 @ 0x789ee8004900] Missing Sequence Header.
[av1 @ 0x789ee8004900] Missing Sequence Header.
[av1 @ 0x789ee8004900] Missing Sequence Header.
[av1 @ 0x789ee8004900] Missing Sequence Header.
[av1 @ 0x789ee8004900] Missing Sequence Header.
[av1 @ 0x789ee8004900] Missing Sequence Header.
[av1 @ 0x789ee8004900] Missing Sequence Header.
[av1 @ 0x789ee8004900] Missing Sequence Header.
[av1 @ 0x789ee8004900] Missing Sequence Header.
[av1 @ 0x789ee8004900] Missing Sequence Header.
[av1 @ 0x789ee8004900] Missing Sequence Header.
[av1 @ 0x789ee8004900] Missing Sequence Header.
[av1 @ 0x789ee8004900] Missing Sequence Header.
[av1 @ 0x789ee8004900] Missing Sequence Header.
[av1 @ 0x789ee8004900] Missing Sequence Header.
[av1 @ 0x789ee8004900] Missing Sequence Header.
[av1 @ 0x789ee8004900] Missing Sequence Header.
[av1 @ 0x789ee8004900] Missing Sequence Header.
[av1 @ 0x789ee8004900] Missing Sequence Header.
[av1 @ 0x789ee8004900] Missing Sequence Header.
[av1 @ 0x789ee8004900] Missing Sequence Header.
[av1 @ 0x789ee8004900] Missing Sequence Header.
[av1 @ 0x789ee8004900] Missing Sequence Header.
[av1 @ 0x789ee8004900] Missing Sequence Header.
[av1 @ 0x789ee8004900] Missing Sequence Header.
[av1 @ 0x789ee8004900] Missing Sequence Header.
[av1 @ 0x789ee8004900] Missing Sequence Header.
[av1 @ 0x789ee8004900] Missing Sequence Header.
[av1 @ 0x789ee8004900] Missing Sequence Header.
[av1 @ 0x789ee8004900] Missing Sequence Header.
[av1 @ 0x789ee8004900] Missing Sequence Header.
[av1 @ 0x789ee8004900] Missing Sequence Header.
[av1 @ 0x789ee8004900] Missing Sequence Header.
[av1 @ 0x789ee8004900] Missing Sequence Header.
[av1 @ 0x789ee8004900] Your platform doesn't suppport hardware accelerated AV1 decoding.
[av1 @ 0x789ee8004900] Failed to get pixel format.
[av1 @ 0x789ee8004900] Missing Sequence Header.
[av1 @ 0x789ee8004900] Missing Sequence Header.
[av1 @ 0x789ee8004900] Missing Sequence Header.
[av1 @ 0x789ee8004900] Missing Sequence Header.
[av1 @ 0x789ee8004900] Missing Sequence Header.
[av1 @ 0x789ee8004900] Missing Sequence Header.
[av1 @ 0x789ee8004900] Missing Sequence Header.
[av1 @ 0x789ee8004900] Missing Sequence Header.
[av1 @ 0x789ee8004900] Missing Sequence Header.
[av1 @ 0x789ee8004900] Missing Sequence Header.
[av1 @ 0x789ee8004900] Missing Sequence Header.
[av1 @ 0x789ee8004900] Missing Sequence Header.
[av1 @ 0x789ee8004900] Missing Sequence Header.
[av1 @ 0x789ee8004900] Missing Sequence Header.
[av1 @ 0x789ee8004900] Missing Sequence Header.
[av1 @ 0x789ee8004900] Missing Sequence Header.
[av1 @ 0x789ee8004900] Missing Sequence Header.
[av1 @ 0x789ee8004900] Missing Sequence Header.
[av1 @ 0x789ee8004900] Missing Sequence Header.
[av1 @ 0x789ee8004900] Missing Sequence Header.
[av1 @ 0x789ee8004900] Missing Sequence Header.
[av1 @ 0x789ee8004900] Missing Sequence Header.
[av1 @ 0x789ee8004900] Missing Sequence Header.
[av1 @ 0x789ee8004900] Missing Sequence Header.
[av1 @ 0x789ee8004900] Missing Sequence Header.
[av1 @ 0x789ee8004900] Missing Sequence Header.
[av1 @ 0x789ee8004900] Missing Sequence Header.
[av1 @ 0x789ee8004900] Missing Sequence Header.
[av1 @ 0x789ee8004900] Missing Sequence Header.
[av1 @ 0x789ee8004900] Missing Sequence Header.
[av1 @ 0x789ee8004900] Missing Sequence Header.
[av1 @ 0x789ee8004900] Missing Sequence Header.
[av1 @ 0x789ee8004900] Missing Sequence Header.
[av1 @ 0x789ee802d9c0] Your platform doesn't suppport hardware accelerated AV1 decoding.
[av1 @ 0x789ee802d9c0] Failed to get pixel format.
[av1 @ 0x789ee0009bc0] Your platform doesn't suppport hardware accelerated AV1 decoding.
[av1 @ 0x789ee0009bc0] Failed to get pixel format.
[av1 @ 0x789ee0009bc0] Missing Sequence Header.
[av1 @ 0x789ee0009bc0] Missing Sequence Header.
[av1 @ 0x789ee0009bc0] Missing Sequence Header.
[av1 @ 0x789ee0009bc0] Missing Sequence Header.
[av1 @ 0x789ee0009bc0] Missing Sequence Header.
[av1 @ 0x789ee0009bc0] Missing Sequence Header.
[av1 @ 0x789ee0009bc0] Missing Sequence Header.
[av1 @ 0x789ee0009bc0] Missing Sequence Header.
[av1 @ 0x789ee0009bc0] Missing Sequence Header.
[av1 @ 0x789ee0009bc0] Missing Sequence Header.
[av1 @ 0x789ee0009bc0] Missing Sequence Header.
[av1 @ 0x789ee0009bc0] Missing Sequence Header.
[av1 @ 0x789ee0009bc0] Missing Sequence Header.
[av1 @ 0x789ee0009bc0] Missing Sequence Header.
[av1 @ 0x789ee0009bc0] Missing Sequence Header.
[av1 @ 0x789ee0009bc0] Missing Sequence Header.
[av1 @ 0x789ee0009bc0] Missing Sequence Header.
[av1 @ 0x789ee0009bc0] Missing Sequence Header.
[av1 @ 0x789ee0009bc0] Missing Sequence Header.
[av1 @ 0x789ee0009bc0] Missing Sequence Header.
[av1 @ 0x789ee0009bc0] Missing Sequence Header.
[av1 @ 0x789ee0009bc0] Missing Sequence Header.
[av1 @ 0x789ee0009bc0] Missing Sequence Header.
[av1 @ 0x789ee0009bc0] Missing Sequence Header.
[av1 @ 0x789ee0009bc0] Missing Sequence Header.
[av1 @ 0x789ee0009bc0] Missing Sequence Header.
[av1 @ 0x789ee0009bc0] Missing Sequence Header.
[av1 @ 0x789ee0009bc0] Missing Sequence Header.
[av1 @ 0x789ee0009bc0] Missing Sequence Header.
[av1 @ 0x789ee0009bc0] Missing Sequence Header.
[av1 @ 0x789ee0009bc0] Missing Sequence Header.
[av1 @ 0x789ee0009bc0] Missing Sequence Header.
[av1 @ 0x789ee0009bc0] Missing Sequence Header.
[av1 @ 0x789ee0009bc0] Missing Sequence Header.
[av1 @ 0x789ee0009bc0] Missing Sequence Header.
[av1 @ 0x789ee0009bc0] Missing Sequence Header.
[av1 @ 0x789ee0009bc0] Missing Sequence Header.
[av1 @ 0x789ee0009bc0] Missing Sequence Header.
[av1 @ 0x789ee0009bc0] Missing Sequence Header.
[av1 @ 0x789ee0009bc0] Missing Sequence Header.
[av1 @ 0x789ee0009bc0] Missing Sequence Header.
[av1 @ 0x789ee0009bc0] Missing Sequence Header.
[av1 @ 0x789ee0009bc0] Missing Sequence Header.
[av1 @ 0x789ee0009bc0] Missing Sequence Header.
[av1 @ 0x789ee0009bc0] Missing Sequence Header.
[av1 @ 0x789ee0009bc0] Missing Sequence Header.
[av1 @ 0x789ee0009bc0] Missing Sequence Header.
[av1 @ 0x789ee0009bc0] Missing Sequence Header.
[av1 @ 0x789ee0009bc0] Missing Sequence Header.
[av1 @ 0x789ee0009bc0] Missing Sequence Header.
[av1 @ 0x789ee0009bc0] Missing Sequence Header.
[av1 @ 0x789ee0009bc0] Missing Sequence Header.
[av1 @ 0x789ee0009bc0] Missing Sequence Header.
[av1 @ 0x789ee0009bc0] Missing Sequence Header.
[av1 @ 0x789ee0009bc0] Missing Sequence Header.
[av1 @ 0x789ee0009bc0] Your platform doesn't suppport hardware accelerated AV1 decoding.
[av1 @ 0x789ee0009bc0] Failed to get pixel format.
[av1 @ 0x789ee0009bc0] Missing Sequence Header.
[av1 @ 0x789ee0009bc0] Missing Sequence Header.
[av1 @ 0x789ee0009bc0] Missing Sequence Header.
[av1 @ 0x789ee0009bc0] Missing Sequence Header.
[av1 @ 0x789ee0009bc0] Missing Sequence Header.
[av1 @ 0x789ee0009bc0] Missing Sequence Header.
[av1 @ 0x789ee0009bc0] Missing Sequence Header.
[av1 @ 0x789ee0009bc0] Missing Sequence Header.
[av1 @ 0x789ee0009bc0] Missing Sequence Header.
[av1 @ 0x789ee0009bc0] Missing Sequence Header.
[av1 @ 0x789ee0009bc0] Missing Sequence Header.
[av1 @ 0x789ee0009bc0] Missing Sequence Header.
[av1 @ 0x789ee0009bc0] Missing Sequence Header.
[av1 @ 0x789ee0009bc0] Missing Sequence Header.
[av1 @ 0x789ee0009bc0] Missing Sequence Header.
[av1 @ 0x789ee0009bc0] Missing Sequence Header.
[av1 @ 0x789ee0009bc0] Missing Sequence Header.
[av1 @ 0x789ee0009bc0] Missing Sequence Header.
[av1 @ 0x789ee0009bc0] Missing Sequence Header.
[av1 @ 0x789ee0009bc0] Missing Sequence Header.
[av1 @ 0x789ee0009bc0] Missing Sequence Header.
[av1 @ 0x789ee0009bc0] Missing Sequence Header.
[av1 @ 0x789ee0009bc0] Missing Sequence Header.
[av1 @ 0x789ee0009bc0] Missing Sequence Header.
[av1 @ 0x789ee0009bc0] Missing Sequence Header.
[av1 @ 0x789ee0009bc0] Missing Sequence Header.
[av1 @ 0x789ee0009bc0] Missing Sequence Header.
[av1 @ 0x789ee0009bc0] Missing Sequence Header.
[av1 @ 0x789ee0009bc0] Missing Sequence Header.
[av1 @ 0x789ee0009bc0] Missing Sequence Header.
[av1 @ 0x789ee0009bc0] Missing Sequence Header.
[av1 @ 0x789ee0009bc0] Missing Sequence Header.
[av1 @ 0x789ee0009bc0] Missing Sequence Header.
[av1 @ 0x789ee0009bc0] Missing Sequence Header.
[av1 @ 0x789ee0009bc0] Missing Sequence Header.
[av1 @ 0x789ee0009bc0] Missing Sequence Header.
[av1 @ 0x789ee0009bc0] Missing Sequence Header.
[av1 @ 0x789ee0009bc0] Missing Sequence Header.
[av1 @ 0x789ee0009bc0] Missing Sequence Header.
[av1 @ 0x789ee0009bc0] Missing Sequence Header.
[av1 @ 0x789ee0009bc0] Missing Sequence Header.
[av1 @ 0x789ee0009bc0] Missing Sequence Header.
[av1 @ 0x789ee0009bc0] Missing Sequence Header.
[av1 @ 0x789ee0009bc0] Missing Sequence Header.
[av1 @ 0x789ee0009bc0] Missing Sequence Header.
[av1 @ 0x789ee0009bc0] Missing Sequence Header.
[av1 @ 0x789ee0009bc0] Missing Sequence Header.
[av1 @ 0x789ee0009bc0] Missing Sequence Header.
[av1 @ 0x789ee0009bc0] Missing Sequence Header.
[av1 @ 0x789ee0009bc0] Missing Sequence Header.
[av1 @ 0x789ee0009bc0] Missing Sequence Header.
[av1 @ 0x789ee0009bc0] Missing Sequence Header.
[av1 @ 0x789ee0009bc0] Missing Sequence Header.
[av1 @ 0x789ee0009bc0] Missing Sequence Header.
[av1 @ 0x789ee0009bc0] Missing Sequence Header.
[av1 @ 0x789ee0009bc0] Missing Sequence Header.
[av1 @ 0x789ee0009bc0] Missing Sequence Header.
[av1 @ 0x789ee0009bc0] Missing Sequence Header.
[av1 @ 0x789ee0009bc0] Missing Sequence Header.
[av1 @ 0x789ee0009bc0] Missing Sequence Header.
[av1 @ 0x789ee0009bc0] Missing Sequence Header.
[av1 @ 0x789ee0009bc0] Missing Sequence Header.
[av1 @ 0x789ee0009bc0] Missing Sequence Header.
[av1 @ 0x789ee0009bc0] Missing Sequence Header.
[av1 @ 0x789ee0009bc0] Missing Sequence Header.
[av1 @ 0x789ee0009bc0] Missing Sequence Header.
[av1 @ 0x789ee0009bc0] Missing Sequence Header.
[av1 @ 0x789ee0009bc0] Missing Sequence Header.
[av1 @ 0x789ee0009bc0] Missing Sequence Header.
[av1 @ 0x789ee0009bc0] Missing Sequence Header.
[av1 @ 0x789ee0009bc0] Missing Sequence Header.
[av1 @ 0x789ee0009bc0] Missing Sequence Header.
[av1 @ 0x789ee0009bc0] Missing Sequence Header.
[av1 @ 0x789ee0009bc0] Missing Sequence Header.
[av1 @ 0x789ee0009bc0] Missing Sequence Header.
[av1 @ 0x789ee0009bc0] Missing Sequence Header.
[av1 @ 0x789ee0009bc0] Missing Sequence Header.
[av1 @ 0x789ee0009bc0] Missing Sequence Header.
[av1 @ 0x789ee0009bc0] Missing Sequence Header.
[av1 @ 0x789ee0009bc0] Missing Sequence Header.
[av1 @ 0x789ee0009bc0] Missing Sequence Header.
[av1 @ 0x789ee0009bc0] Missing Sequence Header.
[av1 @ 0x789ee0009bc0] Missing Sequence Header.
[av1 @ 0x789ee0009bc0] Missing Sequence Header.
[av1 @ 0x789ee0009bc0] Your platform doesn't suppport hardware accelerated AV1 decoding.
[av1 @ 0x789ee0009bc0] Failed to get pixel format.
[av1 @ 0x789ee0009bc0] Missing Sequence Header.
[av1 @ 0x789ee0009bc0] Missing Sequence Header.
[av1 @ 0x789ee0009bc0] Missing Sequence Header.
[av1 @ 0x789ee0009bc0] Missing Sequence Header.
[av1 @ 0x789ee0009bc0] Missing Sequence Header.
[av1 @ 0x789ee0009bc0] Missing Sequence Header.
[av1 @ 0x789ee0009bc0] Missing Sequence Header.
[av1 @ 0x789ee0009bc0] Missing Sequence Header.
[av1 @ 0x789ee00142c0] Your platform doesn't suppport hardware accelerated AV1 decoding.
[av1 @ 0x789ee00142c0] Failed to get pixel format.
[av1 @ 0x789ee80073c0] Your platform doesn't suppport hardware accelerated AV1 decoding.
[av1 @ 0x789ee80073c0] Failed to get pixel format.
[av1 @ 0x789ee80073c0] Missing Sequence Header.
[av1 @ 0x789ee80073c0] Missing Sequence Header.
[av1 @ 0x789ee80073c0] Missing Sequence Header.
[av1 @ 0x789ee80073c0] Missing Sequence Header.
[av1 @ 0x789ee80073c0] Missing Sequence Header.
[av1 @ 0x789ee80073c0] Missing Sequence Header.
[av1 @ 0x789ee80073c0] Missing Sequence Header.
[av1 @ 0x789ee80073c0] Missing Sequence Header.
[av1 @ 0x789ee80073c0] Missing Sequence Header.
[av1 @ 0x789ee80073c0] Missing Sequence Header.
[av1 @ 0x789ee80073c0] Missing Sequence Header.
[av1 @ 0x789ee80073c0] Missing Sequence Header.
[av1 @ 0x789ee80073c0] Missing Sequence Header.
[av1 @ 0x789ee80073c0] Missing Sequence Header.
[av1 @ 0x789ee80073c0] Missing Sequence Header.
[av1 @ 0x789ee80073c0] Missing Sequence Header.
[av1 @ 0x789ee80073c0] Missing Sequence Header.
[av1 @ 0x789ee80073c0] Missing Sequence Header.
[av1 @ 0x789ee80073c0] Missing Sequence Header.
[av1 @ 0x789ee80073c0] Missing Sequence Header.
[av1 @ 0x789ee80073c0] Missing Sequence Header.
[av1 @ 0x789ee80073c0] Missing Sequence Header.
[av1 @ 0x789ee80073c0] Missing Sequence Header.
[av1 @ 0x789ee80073c0] Missing Sequence Header.
[av1 @ 0x789ee80073c0] Missing Sequence Header.
[av1 @ 0x789ee80073c0] Missing Sequence Header.
[av1 @ 0x789ee80073c0] Missing Sequence Header.
[av1 @ 0x789ee80073c0] Missing Sequence Header.
[av1 @ 0x789ee80073c0] Missing Sequence Header.
[av1 @ 0x789ee80073c0] Missing Sequence Header.
[av1 @ 0x789ee80073c0] Missing Sequence Header.
[av1 @ 0x789ee80073c0] Missing Sequence Header.
[av1 @ 0x789ee80073c0] Missing Sequence Header.
[av1 @ 0x789ee80073c0] Missing Sequence Header.
[av1 @ 0x789ee80073c0] Missing Sequence Header.
[av1 @ 0x789ee80073c0] Missing Sequence Header.
[av1 @ 0x789ee80073c0] Missing Sequence Header.
[av1 @ 0x789ee80073c0] Missing Sequence Header.
[av1 @ 0x789ee80073c0] Missing Sequence Header.
[av1 @ 0x789ee80073c0] Missing Sequence Header.
[av1 @ 0x789ee80073c0] Missing Sequence Header.
[av1 @ 0x789ee80073c0] Missing Sequence Header.
[av1 @ 0x789ee80073c0] Missing Sequence Header.
[av1 @ 0x789ee80073c0] Missing Sequence Header.
[av1 @ 0x789ee80073c0] Missing Sequence Header.
[av1 @ 0x789ee80073c0] Missing Sequence Header.
[av1 @ 0x789ee80073c0] Missing Sequence Header.
[av1 @ 0x789ee80073c0] Missing Sequence Header.
[av1 @ 0x789ee80073c0] Missing Sequence Header.
[av1 @ 0x789ee80073c0] Missing Sequence Header.
[av1 @ 0x789ee80073c0] Missing Sequence Header.
[av1 @ 0x789ee80073c0] Missing Sequence Header.
[av1 @ 0x789ee80073c0] Missing Sequence Header.
[av1 @ 0x789ee80073c0] Missing Sequence Header.
[av1 @ 0x789ee80073c0] Missing Sequence Header.
[av1 @ 0x789ee80073c0] Missing Sequence Header.
[av1 @ 0x789ee80073c0] Missing Sequence Header.
[av1 @ 0x789ee80073c0] Missing Sequence Header.
[av1 @ 0x789ee80073c0] Missing Sequence Header.
[av1 @ 0x789ee80073c0] Missing Sequence Header.
[av1 @ 0x789ee80073c0] Missing Sequence Header.
[av1 @ 0x789ee80073c0] Missing Sequence Header.
[av1 @ 0x789ee80073c0] Missing Sequence Header.
[av1 @ 0x789ee80073c0] Missing Sequence Header.
[av1 @ 0x789ee80073c0] Missing Sequence Header.
[av1 @ 0x789ee80073c0] Missing Sequence Header.
[av1 @ 0x789ee80073c0] Missing Sequence Header.
[av1 @ 0x789ee80073c0] Missing Sequence Header.
[av1 @ 0x789ee80073c0] Missing Sequence Header.
[av1 @ 0x789ee80073c0] Missing Sequence Header.
[av1 @ 0x789ee80073c0] Missing Sequence Header.
[av1 @ 0x789ee80073c0] Missing Sequence Header.
[av1 @ 0x789ee80073c0] Missing Sequence Header.
[av1 @ 0x789ee80073c0] Missing Sequence Header.
[av1 @ 0x789ee80073c0] Missing Sequence Header.
[av1 @ 0x789ee80073c0] Missing Sequence Header.
[av1 @ 0x789ee80073c0] Missing Sequence Header.
[av1 @ 0x789ee80073c0] Missing Sequence Header.
[av1 @ 0x789ee80073c0] Missing Sequence Header.
[av1 @ 0x789ee80073c0] Missing Sequence Header.
[av1 @ 0x789ee80073c0] Missing Sequence Header.
[av1 @ 0x789ee80073c0] Missing Sequence Header.
[av1 @ 0x789ee80073c0] Missing Sequence Header.
[av1 @ 0x789ee80073c0] Missing Sequence Header.
[av1 @ 0x789ee80073c0] Missing Sequence Header.
[av1 @ 0x789ee80073c0] Missing Sequence Header.
[av1 @ 0x789ee80073c0] Missing Sequence Header.
[av1 @ 0x789ee80073c0] Missing Sequence Header.
[av1 @ 0x789ee80073c0] Missing Sequence Header.
[av1 @ 0x789ee80073c0] Missing Sequence Header.
[av1 @ 0x789ee80073c0] Missing Sequence Header.
[av1 @ 0x789ee80073c0] Missing Sequence Header.
[av1 @ 0x789ee80073c0] Missing Sequence Header.
[av1 @ 0x789ee80073c0] Missing Sequence Header.
[av1 @ 0x789ee80073c0] Missing Sequence Header.
[av1 @ 0x789ee80073c0] Missing Sequence Header.
[av1 @ 0x789ee80073c0] Missing Sequence Header.
[av1 @ 0x789ee80073c0] Missing Sequence Header.
[av1 @ 0x789ee80073c0] Missing Sequence Header.
[av1 @ 0x789ee80073c0] Missing Sequence Header.
[av1 @ 0x789ee80073c0] Missing Sequence Header.
[av1 @ 0x789ee80073c0] Missing Sequence Header.
[av1 @ 0x789ee80073c0] Missing Sequence Header.
[av1 @ 0x789ee80073c0] Missing Sequence Header.
[av1 @ 0x789ee80073c0] Missing Sequence Header.
[av1 @ 0x789ee80073c0] Missing Sequence Header.
[av1 @ 0x789ee80073c0] Missing Sequence Header.
[av1 @ 0x789ee80073c0] Missing Sequence Header.
[av1 @ 0x789ee80073c0] Missing Sequence Header.
[av1 @ 0x789ee80073c0] Missing Sequence Header.
[av1 @ 0x789ee80073c0] Missing Sequence Header.
[av1 @ 0x789ee80073c0] Missing Sequence Header.
[av1 @ 0x789ee80073c0] Missing Sequence Header.
[av1 @ 0x789ee80073c0] Missing Sequence Header.
[av1 @ 0x789ee80073c0] Missing Sequence Header.
[av1 @ 0x789ee80073c0] Missing Sequence Header.
[av1 @ 0x789ee80073c0] Missing Sequence Header.
[av1 @ 0x789ee80073c0] Missing Sequence Header.
[av1 @ 0x789ee80073c0] Missing Sequence Header.
[av1 @ 0x789ee80073c0] Missing Sequence Header.
[av1 @ 0x789ee80073c0] Missing Sequence Header.
[av1 @ 0x789ee80073c0] Missing Sequence Header.
[av1 @ 0x789ee80073c0] Missing Sequence Header.
[av1 @ 0x789ee80073c0] Missing Sequence Header.
[av1 @ 0x789ee80073c0] Missing Sequence Header.
[av1 @ 0x789ee80073c0] Missing Sequence Header.
[av1 @ 0x789ee80073c0] Missing Sequence Header.
[av1 @ 0x789ee80073c0] Missing Sequence Header.
[av1 @ 0x789ee80073c0] Missing Sequence Header.
[av1 @ 0x789ee80073c0] Missing Sequence Header.
[av1 @ 0x789ee80073c0] Missing Sequence Header.
[av1 @ 0x789ee80073c0] Missing Sequence Header.
[av1 @ 0x789ee80073c0] Missing Sequence Header.
[av1 @ 0x789ee80073c0] Missing Sequence Header.
[av1 @ 0x789ee80073c0] Missing Sequence Header.
[av1 @ 0x789ee80073c0] Missing Sequence Header.
[av1 @ 0x789ee80073c0] Missing Sequence Header.
[av1 @ 0x789ee80073c0] Missing Sequence Header.
[av1 @ 0x789ee80073c0] Missing Sequence Header.
[av1 @ 0x789ee80073c0] Missing Sequence Header.
[av1 @ 0x789ee80073c0] Missing Sequence Header.
[av1 @ 0x789ee80073c0] Missing Sequence Header.
[av1 @ 0x789ee80073c0] Missing Sequence Header.
[av1 @ 0x789ee80073c0] Missing Sequence Header.
[av1 @ 0x789ee80073c0] Missing Sequence Header.
[av1 @ 0x789ee80073c0] Missing Sequence Header.
[av1 @ 0x789ee80073c0] Missing Sequence Header.
[av1 @ 0x789ee80073c0] Missing Sequence Header.
[av1 @ 0x789ee80073c0] Missing Sequence Header.
[av1 @ 0x789ee802d9c0] Your platform doesn't suppport hardware accelerated AV1 decoding.
[av1 @ 0x789ee802d9c0] Failed to get pixel format.
[av1 @ 0x789ee0002500] Your platform doesn't suppport hardware accelerated AV1 decoding.
[av1 @ 0x789ee0002500] Failed to get pixel format.
[av1 @ 0x789ee0002500] Missing Sequence Header.
[av1 @ 0x789ee0002500] Missing Sequence Header.
[av1 @ 0x789ee0002500] Missing Sequence Header.
[av1 @ 0x789ee0002500] Missing Sequence Header.
[av1 @ 0x789ee0002500] Missing Sequence Header.
[av1 @ 0x789ee0002500] Missing Sequence Header.
[av1 @ 0x789ee0002500] Missing Sequence Header.
[av1 @ 0x789ee0002500] Missing Sequence Header.
[av1 @ 0x789ee0002500] Missing Sequence Header.
[av1 @ 0x789ee0002500] Missing Sequence Header.
[av1 @ 0x789ee0002500] Missing Sequence Header.
[av1 @ 0x789ee0002500] Missing Sequence Header.
[av1 @ 0x789ee0002500] Missing Sequence Header.
[av1 @ 0x789ee0002500] Missing Sequence Header.
[av1 @ 0x789ee0002500] Missing Sequence Header.
[av1 @ 0x789ee0002500] Missing Sequence Header.
[av1 @ 0x789ee0002500] Missing Sequence Header.
[av1 @ 0x789ee0002500] Missing Sequence Header.
[av1 @ 0x789ee0002500] Missing Sequence Header.
[av1 @ 0x789ee0002500] Missing Sequence Header.
[av1 @ 0x789ee0002500] Missing Sequence Header.
[av1 @ 0x789ee0002500] Missing Sequence Header.
[av1 @ 0x789ee0002500] Missing Sequence Header.
[av1 @ 0x789ee0002500] Missing Sequence Header.
[av1 @ 0x789ee0002500] Missing Sequence Header.
[av1 @ 0x789ee0002500] Missing Sequence Header.
[av1 @ 0x789ee0002500] Missing Sequence Header.
[av1 @ 0x789ee0002500] Missing Sequence Header.
[av1 @ 0x789ee0002500] Missing Sequence Header.
[av1 @ 0x789ee0002500] Missing Sequence Header.
[av1 @ 0x789ee0002500] Missing Sequence Header.
[av1 @ 0x789ee0002500] Missing Sequence Header.
[av1 @ 0x789ee0002500] Missing Sequence Header.
[av1 @ 0x789ee0002500] Missing Sequence Header.
[av1 @ 0x789ee0002500] Missing Sequence Header.
[av1 @ 0x789ee0002500] Missing Sequence Header.
[av1 @ 0x789ee0002500] Missing Sequence Header.
[av1 @ 0x789ee0002500] Missing Sequence Header.
[av1 @ 0x789ee0002500] Missing Sequence Header.
[av1 @ 0x789ee0002500] Missing Sequence Header.
[av1 @ 0x789ee0002500] Missing Sequence Header.
[av1 @ 0x789ee0002500] Missing Sequence Header.
[av1 @ 0x789ee0002500] Missing Sequence Header.
[av1 @ 0x789ee0002500] Missing Sequence Header.
[av1 @ 0x789ee0002500] Missing Sequence Header.
[av1 @ 0x789ee0002500] Missing Sequence Header.
[av1 @ 0x789ee0002500] Missing Sequence Header.
[av1 @ 0x789ee0002500] Missing Sequence Header.
[av1 @ 0x789ee0002500] Your platform doesn't suppport hardware accelerated AV1 decoding.
[av1 @ 0x789ee0002500] Failed to get pixel format.
[av1 @ 0x789ee0002500] Missing Sequence Header.
[av1 @ 0x789ee0002500] Missing Sequence Header.
[av1 @ 0x789ee0002500] Missing Sequence Header.
[av1 @ 0x789ee0002500] Missing Sequence Header.
[av1 @ 0x789ee0002500] Missing Sequence Header.
[av1 @ 0x789ee0002500] Missing Sequence Header.
[av1 @ 0x789ee0002500] Missing Sequence Header.
[av1 @ 0x789ee0002500] Missing Sequence Header.
[av1 @ 0x789ee0002500] Missing Sequence Header.
[av1 @ 0x789ee0002500] Missing Sequence Header.
[av1 @ 0x789ee0002500] Missing Sequence Header.
[av1 @ 0x789ee0002500] Missing Sequence Header.
[av1 @ 0x789ee0002500] Missing Sequence Header.
[av1 @ 0x789ee0002500] Missing Sequence Header.
[av1 @ 0x789ee0002500] Missing Sequence Header.
[av1 @ 0x789ee0002500] Missing Sequence Header.
[av1 @ 0x789ee0002500] Missing Sequence Header.
[av1 @ 0x789ee0002500] Missing Sequence Header.
[av1 @ 0x789ee0002500] Missing Sequence Header.
[av1 @ 0x789ee0002500] Missing Sequence Header.
[av1 @ 0x789ee0002500] Missing Sequence Header.
[av1 @ 0x789ee0002500] Missing Sequence Header.
[av1 @ 0x789ee0002500] Missing Sequence Header.
[av1 @ 0x789ee0002500] Missing Sequence Header.
[av1 @ 0x789ee0002500] Missing Sequence Header.
[av1 @ 0x789ee0002500] Missing Sequence Header.
[av1 @ 0x789ee0002500] Missing Sequence Header.
[av1 @ 0x789ee0002500] Missing Sequence Header.
[av1 @ 0x789ee0002500] Missing Sequence Header.
[av1 @ 0x789ee0002500] Missing Sequence Header.
[av1 @ 0x789ee0002500] Missing Sequence Header.
[av1 @ 0x789ee0002500] Missing Sequence Header.
[av1 @ 0x789ee0002500] Missing Sequence Header.
[av1 @ 0x789ee0002500] Missing Sequence Header.
[av1 @ 0x789ee0002500] Missing Sequence Header.
[av1 @ 0x789ee0002500] Missing Sequence Header.
[av1 @ 0x789ee0002500] Missing Sequence Header.
[av1 @ 0x789ee0002500] Missing Sequence Header.
[av1 @ 0x789ee0002500] Missing Sequence Header.
[av1 @ 0x789ee0002500] Missing Sequence Header.
[av1 @ 0x789ee0002500] Missing Sequence Header.
[av1 @ 0x789ee0002500] Missing Sequence Header.
[av1 @ 0x789ee0002500] Missing Sequence Header.
[av1 @ 0x789ee0002500] Missing Sequence Header.
[av1 @ 0x789ee0002500] Missing Sequence Header.
[av1 @ 0x789ee0002500] Missing Sequence Header.
[av1 @ 0x789ee0002500] Missing Sequence Header.
[av1 @ 0x789ee0002500] Missing Sequence Header.
[av1 @ 0x789ee0002500] Missing Sequence Header.
[av1 @ 0x789ee0002500] Missing Sequence Header.
[av1 @ 0x789ee0002500] Missing Sequence Header.
[av1 @ 0x789ee0002500] Missing Sequence Header.
[av1 @ 0x789ee0002500] Missing Sequence Header.
[av1 @ 0x789ee0002500] Missing Sequence Header.
[av1 @ 0x789ee0002500] Missing Sequence Header.
[av1 @ 0x789ee0002500] Missing Sequence Header.
[av1 @ 0x789ee0002500] Missing Sequence Header.
[av1 @ 0x789ee0002500] Missing Sequence Header.
[av1 @ 0x789ee0002500] Missing Sequence Header.
[av1 @ 0x789ee0002500] Missing Sequence Header.
[av1 @ 0x789ee0002500] Your platform doesn't suppport hardware accelerated AV1 decoding.
[av1 @ 0x789ee0002500] Failed to get pixel format.
[av1 @ 0x789ee0002500] Missing Sequence Header.
[av1 @ 0x789ee0002500] Missing Sequence Header.
[av1 @ 0x789ee0002500] Missing Sequence Header.
[av1 @ 0x789ee0002500] Missing Sequence Header.
[av1 @ 0x789ee0002500] Missing Sequence Header.
[av1 @ 0x789ee0002500] Missing Sequence Header.
[av1 @ 0x789ee0002500] Missing Sequence Header.
[av1 @ 0x789ee0002500] Missing Sequence Header.
[av1 @ 0x789ee0002500] Missing Sequence Header.
[av1 @ 0x789ee0002500] Missing Sequence Header.
[av1 @ 0x789ee0002500] Missing Sequence Header.
[av1 @ 0x789ee0002500] Missing Sequence Header.
[av1 @ 0x789ee0002500] Missing Sequence Header.
[av1 @ 0x789ee0002500] Missing Sequence Header.
[av1 @ 0x789ee0002500] Missing Sequence Header.
[av1 @ 0x789ee0002500] Missing Sequence Header.
[av1 @ 0x789ee0002500] Missing Sequence Header.
[av1 @ 0x789ee0002500] Missing Sequence Header.
[av1 @ 0x789ee0002500] Missing Sequence Header.
[av1 @ 0x789ee0002500] Missing Sequence Header.
[av1 @ 0x789ee0002500] Missing Sequence Header.
[av1 @ 0x789ee0002500] Missing Sequence Header.
[av1 @ 0x789ee0002500] Missing Sequence Header.
[av1 @ 0x789ee0002500] Missing Sequence Header.
[av1 @ 0x789ee0002500] Missing Sequence Header.
[av1 @ 0x789ee0002500] Missing Sequence Header.
[av1 @ 0x789ee0002500] Missing Sequence Header.
[av1 @ 0x789ee0002500] Missing Sequence Header.
[av1 @ 0x789ee0002500] Missing Sequence Header.
[av1 @ 0x789ee0002500] Missing Sequence Header.
[av1 @ 0x789ee0002500] Missing Sequence Header.
[av1 @ 0x789ee0002500] Missing Sequence Header.
[av1 @ 0x789ee0002500] Missing Sequence Header.
[av1 @ 0x789ee0002500] Missing Sequence Header.
[av1 @ 0x789ee0002500] Missing Sequence Header.
[av1 @ 0x789ee0002500] Missing Sequence Header.
[av1 @ 0x789ee0002500] Missing Sequence Header.
[av1 @ 0x789ee0002500] Missing Sequence Header.
[av1 @ 0x789ee0002500] Missing Sequence Header.
[av1 @ 0x789ee00142c0] Your platform doesn't suppport hardware accelerated AV1 decoding.
[av1 @ 0x789ee00142c0] Failed to get pixel format.
[av1 @ 0x789ee8004900] Your platform doesn't suppport hardware accelerated AV1 decoding.
[av1 @ 0x789ee8004900] Failed to get pixel format.
[av1 @ 0x789ee8004900] Missing Sequence Header.
[av1 @ 0x789ee8004900] Missing Sequence Header.
[av1 @ 0x789ee8004900] Missing Sequence Header.
[av1 @ 0x789ee8004900] Missing Sequence Header.
[av1 @ 0x789ee8004900] Missing Sequence Header.
[av1 @ 0x789ee8004900] Missing Sequence Header.
[av1 @ 0x789ee8004900] Missing Sequence Header.
[av1 @ 0x789ee8004900] Missing Sequence Header.
[av1 @ 0x789ee8004900] Missing Sequence Header.
[av1 @ 0x789ee8004900] Missing Sequence Header.
[av1 @ 0x789ee8004900] Missing Sequence Header.
[av1 @ 0x789ee8004900] Missing Sequence Header.
[av1 @ 0x789ee8004900] Missing Sequence Header.
[av1 @ 0x789ee8004900] Missing Sequence Header.
[av1 @ 0x789ee8004900] Missing Sequence Header.
[av1 @ 0x789ee8004900] Missing Sequence Header.
[av1 @ 0x789ee8004900] Missing Sequence Header.
[av1 @ 0x789ee8004900] Missing Sequence Header.
[av1 @ 0x789ee8004900] Missing Sequence Header.
[av1 @ 0x789ee8004900] Missing Sequence Header.
[av1 @ 0x789ee8004900] Missing Sequence Header.
[av1 @ 0x789ee8004900] Missing Sequence Header.
[av1 @ 0x789ee8004900] Missing Sequence Header.
[av1 @ 0x789ee8004900] Missing Sequence Header.
[av1 @ 0x789ee8004900] Missing Sequence Header.
[av1 @ 0x789ee8004900] Missing Sequence Header.
[av1 @ 0x789ee8004900] Missing Sequence Header.
[av1 @ 0x789ee8004900] Missing Sequence Header.
[av1 @ 0x789ee8004900] Missing Sequence Header.
[av1 @ 0x789ee8004900] Missing Sequence Header.
[av1 @ 0x789ee8004900] Missing Sequence Header.
[av1 @ 0x789ee8004900] Missing Sequence Header.
[av1 @ 0x789ee8004900] Missing Sequence Header.
[av1 @ 0x789ee8004900] Missing Sequence Header.
[av1 @ 0x789ee8004900] Missing Sequence Header.
[av1 @ 0x789ee8004900] Missing Sequence Header.
[av1 @ 0x789ee8004900] Missing Sequence Header.
[av1 @ 0x789ee8004900] Missing Sequence Header.
[av1 @ 0x789ee8004900] Missing Sequence Header.
[av1 @ 0x789ee8004900] Missing Sequence Header.
[av1 @ 0x789ee8004900] Missing Sequence Header.
[av1 @ 0x789ee8004900] Missing Sequence Header.
[av1 @ 0x789ee8004900] Missing Sequence Header.
[av1 @ 0x789ee8004900] Missing Sequence Header.
[av1 @ 0x789ee8004900] Missing Sequence Header.
[av1 @ 0x789ee8004900] Missing Sequence Header.
[av1 @ 0x789ee8004900] Missing Sequence Header.
[av1 @ 0x789ee8004900] Missing Sequence Header.
[av1 @ 0x789ee8004900] Missing Sequence Header.
[av1 @ 0x789ee8004900] Missing Sequence Header.
[av1 @ 0x789ee8004900] Missing Sequence Header.
[av1 @ 0x789ee8004900] Missing Sequence Header.
[av1 @ 0x789ee8004900] Your platform doesn't suppport hardware accelerated AV1 decoding.
[av1 @ 0x789ee8004900] Failed to get pixel format.
[av1 @ 0x789ee8004900] Missing Sequence Header.
[av1 @ 0x789ee8004900] Missing Sequence Header.
[av1 @ 0x789ee8004900] Missing Sequence Header.
[av1 @ 0x789ee8004900] Missing Sequence Header.
[av1 @ 0x789ee8004900] Missing Sequence Header.
[av1 @ 0x789ee8004900] Missing Sequence Header.
[av1 @ 0x789ee8004900] Missing Sequence Header.
[av1 @ 0x789ee8004900] Missing Sequence Header.
[av1 @ 0x789ee8004900] Missing Sequence Header.
[av1 @ 0x789ee8004900] Missing Sequence Header.
[av1 @ 0x789ee8004900] Missing Sequence Header.
[av1 @ 0x789ee8004900] Missing Sequence Header.
[av1 @ 0x789ee8004900] Missing Sequence Header.
[av1 @ 0x789ee8004900] Missing Sequence Header.
[av1 @ 0x789ee8004900] Missing Sequence Header.
[av1 @ 0x789ee8004900] Missing Sequence Header.
[av1 @ 0x789ee8004900] Missing Sequence Header.
[av1 @ 0x789ee8004900] Missing Sequence Header.
[av1 @ 0x789ee8004900] Missing Sequence Header.
[av1 @ 0x789ee8004900] Missing Sequence Header.
[av1 @ 0x789ee8004900] Missing Sequence Header.
[av1 @ 0x789ee8004900] Missing Sequence Header.
[av1 @ 0x789ee8004900] Missing Sequence Header.
[av1 @ 0x789ee8004900] Missing Sequence Header.
[av1 @ 0x789ee8004900] Missing Sequence Header.
[av1 @ 0x789ee8004900] Missing Sequence Header.
[av1 @ 0x789ee8004900] Missing Sequence Header.
[av1 @ 0x789ee8004900] Missing Sequence Header.
[av1 @ 0x789ee8004900] Missing Sequence Header.
[av1 @ 0x789ee8004900] Missing Sequence Header.
[av1 @ 0x789ee8004900] Missing Sequence Header.
[av1 @ 0x789ee8004900] Missing Sequence Header.
[av1 @ 0x789ee8004900] Missing Sequence Header.
[av1 @ 0x789ee8004900] Missing Sequence Header.
[av1 @ 0x789ee8004900] Missing Sequence Header.
[av1 @ 0x789ee8004900] Missing Sequence Header.
[av1 @ 0x789ee8004900] Missing Sequence Header.
[av1 @ 0x789ee8004900] Missing Sequence Header.
[av1 @ 0x789ee8004900] Missing Sequence Header.
[av1 @ 0x789ee8004900] Missing Sequence Header.
[av1 @ 0x789ee8004900] Missing Sequence Header.
[av1 @ 0x789ee8004900] Missing Sequence Header.
[av1 @ 0x789ee8004900] Missing Sequence Header.
[av1 @ 0x789ee8004900] Missing Sequence Header.
[av1 @ 0x789ee8004900] Missing Sequence Header.
[av1 @ 0x789ee8004900] Missing Sequence Header.
[av1 @ 0x789ee8004900] Missing Sequence Header.
[av1 @ 0x789ee8004900] Missing Sequence Header.
[av1 @ 0x789ee8004900] Missing Sequence Header.
[av1 @ 0x789ee8004900] Missing Sequence Header.
[av1 @ 0x789ee8004900] Missing Sequence Header.
[av1 @ 0x789ee8004900] Missing Sequence Header.
[av1 @ 0x789ee8004900] Missing Sequence Header.
[av1 @ 0x789ee8004900] Missing Sequence Header.
[av1 @ 0x789ee8004900] Missing Sequence Header.
[av1 @ 0x789ee8004900] Missing Sequence Header.
[av1 @ 0x789ee8004900] Missing Sequence Header.
[av1 @ 0x789ee8004900] Missing Sequence Header.
[av1 @ 0x789ee8004900] Missing Sequence Header.
[av1 @ 0x789ee8004900] Your platform doesn't suppport hardware accelerated AV1 decoding.
[av1 @ 0x789ee8004900] Failed to get pixel format.
[av1 @ 0x789ee8004900] Your platform doesn't suppport hardware accelerated AV1 decoding.
[av1 @ 0x789ee8004900] Failed to get pixel format.
[av1 @ 0x789ee8004900] Missing Sequence Header.
[av1 @ 0x789ee8004900] Missing Sequence Header.
[av1 @ 0x789ee8004900] Missing Sequence Header.
[av1 @ 0x789ee8004900] Missing Sequence Header.
[av1 @ 0x789ee8004900] Missing Sequence Header.
[av1 @ 0x789ee8004900] Missing Sequence Header.
[av1 @ 0x789ee8004900] Missing Sequence Header.
[av1 @ 0x789ee8004900] Missing Sequence Header.
[av1 @ 0x789ee8004900] Missing Sequence Header.
[av1 @ 0x789ee8004900] Missing Sequence Header.
[av1 @ 0x789ee8004900] Missing Sequence Header.
[av1 @ 0x789ee8004900] Missing Sequence Header.
[av1 @ 0x789ee8004900] Missing Sequence Header.
[av1 @ 0x789ee8004900] Missing Sequence Header.
[av1 @ 0x789ee8004900] Missing Sequence Header.
[av1 @ 0x789ee8004900] Missing Sequence Header.
[av1 @ 0x789ee8004900] Missing Sequence Header.
[av1 @ 0x789ee8004900] Missing Sequence Header.
[av1 @ 0x789ee8004900] Missing Sequence Header.
[av1 @ 0x789ee8004900] Missing Sequence Header.
[av1 @ 0x789ee8004900] Missing Sequence Header.
[av1 @ 0x789ee8004900] Missing Sequence Header.
[av1 @ 0x789ee8004900] Missing Sequence Header.
[av1 @ 0x789ee8004900] Missing Sequence Header.
[av1 @ 0x789ee8004900] Missing Sequence Header.
[av1 @ 0x789ee8004900] Missing Sequence Header.
[av1 @ 0x789ee8004900] Missing Sequence Header.
[av1 @ 0x789ee8004900] Missing Sequence Header.
[av1 @ 0x789ee8004900] Missing Sequence Header.
[av1 @ 0x789ee8004900] Missing Sequence Header.
[av1 @ 0x789ee8004900] Missing Sequence Header.
[av1 @ 0x789ee8004900] Missing Sequence Header.
[av1 @ 0x789ee8004900] Missing Sequence Header.
[av1 @ 0x789ee8004900] Missing Sequence Header.
[av1 @ 0x789ee8004900] Your platform doesn't suppport hardware accelerated AV1 decoding.
[av1 @ 0x789ee8004900] Failed to get pixel format.
[av1 @ 0x789ee80073c0] Your platform doesn't suppport hardware accelerated AV1 decoding.
[av1 @ 0x789ee80073c0] Failed to get pixel format.
[av1 @ 0x789ee0009bc0] Your platform doesn't suppport hardware accelerated AV1 decoding.
[av1 @ 0x789ee0009bc0] Failed to get pixel format.
[av1 @ 0x789ee0009bc0] Missing Sequence Header.
[av1 @ 0x789ee0009bc0] Missing Sequence Header.
[av1 @ 0x789ee0009bc0] Missing Sequence Header.
[av1 @ 0x789ee0009bc0] Missing Sequence Header.
[av1 @ 0x789ee0009bc0] Missing Sequence Header.
[av1 @ 0x789ee0009bc0] Missing Sequence Header.
[av1 @ 0x789ee0009bc0] Missing Sequence Header.
[av1 @ 0x789ee0009bc0] Missing Sequence Header.
[av1 @ 0x789ee0009bc0] Missing Sequence Header.
[av1 @ 0x789ee0009bc0] Missing Sequence Header.
[av1 @ 0x789ee0009bc0] Missing Sequence Header.
[av1 @ 0x789ee0009bc0] Missing Sequence Header.
[av1 @ 0x789ee0009bc0] Missing Sequence Header.
[av1 @ 0x789ee0009bc0] Missing Sequence Header.
[av1 @ 0x789ee0009bc0] Missing Sequence Header.
[av1 @ 0x789ee0009bc0] Missing Sequence Header.
[av1 @ 0x789ee0009bc0] Missing Sequence Header.
[av1 @ 0x789ee0009bc0] Missing Sequence Header.
[av1 @ 0x789ee0009bc0] Missing Sequence Header.
[av1 @ 0x789ee0009bc0] Missing Sequence Header.
[av1 @ 0x789ee0009bc0] Missing Sequence Header.
[av1 @ 0x789ee0009bc0] Missing Sequence Header.
[av1 @ 0x789ee0009bc0] Missing Sequence Header.
[av1 @ 0x789ee0009bc0] Missing Sequence Header.
[av1 @ 0x789ee0009bc0] Missing Sequence Header.
[av1 @ 0x789ee0009bc0] Missing Sequence Header.
[av1 @ 0x789ee0009bc0] Missing Sequence Header.
[av1 @ 0x789ee0009bc0] Missing Sequence Header.
[av1 @ 0x789ee0009bc0] Missing Sequence Header.
[av1 @ 0x789ee0009bc0] Missing Sequence Header.
[av1 @ 0x789ee0009bc0] Missing Sequence Header.
[av1 @ 0x789ee0009bc0] Missing Sequence Header.
[av1 @ 0x789ee0009bc0] Missing Sequence Header.
[av1 @ 0x789ee0009bc0] Missing Sequence Header.
[av1 @ 0x789ee0009bc0] Missing Sequence Header.
[av1 @ 0x789ee0009bc0] Missing Sequence Header.
[av1 @ 0x789ee0009bc0] Missing Sequence Header.
[av1 @ 0x789ee0009bc0] Missing Sequence Header.
[av1 @ 0x789ee0009bc0] Missing Sequence Header.
[av1 @ 0x789ee0009bc0] Missing Sequence Header.
[av1 @ 0x789ee0009bc0] Missing Sequence Header.
[av1 @ 0x789ee0009bc0] Missing Sequence Header.
[av1 @ 0x789ee0009bc0] Missing Sequence Header.
[av1 @ 0x789ee0009bc0] Missing Sequence Header.
[av1 @ 0x789ee0009bc0] Missing Sequence Header.
[av1 @ 0x789ee0009bc0] Missing Sequence Header.
[av1 @ 0x789ee0009bc0] Missing Sequence Header.
[av1 @ 0x789ee0009bc0] Missing Sequence Header.
[av1 @ 0x789ee0009bc0] Missing Sequence Header.
[av1 @ 0x789ee0009bc0] Missing Sequence Header.
[av1 @ 0x789ee0009bc0] Missing Sequence Header.
[av1 @ 0x789ee0009bc0] Missing Sequence Header.
[av1 @ 0x789ee0009bc0] Missing Sequence Header.
[av1 @ 0x789ee0009bc0] Missing Sequence Header.
[av1 @ 0x789ee0009bc0] Missing Sequence Header.
[av1 @ 0x789ee0009bc0] Missing Sequence Header.
[av1 @ 0x789ee0009bc0] Missing Sequence Header.
[av1 @ 0x789ee0009bc0] Missing Sequence Header.
[av1 @ 0x789ee0009bc0] Missing Sequence Header.
[av1 @ 0x789ee0009bc0] Missing Sequence Header.
[av1 @ 0x789ee0009bc0] Missing Sequence Header.
[av1 @ 0x789ee0009bc0] Missing Sequence Header.
[av1 @ 0x789ee0009bc0] Missing Sequence Header.
[av1 @ 0x789ee0009bc0] Missing Sequence Header.
[av1 @ 0x789ee0009bc0] Missing Sequence Header.
[av1 @ 0x789ee0009bc0] Missing Sequence Header.
[av1 @ 0x789ee0009bc0] Missing Sequence Header.
[av1 @ 0x789ee0009bc0] Missing Sequence Header.
[av1 @ 0x789ee0009bc0] Missing Sequence Header.
[av1 @ 0x789ee0009bc0] Missing Sequence Header.
[av1 @ 0x789ee0009bc0] Missing Sequence Header.
[av1 @ 0x789ee0009bc0] Missing Sequence Header.
[av1 @ 0x789ee0009bc0] Missing Sequence Header.
[av1 @ 0x789ee0009bc0] Missing Sequence Header.
[av1 @ 0x789ee0009bc0] Missing Sequence Header.
[av1 @ 0x789ee0009bc0] Missing Sequence Header.
[av1 @ 0x789ee0009bc0] Missing Sequence Header.
[av1 @ 0x789ee0009bc0] Missing Sequence Header.
[av1 @ 0x789ee0009bc0] Missing Sequence Header.
[av1 @ 0x789ee0009bc0] Missing Sequence Header.
[av1 @ 0x789ee0009bc0] Missing Sequence Header.
[av1 @ 0x789ee0009bc0] Missing Sequence Header.
[av1 @ 0x789ee0009bc0] Missing Sequence Header.
[av1 @ 0x789ee0009bc0] Missing Sequence Header.
[av1 @ 0x789ee0009bc0] Missing Sequence Header.
[av1 @ 0x789ee0009bc0] Missing Sequence Header.
[av1 @ 0x789ee0009bc0] Missing Sequence Header.
[av1 @ 0x789ee0009bc0] Missing Sequence Header.
[av1 @ 0x789ee0009bc0] Missing Sequence Header.
[av1 @ 0x789ee0009bc0] Missing Sequence Header.
[av1 @ 0x789ee0009bc0] Missing Sequence Header.
[av1 @ 0x789ee0009bc0] Missing Sequence Header.
[av1 @ 0x789ee0009bc0] Missing Sequence Header.
[av1 @ 0x789ee0009bc0] Missing Sequence Header.
[av1 @ 0x789ee0009bc0] Missing Sequence Header.
[av1 @ 0x789ee0009bc0] Missing Sequence Header.
[av1 @ 0x789ee0009bc0] Missing Sequence Header.
[av1 @ 0x789ee0009bc0] Missing Sequence Header.
[av1 @ 0x789ee0009bc0] Missing Sequence Header.
[av1 @ 0x789ee0009bc0] Missing Sequence Header.
[av1 @ 0x789ee0009bc0] Missing Sequence Header.
[av1 @ 0x789ee0009bc0] Missing Sequence Header.
[av1 @ 0x789ee0009bc0] Missing Sequence Header.
[av1 @ 0x789ee0009bc0] Missing Sequence Header.
[av1 @ 0x789ee0009bc0] Missing Sequence Header.
[av1 @ 0x789ee0009bc0] Your platform doesn't suppport hardware accelerated AV1 decoding.
[av1 @ 0x789ee0009bc0] Failed to get pixel format.
[av1 @ 0x789ee0009bc0] Missing Sequence Header.
[av1 @ 0x789ee0009bc0] Missing Sequence Header.
[av1 @ 0x789ee0009bc0] Missing Sequence Header.
[av1 @ 0x789ee0009bc0] Missing Sequence Header.
[av1 @ 0x789ee0009bc0] Missing Sequence Header.
[av1 @ 0x789ee0009bc0] Missing Sequence Header.
[av1 @ 0x789ee0009bc0] Missing Sequence Header.
[av1 @ 0x789ee0009bc0] Missing Sequence Header.
[av1 @ 0x789ee0009bc0] Missing Sequence Header.
[av1 @ 0x789ee0009bc0] Missing Sequence Header.
[av1 @ 0x789ee0009bc0] Missing Sequence Header.
[av1 @ 0x789ee0009bc0] Missing Sequence Header.
[av1 @ 0x789ee0009bc0] Missing Sequence Header.
[av1 @ 0x789ee0009bc0] Missing Sequence Header.
[av1 @ 0x789ee0009bc0] Missing Sequence Header.
[av1 @ 0x789ee0009bc0] Missing Sequence Header.
[av1 @ 0x789ee0009bc0] Missing Sequence Header.
[av1 @ 0x789ee0009bc0] Missing Sequence Header.
[av1 @ 0x789ee0009bc0] Missing Sequence Header.
[av1 @ 0x789ee0009bc0] Missing Sequence Header.
[av1 @ 0x789ee0009bc0] Missing Sequence Header.
[av1 @ 0x789ee0009bc0] Missing Sequence Header.
[av1 @ 0x789ee0009bc0] Missing Sequence Header.
[av1 @ 0x789ee0009bc0] Missing Sequence Header.
[av1 @ 0x789ee0009bc0] Missing Sequence Header.
[av1 @ 0x789ee0009bc0] Missing Sequence Header.
[av1 @ 0x789ee0009bc0] Missing Sequence Header.
[av1 @ 0x789ee0009bc0] Missing Sequence Header.
[av1 @ 0x789ee0009bc0] Missing Sequence Header.
[av1 @ 0x789ee0009bc0] Missing Sequence Header.
[av1 @ 0x789ee0009bc0] Missing Sequence Header.
[av1 @ 0x789ee0009bc0] Missing Sequence Header.
[av1 @ 0x789ee0009bc0] Missing Sequence Header.
[av1 @ 0x789ee0009bc0] Missing Sequence Header.
[av1 @ 0x789ee0009bc0] Missing Sequence Header.
[av1 @ 0x789ee0009bc0] Missing Sequence Header.
[av1 @ 0x789ee0009bc0] Missing Sequence Header.
[av1 @ 0x789ee0009bc0] Missing Sequence Header.
[av1 @ 0x789ee0009bc0] Missing Sequence Header.
[av1 @ 0x789ee0009bc0] Missing Sequence Header.
[av1 @ 0x789ee0009bc0] Missing Sequence Header.
[av1 @ 0x789ee0009bc0] Missing Sequence Header.
[av1 @ 0x789ee0009bc0] Missing Sequence Header.
[av1 @ 0x789ee00e09c0] Your platform doesn't suppport hardware accelerated AV1 decoding.
[av1 @ 0x789ee00e09c0] Failed to get pixel format.
{"stage": "downloading", "time": "2026-10-05T07:51:03.204061+00:00", "requested": 1200, "completed": 60, "successful": 21}
[av1 @ 0x789ee8008340] Your platform doesn't suppport hardware accelerated AV1 decoding.
[av1 @ 0x789ee8008340] Failed to get pixel format.
[av1 @ 0x789ee8008340] Missing Sequence Header.
[av1 @ 0x789ee8008340] Missing Sequence Header.
[av1 @ 0x789ee8008340] Missing Sequence Header.
[av1 @ 0x789ee8008340] Missing Sequence Header.
[av1 @ 0x789ee8008340] Missing Sequence Header.
[av1 @ 0x789ee8008340] Missing Sequence Header.
[av1 @ 0x789ee8008340] Missing Sequence Header.
[av1 @ 0x789ee8008340] Missing Sequence Header.
[av1 @ 0x789ee8008340] Missing Sequence Header.
[av1 @ 0x789ee8008340] Missing Sequence Header.
[av1 @ 0x789ee8008340] Missing Sequence Header.
[av1 @ 0x789ee8008340] Missing Sequence Header.
[av1 @ 0x789ee8008340] Missing Sequence Header.
[av1 @ 0x789ee8008340] Missing Sequence Header.
[av1 @ 0x789ee8008340] Missing Sequence Header.
[av1 @ 0x789ee8008340] Missing Sequence Header.
[av1 @ 0x789ee8008340] Missing Sequence Header.
[av1 @ 0x789ee8008340] Missing Sequence Header.
[av1 @ 0x789ee8008340] Missing Sequence Header.
[av1 @ 0x789ee8008340] Missing Sequence Header.
[av1 @ 0x789ee8008340] Missing Sequence Header.
[av1 @ 0x789ee8008340] Missing Sequence Header.
[av1 @ 0x789ee8008340] Missing Sequence Header.
[av1 @ 0x789ee8008340] Missing Sequence Header.
[av1 @ 0x789ee8008340] Missing Sequence Header.
[av1 @ 0x789ee8008340] Missing Sequence Header.
[av1 @ 0x789ee8008340] Missing Sequence Header.
[av1 @ 0x789ee8008340] Missing Sequence Header.
[av1 @ 0x789ee8008340] Missing Sequence Header.
[av1 @ 0x789ee8008340] Missing Sequence Header.
[av1 @ 0x789ee8008340] Missing Sequence Header.
[av1 @ 0x789ee8008340] Missing Sequence Header.
[av1 @ 0x789ee8008340] Missing Sequence Header.
[av1 @ 0x789ee8008340] Missing Sequence Header.
[av1 @ 0x789ee8008340] Missing Sequence Header.
[av1 @ 0x789ee8008340] Missing Sequence Header.
[av1 @ 0x789ee8008340] Missing Sequence Header.
[av1 @ 0x789ee8008340] Missing Sequence Header.
[av1 @ 0x789ee8008340] Missing Sequence Header.
[av1 @ 0x789ee8008340] Missing Sequence Header.
[av1 @ 0x789ee8008340] Missing Sequence Header.
[av1 @ 0x789ee8008340] Missing Sequence Header.
[av1 @ 0x789ee8008340] Missing Sequence Header.
[av1 @ 0x789ee8008340] Missing Sequence Header.
[av1 @ 0x789ee8008340] Missing Sequence Header.
[av1 @ 0x789ee8008340] Missing Sequence Header.
[av1 @ 0x789ee8008340] Missing Sequence Header.
[av1 @ 0x789ee8008340] Missing Sequence Header.
[av1 @ 0x789ee8008340] Missing Sequence Header.
[av1 @ 0x789ee8008340] Missing Sequence Header.
[av1 @ 0x789ee8008340] Missing Sequence Header.
[av1 @ 0x789ee8008340] Missing Sequence Header.
[av1 @ 0x789ee8008340] Missing Sequence Header.
[av1 @ 0x789ee8008340] Missing Sequence Header.
[av1 @ 0x789ee8008340] Missing Sequence Header.
[av1 @ 0x789ee8008340] Missing Sequence Header.
[av1 @ 0x789ee8008340] Missing Sequence Header.
[av1 @ 0x789ee8008340] Missing Sequence Header.
[av1 @ 0x789ee8008340] Missing Sequence Header.
[av1 @ 0x789ee8008340] Missing Sequence Header.
[av1 @ 0x789ee8008340] Missing Sequence Header.
[av1 @ 0x789ee8008340] Missing Sequence Header.
[av1 @ 0x789ee8008340] Your platform doesn't suppport hardware accelerated AV1 decoding.
[av1 @ 0x789ee8008340] Failed to get pixel format.
[av1 @ 0x789ee8008340] Missing Sequence Header.
[av1 @ 0x789ee8008340] Missing Sequence Header.
[av1 @ 0x789ee8008340] Missing Sequence Header.
[av1 @ 0x789ee8008340] Missing Sequence Header.
[av1 @ 0x789ee8008340] Missing Sequence Header.
[av1 @ 0x789ee8008340] Missing Sequence Header.
[av1 @ 0x789ee8008340] Missing Sequence Header.
[av1 @ 0x789ee8008340] Missing Sequence Header.
[av1 @ 0x789ee8008340] Missing Sequence Header.
[av1 @ 0x789ee8008340] Missing Sequence Header.
[av1 @ 0x789ee8008340] Missing Sequence Header.
[av1 @ 0x789ee8008340] Missing Sequence Header.
[av1 @ 0x789ee8008340] Missing Sequence Header.
[av1 @ 0x789ee8008340] Missing Sequence Header.
[av1 @ 0x789ee8008340] Missing Sequence Header.
[av1 @ 0x789ee8008340] Missing Sequence Header.
[av1 @ 0x789ee8008340] Missing Sequence Header.
[av1 @ 0x789ee8008340] Missing Sequence Header.
[av1 @ 0x789ee8008340] Missing Sequence Header.
[av1 @ 0x789ee8008340] Missing Sequence Header.
[av1 @ 0x789ee8008340] Missing Sequence Header.
[av1 @ 0x789ee8008340] Missing Sequence Header.
[av1 @ 0x789ee8008340] Missing Sequence Header.
[av1 @ 0x789ee8008340] Missing Sequence Header.
[av1 @ 0x789ee8008340] Your platform doesn't suppport hardware accelerated AV1 decoding.
[av1 @ 0x789ee8008340] Failed to get pixel format.
[av1 @ 0x789ee8008340] Missing Sequence Header.
[av1 @ 0x789ee8008340] Missing Sequence Header.
[av1 @ 0x789ee8008340] Missing Sequence Header.
[av1 @ 0x789ee8008340] Missing Sequence Header.
[av1 @ 0x789ee8008340] Missing Sequence Header.
[av1 @ 0x789ee8008340] Missing Sequence Header.
[av1 @ 0x789ee8008340] Missing Sequence Header.
[av1 @ 0x789ee8008340] Missing Sequence Header.
[av1 @ 0x789ee8008340] Missing Sequence Header.
[av1 @ 0x789ee8008340] Missing Sequence Header.
[av1 @ 0x789ee8008340] Missing Sequence Header.
[av1 @ 0x789ee8008340] Missing Sequence Header.
[av1 @ 0x789ee8008340] Missing Sequence Header.
[av1 @ 0x789ee8008340] Missing Sequence Header.
[av1 @ 0x789ee8008340] Missing Sequence Header.
[av1 @ 0x789ee8008340] Missing Sequence Header.
[av1 @ 0x789ee8008340] Missing Sequence Header.
[av1 @ 0x789ee8008340] Missing Sequence Header.
[av1 @ 0x789ee8008340] Missing Sequence Header.
[av1 @ 0x789ee8008340] Missing Sequence Header.
[av1 @ 0x789ee8008340] Missing Sequence Header.
[av1 @ 0x789ee8008340] Missing Sequence Header.
[av1 @ 0x789ee8008340] Missing Sequence Header.
[av1 @ 0x789ee8008340] Missing Sequence Header.
[av1 @ 0x789ee8008340] Missing Sequence Header.
[av1 @ 0x789ee8008340] Missing Sequence Header.
[av1 @ 0x789ee8008340] Missing Sequence Header.
[av1 @ 0x789ee8008340] Missing Sequence Header.
[av1 @ 0x789ee8008340] Missing Sequence Header.
[av1 @ 0x789ee8008340] Missing Sequence Header.
[av1 @ 0x789ee8008340] Missing Sequence Header.
[av1 @ 0x789ee8008340] Missing Sequence Header.
[av1 @ 0x789ee8008340] Missing Sequence Header.
[av1 @ 0x789ee8008340] Missing Sequence Header.
[av1 @ 0x789ee8008340] Missing Sequence Header.
[av1 @ 0x789ee8008340] Missing Sequence Header.
[av1 @ 0x789ee8008340] Missing Sequence Header.
[av1 @ 0x789ee80073c0] Your platform doesn't suppport hardware accelerated AV1 decoding.
[av1 @ 0x789ee80073c0] Failed to get pixel format.
{"stage": "prepare_starting", "time": "2026-10-05T07:52:13.925173+00:00"}
{"stage": "downloading", "time": "2026-10-05T07:52:17.846783+00:00", "requested": 1200, "completed": 0}
{"stage": "downloading", "time": "2026-10-05T07:52:30.621650+00:00", "requested": 1200, "completed": 10, "successful": 7}
{"stage": "downloading", "time": "2026-10-05T07:52:43.411493+00:00", "requested": 1200, "completed": 20, "successful": 15}
{"stage": "downloading", "time": "2026-10-05T07:52:54.307836+00:00", "requested": 1200, "completed": 30, "successful": 24}
{"stage": "downloading", "time": "2026-10-05T07:53:05.572041+00:00", "requested": 1200, "completed": 40, "successful": 32}
{"stage": "downloading", "time": "2026-10-05T07:53:17.144075+00:00", "requested": 1200, "completed": 50, "successful": 42}
{"stage": "downloading", "time": "2026-10-05T07:53:27.706656+00:00", "requested": 1200, "completed": 60, "successful": 51}
{"stage": "downloading", "time": "2026-10-05T07:53:39.630944+00:00", "requested": 1200, "completed": 70, "successful": 60}
{"stage": "downloading", "time": "2026-10-05T07:53:49.024398+00:00", "requested": 1200, "completed": 80, "successful": 67}
{"stage": "downloading", "time": "2026-10-05T07:53:58.727690+00:00", "requested": 1200, "completed": 90, "successful": 74}
{"stage": "downloading", "time": "2026-10-05T07:54:10.210247+00:00", "requested": 1200, "completed": 100, "successful": 82}
{"stage": "downloading", "time": "2026-10-05T07:54:21.293145+00:00", "requested": 1200, "completed": 110, "successful": 89}
{"stage": "downloading", "time": "2026-10-05T07:54:30.619668+00:00", "requested": 1200, "completed": 120, "successful": 98}
{"stage": "downloading", "time": "2026-10-05T07:54:41.352195+00:00", "requested": 1200, "completed": 130, "successful": 107}
{"stage": "downloading", "time": "2026-10-05T07:54:52.992681+00:00", "requested": 1200, "completed": 140, "successful": 115}
{"stage": "downloading", "time": "2026-10-05T07:55:02.857547+00:00", "requested": 1200, "completed": 150, "successful": 122}
{"stage": "downloading", "time": "2026-10-05T07:55:15.567324+00:00", "requested": 1200, "completed": 160, "successful": 131}
{"stage": "downloading", "time": "2026-10-05T07:55:25.314189+00:00", "requested": 1200, "completed": 170, "successful": 139}
{"stage": "downloading", "time": "2026-10-05T07:55:35.666573+00:00", "requested": 1200, "completed": 180, "successful": 147}
{"stage": "downloading", "time": "2026-10-05T07:55:47.880245+00:00", "requested": 1200, "completed": 190, "successful": 157}
{"stage": "downloading", "time": "2026-10-05T07:55:56.445612+00:00", "requested": 1200, "completed": 200, "successful": 162}
{"stage": "downloading", "time": "2026-10-05T07:56:06.756079+00:00", "requested": 1200, "completed": 210, "successful": 170}
{"stage": "downloading", "time": "2026-10-05T07:56:16.880210+00:00", "requested": 1200, "completed": 220, "successful": 176}
{"stage": "downloading", "time": "2026-10-05T07:56:27.266543+00:00", "requested": 1200, "completed": 230, "successful": 184}
{"stage": "downloading", "time": "2026-10-05T07:56:38.227922+00:00", "requested": 1200, "completed": 240, "successful": 192}
{"stage": "downloading", "time": "2026-10-05T07:56:48.524181+00:00", "requested": 1200, "completed": 250, "successful": 199}
{"stage": "downloading", "time": "2026-10-05T07:57:00.894073+00:00", "requested": 1200, "completed": 260, "successful": 208}
{"stage": "downloading", "time": "2026-10-05T07:57:11.804299+00:00", "requested": 1200, "completed": 270, "successful": 217}
{"stage": "downloading", "time": "2026-10-05T07:57:23.640923+00:00", "requested": 1200, "completed": 280, "successful": 226}
{"stage": "downloading", "time": "2026-10-05T07:57:33.970336+00:00", "requested": 1200, "completed": 290, "successful": 232}
{"stage": "downloading", "time": "2026-10-05T07:57:46.768336+00:00", "requested": 1200, "completed": 300, "successful": 241}
{"stage": "downloading", "time": "2026-10-05T07:57:57.732906+00:00", "requested": 1200, "completed": 310, "successful": 250}
{"stage": "downloading", "time": "2026-10-05T07:58:06.522295+00:00", "requested": 1200, "completed": 320, "successful": 255}
{"stage": "downloading", "time": "2026-10-05T07:58:17.156737+00:00", "requested": 1200, "completed": 330, "successful": 262}
{"stage": "downloading", "time": "2026-10-05T07:58:27.638452+00:00", "requested": 1200, "completed": 340, "successful": 269}
{"stage": "downloading", "time": "2026-10-05T07:58:38.961877+00:00", "requested": 1200, "completed": 350, "successful": 278}
{"stage": "downloading", "time": "2026-10-05T07:58:49.494265+00:00", "requested": 1200, "completed": 360, "successful": 285}
{"stage": "downloading", "time": "2026-10-05T07:59:01.586433+00:00", "requested": 1200, "completed": 370, "successful": 294}
{"stage": "downloading", "time": "2026-10-05T07:59:13.421510+00:00", "requested": 1200, "completed": 380, "successful": 303}
{"stage": "downloading", "time": "2026-10-05T07:59:24.150211+00:00", "requested": 1200, "completed": 390, "successful": 309}
{"stage": "downloading", "time": "2026-10-05T07:59:32.624166+00:00", "requested": 1200, "completed": 400, "successful": 316}
{"stage": "downloading", "time": "2026-10-05T07:59:45.120015+00:00", "requested": 1200, "completed": 410, "successful": 326}
{"stage": "downloading", "time": "2026-10-05T07:59:55.457261+00:00", "requested": 1200, "completed": 420, "successful": 334}
{"stage": "downloading", "time": "2026-10-05T08:00:06.126582+00:00", "requested": 1200, "completed": 430, "successful": 341}
{"stage": "downloading", "time": "2026-10-05T08:00:18.978603+00:00", "requested": 1200, "completed": 440, "successful": 350}
{"stage": "downloading", "time": "2026-10-05T08:00:29.829084+00:00", "requested": 1200, "completed": 450, "successful": 357}
{"stage": "downloading", "time": "2026-10-05T08:00:43.710345+00:00", "requested": 1200, "completed": 460, "successful": 366}
{"stage": "downloading", "time": "2026-10-05T08:00:55.231043+00:00", "requested": 1200, "completed": 470, "successful": 374}
{"stage": "downloading", "time": "2026-10-05T08:01:06.384391+00:00", "requested": 1200, "completed": 480, "successful": 380}
{"stage": "downloading", "time": "2026-10-05T08:01:14.428240+00:00", "requested": 1200, "completed": 490, "successful": 380}
{"stage": "downloading", "time": "2026-10-05T08:01:22.310375+00:00", "requested": 1200, "completed": 500, "successful": 380}
{"stage": "downloading", "time": "2026-10-05T08:01:28.850233+00:00", "requested": 1200, "completed": 510, "successful": 380}
{"stage": "downloading", "time": "2026-10-05T08:01:35.662772+00:00", "requested": 1200, "completed": 520, "successful": 380}
{"stage": "downloading", "time": "2026-10-05T08:01:42.287854+00:00", "requested": 1200, "completed": 530, "successful": 380}
{"stage": "downloading", "time": "2026-10-05T08:01:49.587811+00:00", "requested": 1200, "completed": 540, "successful": 380}
{"stage": "downloading", "time": "2026-10-05T08:01:57.447281+00:00", "requested": 1200, "completed": 550, "successful": 380}
{"stage": "downloading", "time": "2026-10-05T08:02:05.185277+00:00", "requested": 1200, "completed": 560, "successful": 380}
{"stage": "downloading", "time": "2026-10-05T08:02:10.969592+00:00", "requested": 1200, "completed": 570, "successful": 380}
{"stage": "downloading", "time": "2026-10-05T08:02:18.421747+00:00", "requested": 1200, "completed": 580, "successful": 380}
{"stage": "downloading", "time": "2026-10-05T08:02:25.042179+00:00", "requested": 1200, "completed": 590, "successful": 380}
{"stage": "downloading", "time": "2026-10-05T08:02:33.089090+00:00", "requested": 1200, "completed": 600, "successful": 380}
{"stage": "downloading", "time": "2026-10-05T08:02:39.156297+00:00", "requested": 1200, "completed": 610, "successful": 380}
{"stage": "downloading", "time": "2026-10-05T08:02:46.349828+00:00", "requested": 1200, "completed": 620, "successful": 380}
{"stage": "downloading", "time": "2026-10-05T08:02:52.959506+00:00", "requested": 1200, "completed": 630, "successful": 380}
{"stage": "downloading", "time": "2026-10-05T08:03:00.147266+00:00", "requested": 1200, "completed": 640, "successful": 380}
{"stage": "downloading", "time": "2026-10-05T08:03:06.553476+00:00", "requested": 1200, "completed": 650, "successful": 380}
{"stage": "downloading", "time": "2026-10-05T08:03:13.520072+00:00", "requested": 1200, "completed": 660, "successful": 380}
{"stage": "downloading", "time": "2026-10-05T08:03:19.934561+00:00", "requested": 1200, "completed": 670, "successful": 380}
{"stage": "downloading", "time": "2026-10-05T08:03:27.959636+00:00", "requested": 1200, "completed": 680, "successful": 380}
{"stage": "downloading", "time": "2026-10-05T08:03:34.838108+00:00", "requested": 1200, "completed": 690, "successful": 380}
{"stage": "downloading", "time": "2026-10-05T08:03:42.092662+00:00", "requested": 1200, "completed": 700, "successful": 380}
{"stage": "downloading", "time": "2026-10-05T08:03:49.384144+00:00", "requested": 1200, "completed": 710, "successful": 380}
{"stage": "downloading", "time": "2026-10-05T08:03:56.724217+00:00", "requested": 1200, "completed": 720, "successful": 380}
{"stage": "downloading", "time": "2026-10-05T08:04:03.047290+00:00", "requested": 1200, "completed": 730, "successful": 380}
{"stage": "downloading", "time": "2026-10-05T08:04:09.758270+00:00", "requested": 1200, "completed": 740, "successful": 380}
{"stage": "downloading", "time": "2026-10-05T08:04:16.772058+00:00", "requested": 1200, "completed": 750, "successful": 380}
{"stage": "downloading", "time": "2026-10-05T08:04:23.500888+00:00", "requested": 1200, "completed": 760, "successful": 380}
{"stage": "downloading", "time": "2026-10-05T08:04:30.180288+00:00", "requested": 1200, "completed": 770, "successful": 380}
{"stage": "downloading", "time": "2026-10-05T08:04:37.140511+00:00", "requested": 1200, "completed": 780, "successful": 380}
{"stage": "downloading", "time": "2026-10-05T08:04:44.342694+00:00", "requested": 1200, "completed": 790, "successful": 380}
{"stage": "downloading", "time": "2026-10-05T08:04:50.740818+00:00", "requested": 1200, "completed": 800, "successful": 380}
{"stage": "downloading", "time": "2026-10-05T08:04:57.838085+00:00", "requested": 1200, "completed": 810, "successful": 380}
{"stage": "downloading", "time": "2026-10-05T08:05:05.123380+00:00", "requested": 1200, "completed": 820, "successful": 380}
{"stage": "downloading", "time": "2026-10-05T08:05:12.673254+00:00", "requested": 1200, "completed": 830, "successful": 380}
{"stage": "downloading", "time": "2026-10-05T08:05:18.493013+00:00", "requested": 1200, "completed": 840, "successful": 380}
{"stage": "downloading", "time": "2026-10-05T08:05:26.472295+00:00", "requested": 1200, "completed": 850, "successful": 380}
{"stage": "downloading", "time": "2026-10-05T08:05:32.339252+00:00", "requested": 1200, "completed": 860, "successful": 380}
{"stage": "downloading", "time": "2026-10-05T08:05:39.754226+00:00", "requested": 1200, "completed": 870, "successful": 380}
{"stage": "downloading", "time": "2026-10-05T08:05:45.409078+00:00", "requested": 1200, "completed": 880, "successful": 380}
{"stage": "downloading", "time": "2026-10-05T08:05:52.521199+00:00", "requested": 1200, "completed": 890, "successful": 380}
{"stage": "downloading", "time": "2026-10-05T08:05:59.543302+00:00", "requested": 1200, "completed": 900, "successful": 380}
{"stage": "downloading", "time": "2026-10-05T08:06:07.550733+00:00", "requested": 1200, "completed": 910, "successful": 380}
{"stage": "downloading", "time": "2026-10-05T08:06:13.923379+00:00", "requested": 1200, "completed": 920, "successful": 380}
{"stage": "downloading", "time": "2026-10-05T08:06:21.599100+00:00", "requested": 1200, "completed": 930, "successful": 380}
{"stage": "downloading", "time": "2026-10-05T08:06:27.872551+00:00", "requested": 1200, "completed": 940, "successful": 380}
{"stage": "downloading", "time": "2026-10-05T08:06:36.346513+00:00", "requested": 1200, "completed": 950, "successful": 380}
{"stage": "downloading", "time": "2026-10-05T08:06:43.703939+00:00", "requested": 1200, "completed": 960, "successful": 380}
{"stage": "downloading", "time": "2026-10-05T08:06:51.626329+00:00", "requested": 1200, "completed": 970, "successful": 380}
{"stage": "downloading", "time": "2026-10-05T08:06:58.414568+00:00", "requested": 1200, "completed": 980, "successful": 380}
{"stage": "downloading", "time": "2026-10-05T08:07:05.313577+00:00", "requested": 1200, "completed": 990, "successful": 380}
{"stage": "downloading", "time": "2026-10-05T08:07:12.478481+00:00", "requested": 1200, "completed": 1000, "successful": 380}
{"stage": "downloading", "time": "2026-10-05T08:07:19.679849+00:00", "requested": 1200, "completed": 1010, "successful": 380}
{"stage": "downloading", "time": "2026-10-05T08:07:26.489408+00:00", "requested": 1200, "completed": 1020, "successful": 380}
{"stage": "downloading", "time": "2026-10-05T08:07:33.099295+00:00", "requested": 1200, "completed": 1030, "successful": 380}
{"stage": "downloading", "time": "2026-10-05T08:07:40.452288+00:00", "requested": 1200, "completed": 1040, "successful": 380}
{"stage": "downloading", "time": "2026-10-05T08:07:46.973709+00:00", "requested": 1200, "completed": 1050, "successful": 380}
{"stage": "downloading", "time": "2026-10-05T08:07:54.293678+00:00", "requested": 1200, "completed": 1060, "successful": 380}
{"stage": "downloading", "time": "2026-10-05T08:08:00.639305+00:00", "requested": 1200, "completed": 1070, "successful": 380}
{"stage": "downloading", "time": "2026-10-05T08:08:08.348763+00:00", "requested": 1200, "completed": 1080, "successful": 380}
{"stage": "downloading", "time": "2026-10-05T08:08:15.056440+00:00", "requested": 1200, "completed": 1090, "successful": 380}
{"stage": "downloading", "time": "2026-10-05T08:08:22.333817+00:00", "requested": 1200, "completed": 1100, "successful": 380}
{"stage": "downloading", "time": "2026-10-05T08:08:28.139341+00:00", "requested": 1200, "completed": 1110, "successful": 380}
{"stage": "downloading", "time": "2026-10-05T08:08:35.220569+00:00", "requested": 1200, "completed": 1120, "successful": 380}
{"stage": "downloading", "time": "2026-10-05T08:08:41.465194+00:00", "requested": 1200, "completed": 1130, "successful": 380}
{"stage": "downloading", "time": "2026-10-05T08:08:48.469245+00:00", "requested": 1200, "completed": 1140, "successful": 380}
{"stage": "downloading", "time": "2026-10-05T08:08:54.618011+00:00", "requested": 1200, "completed": 1150, "successful": 380}
{"stage": "downloading", "time": "2026-10-05T08:09:01.929391+00:00", "requested": 1200, "completed": 1160, "successful": 380}
{"stage": "downloading", "time": "2026-10-05T08:09:07.482220+00:00", "requested": 1200, "completed": 1170, "successful": 380}
{"stage": "downloading", "time": "2026-10-05T08:09:14.796823+00:00", "requested": 1200, "completed": 1180, "successful": 380}
{"stage": "downloading", "time": "2026-10-05T08:09:21.349174+00:00", "requested": 1200, "completed": 1190, "successful": 380}
{"stage": "downloading", "time": "2026-10-05T08:09:28.385147+00:00", "requested": 1200, "completed": 1200, "successful": 380}
{"stage": "download_complete", "time": "2026-10-05T08:09:29.909741+00:00", "valid": 380}
{"stage": "features_starting", "time": "2026-10-05T08:09:30.120345+00:00"}
Downloading: "https://download.pytorch.org/models/resnet50-11ad3fa6.pth" to /root/.cache/torch/hub/checkpoints/resnet50-11ad3fa6.pth

  0%|          | 0.00/97.8M [00:00<?, ?B/s]
 12%|█▏        | 11.9M/97.8M [00:00<00:00, 124MB/s]
 31%|███       | 30.0M/97.8M [00:00<00:00, 162MB/s]
 50%|█████     | 49.0M/97.8M [00:00<00:00, 179MB/s]
 70%|██████▉   | 68.4M/97.8M [00:00<00:00, 188MB/s]
 88%|████████▊ | 86.5M/97.8M [00:00<00:00, 189MB/s]
100%|██████████| 97.8M/97.8M [00:00<00:00, 184MB/s]
[h264 @ 0x47b8dd40] mmco: unref short failure
{"stage": "features", "time": "2026-10-05T08:10:08.969921+00:00", "completed": 10, "total": 380, "successful": 10, "device": "cuda"}
{"stage": "features", "time": "2026-10-05T08:10:20.686888+00:00", "completed": 20, "total": 380, "successful": 20, "device": "cuda"}
{"stage": "features", "time": "2026-10-05T08:10:32.106925+00:00", "completed": 30, "total": 380, "successful": 30, "device": "cuda"}
[h264 @ 0x48198380] mmco: unref short failure
[h264 @ 0x48198380] mmco: unref short failure
[h264 @ 0x48198380] mmco: unref short failure
[h264 @ 0x482a8780] mmco: unref short failure
[h264 @ 0x482a8780] mmco: unref short failure
{"stage": "features", "time": "2026-10-05T08:10:44.266509+00:00", "completed": 40, "total": 380, "successful": 40, "device": "cuda"}
{"stage": "features", "time": "2026-10-05T08:10:54.920971+00:00", "completed": 50, "total": 380, "successful": 50, "device": "cuda"}
[h264 @ 0x48198380] mmco: unref short failure
[h264 @ 0x48198380] mmco: unref short failure
[h264 @ 0x48198380] mmco: unref short failure
[h264 @ 0x48198380] mmco: unref short failure
[h264 @ 0x48198380] mmco: unref short failure
[h264 @ 0x48198380] mmco: unref short failure
[h264 @ 0x482a8780] mmco: unref short failure
{"stage": "features", "time": "2026-10-05T08:11:06.450720+00:00", "completed": 60, "total": 380, "successful": 60, "device": "cuda"}
[h264 @ 0x481565c0] mmco: unref short failure
[h264 @ 0x481565c0] mmco: unref short failure
[h264 @ 0x481565c0] mmco: unref short failure
[h264 @ 0x481565c0] mmco: unref short failure
[h264 @ 0x481565c0] mmco: unref short failure
[h264 @ 0x481a9f00] mmco: unref short failure
[h264 @ 0x481a9f00] mmco: unref short failure
[h264 @ 0x48198380] mmco: unref short failure
[h264 @ 0x48198380] mmco: unref short failure
[h264 @ 0x48198380] mmco: unref short failure
[h264 @ 0x48198380] mmco: unref short failure
{"stage": "features", "time": "2026-10-05T08:11:17.114293+00:00", "completed": 70, "total": 380, "successful": 70, "device": "cuda"}
{"stage": "features", "time": "2026-10-05T08:11:28.017331+00:00", "completed": 80, "total": 380, "successful": 80, "device": "cuda"}
[h264 @ 0x482a8780] mmco: unref short failure
{"stage": "features", "time": "2026-10-05T08:11:40.116886+00:00", "completed": 90, "total": 380, "successful": 90, "device": "cuda"}
[h264 @ 0x482a8780] mmco: unref short failure
[h264 @ 0x482a8780] mmco: unref short failure
[h264 @ 0x482a8780] mmco: unref short failure
{"stage": "features", "time": "2026-10-05T08:11:51.440214+00:00", "completed": 100, "total": 380, "successful": 100, "device": "cuda"}
[h264 @ 0x481a9f00] mmco: unref short failure
[h264 @ 0x481a9f00] mmco: unref short failure
[h264 @ 0x481a9f00] mmco: unref short failure
{"stage": "features", "time": "2026-10-05T08:12:02.362518+00:00", "completed": 110, "total": 380, "successful": 110, "device": "cuda"}
[h264 @ 0x48198380] mmco: unref short failure
[h264 @ 0x48198380] mmco: unref short failure
[h264 @ 0x48198380] mmco: unref short failure
[h264 @ 0x48198380] mmco: unref short failure
[h264 @ 0x48198380] mmco: unref short failure
[h264 @ 0x48198380] mmco: unref short failure
[h264 @ 0x48198380] mmco: unref short failure
[h264 @ 0x48198380] mmco: unref short failure
{"stage": "features", "time": "2026-10-05T08:12:14.281829+00:00", "completed": 120, "total": 380, "successful": 120, "device": "cuda"}
[h264 @ 0x481a9f00] mmco: unref short failure
[h264 @ 0x481a9f00] mmco: unref short failure
[h264 @ 0x482a8780] mmco: unref short failure
[h264 @ 0x482a8780] mmco: unref short failure
[h264 @ 0x481565c0] mmco: unref short failure
{"stage": "features", "time": "2026-10-05T08:12:25.707296+00:00", "completed": 130, "total": 380, "successful": 130, "device": "cuda"}
{"stage": "features", "time": "2026-10-05T08:12:37.230160+00:00", "completed": 140, "total": 380, "successful": 140, "device": "cuda"}
[h264 @ 0x47b56140] mmco: unref short failure
[h264 @ 0x47b56140] mmco: unref short failure
{"stage": "features", "time": "2026-10-05T08:12:48.907158+00:00", "completed": 150, "total": 380, "successful": 150, "device": "cuda"}
[h264 @ 0x48198380] mmco: unref short failure
[h264 @ 0x48198380] mmco: unref short failure
{"stage": "features", "time": "2026-10-05T08:12:59.364622+00:00", "completed": 160, "total": 380, "successful": 160, "device": "cuda"}
{"stage": "features", "time": "2026-10-05T08:13:11.343085+00:00", "completed": 170, "total": 380, "successful": 170, "device": "cuda"}
[h264 @ 0x47b56140] mmco: unref short failure
[h264 @ 0x47b56140] mmco: unref short failure
[h264 @ 0x47b56140] mmco: unref short failure
[h264 @ 0x47b56140] mmco: unref short failure
[h264 @ 0x47b56140] mmco: unref short failure
[h264 @ 0x47b56140] mmco: unref short failure
[h264 @ 0x48198380] mmco: unref short failure
[h264 @ 0x48198380] mmco: unref short failure
[h264 @ 0x48198380] mmco: unref short failure
[h264 @ 0x48198380] mmco: unref short failure
[h264 @ 0x48198380] mmco: unref short failure
{"stage": "features", "time": "2026-10-05T08:13:22.879609+00:00", "completed": 180, "total": 380, "successful": 180, "device": "cuda"}
[h264 @ 0x482a8780] mmco: unref short failure
[h264 @ 0x47b56140] mmco: unref short failure
[h264 @ 0x47b56140] mmco: unref short failure
[h264 @ 0x47b56140] mmco: unref short failure
[h264 @ 0x47b56140] mmco: unref short failure
[h264 @ 0x47b56140] mmco: unref short failure
[h264 @ 0x47b56140] mmco: unref short failure
{"stage": "features", "time": "2026-10-05T08:13:34.232961+00:00", "completed": 190, "total": 380, "successful": 190, "device": "cuda"}
{"stage": "features", "time": "2026-10-05T08:13:45.515914+00:00", "completed": 200, "total": 380, "successful": 200, "device": "cuda"}
[h264 @ 0x47b56140] mmco: unref short failure
[h264 @ 0x47b56140] mmco: unref short failure
[h264 @ 0x47b56140] mmco: unref short failure
{"stage": "features", "time": "2026-10-05T08:13:57.521435+00:00", "completed": 210, "total": 380, "successful": 210, "device": "cuda"}
[h264 @ 0x48198380] mmco: unref short failure
[h264 @ 0x48198380] mmco: unref short failure
[h264 @ 0x48198380] mmco: unref short failure
[h264 @ 0x48198380] mmco: unref short failure
[h264 @ 0x47b56140] mmco: unref short failure
[h264 @ 0x47b56140] mmco: unref short failure
[h264 @ 0x481a9f00] mmco: unref short failure
[h264 @ 0x481a9f00] mmco: unref short failure
{"stage": "features", "time": "2026-10-05T08:14:08.479931+00:00", "completed": 220, "total": 380, "successful": 220, "device": "cuda"}
[h264 @ 0x48198380] mmco: unref short failure
[h264 @ 0x48198380] mmco: unref short failure
[h264 @ 0x482a8780] mmco: unref short failure
[h264 @ 0x482a8780] mmco: unref short failure
[h264 @ 0x482a8780] mmco: unref short failure
[h264 @ 0x482a8780] mmco: unref short failure
[h264 @ 0x482a8780] mmco: unref short failure
[h264 @ 0x482a8780] mmco: unref short failure
{"stage": "features", "time": "2026-10-05T08:14:20.402985+00:00", "completed": 230, "total": 380, "successful": 230, "device": "cuda"}
[h264 @ 0x48198380] mmco: unref short failure
[h264 @ 0x48198380] mmco: unref short failure
[h264 @ 0x482a8780] mmco: unref short failure
[h264 @ 0x481a9f00] mmco: unref short failure
{"stage": "features", "time": "2026-10-05T08:14:31.665330+00:00", "completed": 240, "total": 380, "successful": 240, "device": "cuda"}
{"stage": "features", "time": "2026-10-05T08:14:43.488630+00:00", "completed": 250, "total": 380, "successful": 250, "device": "cuda"}
[h264 @ 0x47b56140] mmco: unref short failure
[h264 @ 0x47b56140] mmco: unref short failure
[h264 @ 0x47b56140] mmco: unref short failure
[h264 @ 0x47b56140] mmco: unref short failure
[h264 @ 0x47b56140] mmco: unref short failure
[h264 @ 0x47b56140] mmco: unref short failure
{"stage": "features", "time": "2026-10-05T08:14:55.800850+00:00", "completed": 260, "total": 380, "successful": 260, "device": "cuda"}
[h264 @ 0x48198380] mmco: unref short failure
[h264 @ 0x48198380] mmco: unref short failure
{"stage": "features", "time": "2026-10-05T08:15:06.817175+00:00", "completed": 270, "total": 380, "successful": 270, "device": "cuda"}
[h264 @ 0x481a9f00] mmco: unref short failure
[h264 @ 0x47b56140] mmco: unref short failure
{"stage": "features", "time": "2026-10-05T08:15:17.408222+00:00", "completed": 280, "total": 380, "successful": 280, "device": "cuda"}
[h264 @ 0x482a8780] mmco: unref short failure
[h264 @ 0x482a8780] mmco: unref short failure
{"stage": "features", "time": "2026-10-05T08:15:29.220011+00:00", "completed": 290, "total": 380, "successful": 290, "device": "cuda"}
[h264 @ 0x481a9f00] mmco: unref short failure
[h264 @ 0x481a9f00] mmco: unref short failure
{"stage": "features", "time": "2026-10-05T08:15:40.810011+00:00", "completed": 300, "total": 380, "successful": 300, "device": "cuda"}
{"stage": "features", "time": "2026-10-05T08:15:53.223986+00:00", "completed": 310, "total": 380, "successful": 310, "device": "cuda"}
[h264 @ 0x48198380] mmco: unref short failure
[h264 @ 0x47b56140] mmco: unref short failure
{"stage": "features", "time": "2026-10-05T08:16:04.007584+00:00", "completed": 320, "total": 380, "successful": 320, "device": "cuda"}
{"stage": "features", "time": "2026-10-05T08:16:15.285200+00:00", "completed": 330, "total": 380, "successful": 330, "device": "cuda"}
{"stage": "features", "time": "2026-10-05T08:16:26.949492+00:00", "completed": 340, "total": 380, "successful": 340, "device": "cuda"}
[h264 @ 0x48198380] mmco: unref short failure
[h264 @ 0x48198380] mmco: unref short failure
[h264 @ 0x48198380] mmco: unref short failure
[h264 @ 0x48198380] mmco: unref short failure
[h264 @ 0x48198380] mmco: unref short failure
[h264 @ 0x48198380] mmco: unref short failure
[h264 @ 0x47b56140] mmco: unref short failure
[h264 @ 0x482a8780] mmco: unref short failure
[h264 @ 0x482a8780] mmco: unref short failure
[h264 @ 0x482a8780] mmco: unref short failure
[h264 @ 0x482a8780] mmco: unref short failure
{"stage": "features", "time": "2026-10-05T08:16:37.138618+00:00", "completed": 350, "total": 380, "successful": 350, "device": "cuda"}
[h264 @ 0x481a9f00] mmco: unref short failure
[h264 @ 0x481a9f00] mmco: unref short failure
[h264 @ 0x482a8780] mmco: unref short failure
{"stage": "features", "time": "2026-10-05T08:16:47.975977+00:00", "completed": 360, "total": 380, "successful": 360, "device": "cuda"}
[h264 @ 0x482a8780] mmco: unref short failure
[h264 @ 0x482a8780] mmco: unref short failure
[h264 @ 0x482a8780] mmco: unref short failure
[h264 @ 0x482a8780] mmco: unref short failure
[h264 @ 0x47b56140] mmco: unref short failure
[h264 @ 0x47b56140] mmco: unref short failure
[h264 @ 0x47b56140] mmco: unref short failure
{"stage": "features", "time": "2026-10-05T08:16:59.799320+00:00", "completed": 370, "total": 380, "successful": 370, "device": "cuda"}
[h264 @ 0x48198380] mmco: unref short failure
[h264 @ 0x48198380] mmco: unref short failure
{"stage": "features", "time": "2026-10-05T08:17:11.728081+00:00", "completed": 380, "total": 380, "successful": 380, "device": "cuda"}
{"stage": "features_complete", "time": "2026-10-05T08:17:11.747936+00:00", "successful": 380, "cache_key": "fb18d57d296b"}
{"stage": "train_starting", "time": "2026-10-05T08:17:13.349443+00:00"}
{"stage": "training", "time": "2026-10-05T08:17:16.578986+00:00", "experiment": "mel_all", "seed": 42, "train": 272, "validation": 55}
{"stage": "training", "time": "2026-10-05T08:17:18.718142+00:00", "experiment": "mel_all", "seed": 43, "train": 272, "validation": 55}
{"stage": "training", "time": "2026-10-05T08:17:18.900351+00:00", "experiment": "mel_all", "seed": 44, "train": 272, "validation": 55}
{"stage": "training", "time": "2026-10-05T08:17:19.328812+00:00", "experiment": "ast_all", "seed": 42, "train": 272, "validation": 55}
{"stage": "training", "time": "2026-10-05T08:17:19.700592+00:00", "experiment": "ast_all", "seed": 43, "train": 272, "validation": 55}
{"stage": "training", "time": "2026-10-05T08:17:19.926305+00:00", "experiment": "ast_all", "seed": 44, "train": 272, "validation": 55}
{"stage": "training", "time": "2026-10-05T08:17:20.420807+00:00", "experiment": "ast_audio_clean", "seed": 42, "train": 184, "validation": 55}
{"stage": "training", "time": "2026-10-05T08:17:20.589204+00:00", "experiment": "ast_audio_clean", "seed": 43, "train": 184, "validation": 55}
{"stage": "training", "time": "2026-10-05T08:17:20.764786+00:00", "experiment": "ast_audio_clean", "seed": 44, "train": 184, "validation": 55}
{"stage": "training", "time": "2026-10-05T08:17:21.159275+00:00", "experiment": "ast_pair_clean", "seed": 42, "train": 98, "validation": 55}
{"stage": "training", "time": "2026-10-05T08:17:21.312175+00:00", "experiment": "ast_pair_clean", "seed": 43, "train": 98, "validation": 55}
{"stage": "training", "time": "2026-10-05T08:17:21.475295+00:00", "experiment": "ast_pair_clean", "seed": 44, "train": 98, "validation": 55}
{"stage": "training", "time": "2026-10-05T08:17:21.818075+00:00", "experiment": "ast_random_matched", "seed": 42, "train": 98, "validation": 55}
{"stage": "training", "time": "2026-10-05T08:17:21.966028+00:00", "experiment": "ast_random_matched", "seed": 43, "train": 98, "validation": 55}
{"stage": "training", "time": "2026-10-05T08:17:22.122297+00:00", "experiment": "ast_random_matched", "seed": 44, "train": 98, "validation": 55}
{"stage": "training_complete", "time": "2026-10-05T08:17:26.212339+00:00", "selected": "ast_all", "experiments": 15, "test_queries": 49}
{"stage": "review_starting", "time": "2026-10-05T08:17:27.099897+00:00"}
{"stage": "review_ready", "time": "2026-10-05T08:17:29.392872+00:00", "queries": 12, "path": "/content/music-video-retrieval-v2/runs/revision/review/index.html"}
{"stage": "complete", "time": "2026-10-05T08:17:29.603090+00:00", "message": "Training and review artifacts ready. Human review still required."}
