pair_id,video_id,url,annotation,split,download_ok,video_path,duration,error,sha256
25527,--A5NAjLZzo,https://www.youtube.com/watch?v=--A5NAjLZzo,"Rhythm and Synchronization: The video features two distinct scenes spliced together, creating a contrast between a character seemingly searching for something within a room and another character expressing themselves freely outdoors. The music maintains a consistent, medium tempo throughout, not changing significantly during the transitions between these contrasting scenes. Because the video itself has minimal cuts or transitions beyond the initial juxtaposition of the two scenes, and the music doesn't adjust to these limited visual changes, the rhythm and synchronization feel somewhat disconnected.  The music flows continuously without any notable shifts in tempo or rhythm to align with the visual shifts. This lack of synchronization creates a sense of detachment between the audio and visual elements.

Theme and Content: The video presents a message about finding happiness within oneself, contrasting an indoor scene of apparent searching with an outdoor scene of liberation.  The music, however, doesn't directly address this theme. The lyrics, which discuss a journey, could be interpreted metaphorically, but they don't clearly reinforce the video's message about internal happiness. This thematic disconnect diminishes the impact of the video's message, as the music doesn't provide a supportive or complementary narrative.

Emotion: The video presents a subtle contrast in emotions. The indoor scene suggests a feeling of unease or perhaps a restless search, while the outdoor scene conveys a sense of freedom and self-expression. The music, on the other hand, has a contemplative, almost melancholic tone. This emotional dissonance doesn't amplify the video's intended message.  The video aims to contrast internal struggle with external release, while the music maintains a consistent mood that doesn't reflect this duality.

Cultural Relevance: Neither the music nor the video appears to be making any specific cultural references. The visual content is relatively generic, featuring scenes that could be interpreted in a variety of cultural contexts.  Similarly, the music itself doesn't have distinct cultural markers. While the language of the music is identifiable, it doesn't necessarily tie the music to a particular cultural narrative or tradition within the video's context.  Thus, there isn't a discernible cultural interplay or connection between the two elements.
",train,True,data/revision/videos/--A5NAjLZzo.mp4,11.466666666666667,,7c96667d82e33a0efe68bbbd39b1e3e31413ab51b801e2faeab8b32982edce63
4708,-C2mdRql8TY,https://www.youtube.com/watch?v=-C2mdRql8TY,"Rhythm and Synchronization: The music maintains a consistent, medium tempo throughout, featuring a repetitive electronic beat and a simple melody. The video, however, incorporates a variety of actions, including holding cameras, opening packages, and displaying small objects. Despite this variety, there's no discernible synchronization between the visual transitions and the musical beat.  The video relies on jump cuts to shift between different shots and demonstrate different aspects of the presenter's argument about cameras. These cuts don't align with any changes in the music's rhythm or melody, leading to a sense of rhythmic disconnect between the two.

Theme and Content: The video's content focuses on the practicalities of camera purchases, specifically advising viewers on lens quality and its impact on photography. The electronic music chosen has no thematic connection to photography, technology, or finance. Its generic nature doesn't enhance or support the video's message about camera equipment, creating a thematic dissonance. The music could be swapped out for almost any other upbeat track without impacting the video's core message.

Emotion: The video conveys a cheerful and energetic tone through the presenter's enthusiastic delivery and dynamic hand gestures. He seems passionate about photography and aims to provide helpful advice. The electronic music also has a generally upbeat and energetic feel, which could be perceived as fitting the presenter's overall vibe.  However, the lack of specific emotional cues in the music and its disconnect from the content of the video prevent it from effectively amplifying the emotional impact of the video's message. The music doesn't respond to the shifts in the presenter's demonstrations or the nuances of his arguments.

Cultural Relevance: Neither the video nor the music appears to contain any significant cultural references. The video focuses on a universal topic – photography equipment – and the presenter avoids any culturally specific language or imagery.  Similarly, the music is generic and lacks any distinct cultural markers.  This absence of cultural elements, while not inherently a mismatch, doesn't contribute to a stronger connection between the audio and visual components. There is no shared cultural ground that could enhance the combined impact of the video and music.
",val,True,data/revision/videos/-C2mdRql8TY.mp4,54.512791666666665,,3ef374ced5f21fda0ca1c6bd323b9d2e0d70cbbd9c5c86852365f238eed271ed
22667,-Ew5uLdwvKA,https://www.youtube.com/watch?v=-Ew5uLdwvKA,"Rhythm and Synchronization: The music's tempo shifts throughout the video, showcasing sections of both faster and slower paces. However, these changes don't appear to have a direct relationship with the visuals on the screen. The video itself primarily consists of someone typing on a laptop, creating a rather monotonous visual rhythm.  While there is a musical shift around the 11-second mark, coinciding with the appearance of the second image on the screen, it feels more coincidental than intentional, lacking a strong sense of synchronization.  Overall, the rhythmic coherence between the audio and visual components is weak, with the music existing independently of the video's relatively static progression.

Theme and Content: The video depicts a person working on a laptop, seemingly engaged in creating digital designs.  The images appearing on the screen suggest a possible focus on graphic design or computer programming. The music, however, is unrelated to this theme. The music is a style of electronic dance music which gives off a energetic atmosphere. The music doesn’t complement the video's rather technical and process-oriented content. There's a clear thematic dissonance, with the music offering no apparent connection to the visual narrative presented on the screen.

Emotion: The video, depicting a person working on a laptop, maintains a neutral emotional tone. There are no narrative elements or visual cues to suggest any specific emotions. The music, on the other hand, exudes an energetic and lively atmosphere.  This energetic emotion conveyed by the music doesn’t align with the video's lack of emotional expression. The music does not enhance or elevate the video's impact, but rather creates a contrast that feels disjointed and potentially distracting.

Cultural Relevance: Neither the video nor the music showcase any overt cultural elements. The video simply displays a person interacting with a laptop, a universally recognizable tool, while the music is generic electronic music. There's no clear geographical context or cultural significance attached to either the visual or auditory elements, rendering any analysis of cultural alignment irrelevant. They exist in separate spheres without any shared cultural grounding.
",train,True,data/revision/videos/-Ew5uLdwvKA.mp4,17.433333333333334,,3f529c1ec6717888acd70cbec94f7dfd7142cf3f4c022284060eed424ad412a8
16084,-RWv9iamsqs,https://www.youtube.com/watch?v=-RWv9iamsqs,"Rhythm and Synchronization: The music maintains a medium tempo throughout, complementing the relatively static nature of the video's initial portion. However, the rhythmic alignment truly shines during the transitions. At the 5-second mark, the music shifts in perfect synchronization with the video as the woman changes her appearance from a simple black dress into a witch costume, holding her daughter who's also dressed as a witch. This creates a seamless and engaging transition. Similarly, at the 14-second mark, another synchronized transition occurs as the child's costume transforms magically from black and purple to orange, again coinciding with a distinct musical change. These precise synchronizations at key moments enhance the magical transformations and add a dynamic element to what would otherwise be a fairly static video. 

Theme and Content: The video showcases a woman and her daughter preparing for Halloween, dressing up in witch costumes. The child's costume changes magically several times. The music, with its nonsensical, almost incantation-like lyrics and repetitive melody, doesn't specifically align with the Halloween theme or narrative. While the playful tone of the music might loosely connect to the lightheartedness of the costume reveal, it doesn't directly enhance or relate to the core message of the video, which appears to be a simple demonstration of a costume change.

Emotion: The video evokes feelings of joy, relaxation, and appreciation, particularly as the mother-daughter duo interacts and showcases their Halloween costumes. The music, however, conveys a different emotional tone. Its playful and somewhat quirky nature feels more whimsical and lighthearted, perhaps even childish. While both the music and video fall on the positive end of the emotional spectrum, they don't perfectly align. The music doesn't necessarily deepen or elevate the emotional impact of the video, primarily due to the lack of a strong thematic or emotional connection between the two.

Cultural Relevance: The video itself doesn't seem to be rooted in any particular cultural tradition besides the widely celebrated, commercialized holiday of Halloween. The music, with its playful and nonsensical lyrics, doesn't appear to have any specific cultural connections or geographical references. Therefore, there are no discernable shared cultural elements between the music and the video beyond the visual elements of the costumes being worn for Halloween, and their interplay doesn't add a layer of cultural depth to the overall presentation.
",train,True,data/revision/videos/-RWv9iamsqs.mp4,23.1,,aeeaa1586592d7c826a469247406415a66ddc10cc5880fe0fb8cc76e93ac26d2
33739,-fNy9sPfWFk,https://www.youtube.com/watch?v=-fNy9sPfWFk,"Rhythm and Synchronization: The music maintains a consistent mid-tempo groove throughout. The video, featuring a performer on stage, includes various movements and transitions. However, there's no distinct synchronization between the music's rhythmic changes and the shifts in the performer's actions or the video's cuts. The video’s pacing and the music's tempo exist independently of each other, creating a somewhat detached feel.

Theme and Content: The song's lyrics are focused on love and attraction, detailing the singer's feelings for someone they're close to. The video, on the other hand, presents a performer seemingly reveling in the energy of a live performance. While both express a sense of confidence and self-assuredness, the themes don't directly connect. The video's overlay text, ""Feeling Myself,"" adds another layer, suggesting a theme of self-love and empowerment, which is adjacent but not entirely aligned with the music's romantic focus. 

Emotion: The music has a smooth, mellow vibe, evoking feelings of relaxation and contentment. The video portrays a more energetic, cheerful mood, with the performer exhibiting dynamic stage presence. While both the music and video express positivity, the specific emotions they convey are different. The music promotes a sense of calm appreciation, while the video displays an exuberant energy that resonates with a live performance atmosphere. The mismatch makes the overall emotional impact somewhat disjointed.

Cultural Relevance: Neither the music nor the video presents strong ties to any specific cultural elements. The performance setting and the performer's attire are contemporary and widely recognizable within popular music culture, lacking distinct geographical or cultural markers. This absence of shared cultural elements contributes further to the sense of independence between the audio and visual aspects.
",train,True,data/revision/videos/-fNy9sPfWFk.mp4,21.573275862068964,,82b21b2feeb03daa2180b871f0e93620bb38efe2be8204f9e9e681f7689979e0
26053,-p8seVCaMl0,https://www.youtube.com/watch?v=-p8seVCaMl0,"Rhythm and Synchronization: The music maintains a fast and upbeat tempo throughout the video. However, since there are no significant transitions or changes in the visuals, there's no opportunity for synchronization with the music. The man's actions of drinking from a cup and then preparing a caffeinated drink proceed at a natural pace, unrelated to the rhythm of the music. The constant beat of the music doesn't reflect the subtle shifts in his actions, creating a sense of disconnect between the audio and visual elements.

Theme and Content: The video focuses on a caffeine ""hack"" – preparing a caffeinated drink.  The music, however, has a more general celebratory, almost triumphant tone, which doesn't specifically relate to the act of making or consuming caffeine.  The upbeat nature of the music doesn't align with the rather straightforward and practical nature of the video's content, resulting in a thematic mismatch.

Emotion: The video begins with the man drinking and then transitions into him making a drink, his expression remaining largely neutral or perhaps mildly surprised by his own ""hack"".  The music, on the other hand, projects a strong feeling of excitement and celebration. This stark contrast in emotional tone creates dissonance.  The music's celebratory vibe doesn't reflect the primarily functional and unemotional nature of the video's content.

Cultural Relevance: Neither the music nor the video appear to have any specific cultural references. The video's focus is a simple demonstration, while the music is a generic upbeat track.  There are no discernible cultural elements, geographical references, or visual cues that would suggest a connection to any specific culture. Both elements remain broadly universal in their presentation.
",train,True,data/revision/videos/-p8seVCaMl0.mp4,30.166666666666668,,674f7ce91895d30721288cc2e8d52385df3cb0443f25d542a7d92d5eec9d97c4
35721,-qnS_zRZpBE,https://www.youtube.com/watch?v=-qnS_zRZpBE,"Rhythm and Synchronization: The video features quick cuts and transitions between different Michael Jackson songs and music videos, creating a dynamic visual experience. The background music seems to generally match this fast-paced style, but there are moments of both strong synchronization and slight dissonance. For example, at the 4-second mark, a new song begins in the video, and while the background music changes, it doesn't perfectly align with the video's transition.  However, at the 9-second and 14-second marks, the changes in the background music are crisply synchronized with the shifts to the next song highlights in the video, enhancing the sense of rhythmic coherence. The varied pacing and blend of precise and near-precise synchronization add to the overall engaging feel of the video.

Theme and Content: The video presents a countdown of Michael Jackson's top 10 greatest hits. This theme is directly and strongly supported by the visuals, which showcase clips from his iconic music videos and album covers. While the background music itself doesn't directly relate to any specific song being highlighted, its energetic and upbeat nature complements the celebratory tone of the video. This makes the musical choice feel appropriate even without explicit connections to each featured song.

Emotion: The video evokes a mix of happy, exciting, and energetic emotions, reflecting the enthusiasm and positive feelings associated with Michael Jackson's music and career. The background music, with its lively and cheerful feel, enhances the overall sense of joy and confidence projected by the visuals. This creates a consistent emotional landscape throughout the video, where the music amplifies the uplifting aspects of the imagery. It evokes feelings of relaxation and celebration as viewers enjoy the artist's iconic moments.

Cultural Relevance: The video focuses entirely on celebrating the global icon Michael Jackson, a prominent figure in pop culture. There aren't any overt cultural elements outside of this emphasis on the artist's work and image. The background music, while not culturally specific, contributes to the overall positive and engaging presentation of the video's theme, without introducing any distracting or irrelevant cultural references. The focus remains solely on Michael Jackson's musical legacy and impact.
",val,True,data/revision/videos/-qnS_zRZpBE.mp4,50.766666666666666,,340adbe51b05ee023fb3a66256904d39517eed49b7d94ccd3fd26630b31eca20
23444,0-VUu8CXFqg,https://www.youtube.com/watch?v=0-VUu8CXFqg,"Rhythm and Synchronization: The music maintains a consistent, medium tempo throughout the video. However, the video itself comprises a series of relatively static images and short video clips that change every few seconds. This creates a disconnect between the steady rhythm of the music and the abrupt shifts in the visuals. The lack of synchronization between musical changes and video transitions becomes particularly apparent because there are no points where the music specifically emphasizes or aligns with the visual changes. As a result, the overall rhythmic coherence between the audio and visual elements is weak.

Theme and Content: The upbeat, almost whimsical tone of the music clashes with the video's subject matter, which focuses on the honeymoon destination of a wealthy individual. The music doesn't enhance or supplement the narrative about travel and luxury, nor does it offer any commentary on the disparity between the experiences of wealthy individuals and ordinary people. Instead, it creates a thematic dissonance, almost a sense of irony, given the extravagant nature of the honeymoon described in the video.

Emotion: The music projects a sense of lightheartedness and tranquility. This contrasts with the video, which evokes a sense of awe and perhaps slight envy due to its depiction of luxury and exotic locations. While the video isn't overtly emotional, the stark difference in the financial situations it portrays could elicit a range of viewer reactions, from admiration to resentment. This subtle emotional complexity in the video isn't reflected in the consistently cheerful music. Thus, the emotional coherence is partial at best.

Cultural Relevance: Neither the music nor the video strongly evoke specific cultural elements. The video mentions several locations, including Nepal, Costa Rica, and Panama, but these references are purely geographical and don't delve into any specific cultural nuances.  The music is similarly generic and lacks any discernible cultural markers. Therefore, while there's no direct cultural clash, there is also no significant cultural connection or relevance shared between the music and video.
",val,True,data/revision/videos/0-VUu8CXFqg.mp4,32.333333333333336,,f513548ee724e8d5203011d26fe57324d14974e35a9130cac5c906f53837ab15
7525,06O1sKCi8ZI,https://www.youtube.com/watch?v=06O1sKCi8ZI,"Rhythm and Synchronization: The music and video demonstrate a strong rhythmic coherence. The music's tempo is medium, aligning well with the generally static nature of the video. However, there's a distinct synchronization at the 2-second mark where a subtle shift in the music's melody coincides precisely with the change in the on-screen lyrics.  This precise synchronization enhances the viewing experience by subtly highlighting the lyrical transitions, creating a sense of intentionality and connection between the audio and visual elements. 

Theme and Content: The video features on-screen lyrics of a worship song played over lofi hip-hop music. While the lyrics focus on spiritual themes, invoking images of heaven and divine presence, the lofi music maintains its own separate, secular vibe.  This juxtaposition creates a somewhat independent narrative where the video's content offers a spiritual message, while the music provides a relaxed backdrop. The themes don't clash, but neither do they explicitly reinforce each other, existing in parallel rather than in synergy.

Emotion: The video aims to evoke feelings of relaxation and confidence through the serene outdoor setting and the affirmation present in the lyrics. The young woman’s calm demeanor further contributes to this peaceful atmosphere.  However, the lofi hip-hop music, while generally associated with relaxation, lacks the emotional depth to fully support the spiritual yearning expressed in the lyrics.  The emotional tone of the music and video, therefore, feel somewhat disconnected, existing on different planes. The music provides a chilled backdrop, but it doesn't amplify the potential emotional impact of the spiritual lyrics.

Cultural Relevance: Neither the video nor the music strongly evokes any specific cultural elements. The setting features palm trees, hinting at a tropical or subtropical environment, but this is a common visual element not tied to a particular culture. The lofi music itself is a global genre without specific cultural roots. Overall, the video and music lack strong shared cultural elements, instead presenting a more universal, albeit somewhat detached, aesthetic.",train,True,data/revision/videos/06O1sKCi8ZI.mp4,30.7,,17bc5873368cd75743f8d567b73094c28fdd2dc2e6c629c8e35cec05f6f03537
41819,09fgf6FdI9Q,https://www.youtube.com/watch?v=09fgf6FdI9Q,"Rhythm and Synchronization: The video features a series of quick cuts showcasing various aspects of a Bali honeymoon, creating a dynamic and fast-paced visual experience.  However, the music maintains a consistent, medium tempo throughout, creating a disconnect between the visual and auditory rhythms.  The lack of synchronization between the music and video transitions further emphasizes this mismatch. The music doesn't react to or anticipate the visual shifts, instead flowing independently of the video's editing.

Theme and Content: The video focuses on the luxurious and adventurous aspects of a honeymoon in Bali, highlighting romantic activities like private poolside breakfasts, sunset dinners, and exploring the island's natural beauty. The music, on the other hand, seems to be a romantic Bollywood song, possibly about the deep connection between two people. While the theme of romance is present in both, the specific content doesn't align. The video showcases a travel experience, while the music appears to explore a more personal and intimate relationship. This difference in focus contributes to a sense of thematic dissonance.

Emotion: The video conveys a sense of excitement, adventure, and appreciation for the beauty of Bali. The quick cuts and vibrant visuals generate an energetic and upbeat mood. The music, although romantic in nature, doesn't share this same energetic quality.  Its relatively mellow tone and focus on intimacy create a different emotional landscape.  While both evoke positive emotions, the specific feelings differ, leading to a lack of emotional coherence.  The music doesn't necessarily enhance or diminish the video's impact, but rather exists separately, creating a parallel emotional experience.

Cultural Relevance: The video is firmly rooted in Balinese culture, showcasing specific locations and activities associated with the island.  The floating breakfast, the Bali swing, and Nusa Penida Island are all distinctly Balinese elements, giving the video a clear geographical and cultural context. However, the Hindi Bollywood music introduces a different cultural element, seemingly unrelated to Bali.  While there's no inherent conflict between these two cultures, their juxtaposition in this video feels disjointed.  The music doesn't reflect or enhance the video's Balinese focus, contributing to a lack of cultural coherence.
",train,True,data/revision/videos/09fgf6FdI9Q.mp4,29.933333333333334,,b1dce8e33c28d5db2d162ec359be6f7ed38993aefc1864b3164156f290f47a26
26125,0VkG0HW1SW4,https://www.youtube.com/watch?v=0VkG0HW1SW4,"Rhythm and Synchronization: The music maintains a consistent, slow tempo throughout, creating a relaxed backdrop for the video's rapidly changing content. The video presents a series of quick cuts and transitions, showcasing various tech gadgets and news updates.  Despite the contrast in pace, there's a notable lack of rhythmic synchronization between the audio and visual elements.  For instance, at 0:11, when the scene shifts to a woman presenting information about a phone, the music continues its unhurried flow without any corresponding change.  A similar scenario occurs at 0:30, where the visual jumps to a new phone model, and again at 0:49, showcasing a smartwatch, yet the music remains unaffected.  This continuous, slow tempo against the dynamic visuals creates a somewhat disjointed viewing experience.

Theme and Content: The video focuses on the latest news and developments in the tech world, conveying information about new phone launches, software updates, and potential product delays.  The music, however, does not reflect this technological theme in any discernible way. It creates an easygoing atmosphere. The lack of thematic connection between the video's content about technology and the music's relaxed tone detracts from the overall message and narrative of the video. The music neither supports nor enhances the information being presented.

Emotion: The video aims for a neutral, informative tone, simply delivering tech news.  Some shots showing technology interactions may elicit a sense of appreciation, however, there is no overall emotional arc. The music, in contrast, exudes a more laid-back, perhaps even slightly uplifting, feel.  This mismatch in emotional tone creates a dissonance between the visual and auditory components.  While the music might evoke a sense of calm, the video's rapid-fire delivery of tech updates doesn't necessarily align with this feeling.  The music doesn't heighten or amplify any specific emotion in the video.

Cultural Relevance: The video presents news about various tech companies and products, touching upon a global tech landscape without any distinct cultural references. Similarly, the music itself doesn't have any identifiable cultural markers. The video mentions product launches and features relevant to the global market without focusing on specific regions or cultures. The lack of specific cultural elements in both the video and music leads to an absence of any cultural connection between them. They exist independently in a globally neutral space.
",test,True,data/revision/videos/0VkG0HW1SW4.mp4,54.0,,d4601f9b34d1ac4330e013dc2a5b3d8ac3a19ba0b672148c24e011ebd9817956
975,0irUbuYITiY,https://www.youtube.com/watch?v=0irUbuYITiY,"Rhythm and Synchronization: The music maintains a medium, consistent tempo throughout. The video transitions at the 5-second mark, shifting from an indoor scene to an outdoor one.  However, this visual transition isn't accompanied by any noticeable change in the music's rhythm or melody, creating a sense of disconnect between the audio and visual elements. The music continues its steady pace, unrelated to the shift in scenery and activity within the video. This lack of rhythmic synchronization contributes to the overall impression that the music and video exist independently of each other.

Theme and Content: The video depicts a woman enjoying food at a wedding, first indoors and then outdoors, while lamenting her single status at 27.  The music, a melancholic Hindi song about longing, doesn't directly relate to the video's humorous, self-deprecating tone. While the woman expresses a desire for marriage, the video's focus is on her enjoyment of the wedding feast.  The song's yearning contrasts with the lighthearted, almost celebratory mood of the video, creating a thematic dissonance. The music doesn't enhance or supplement the video's core message about being single and enjoying life's simple pleasures like good food at a wedding.

Emotion: The video conveys a relaxed and somewhat humorous vibe as the woman playfully laments her single status while indulging in the wedding food. The music, however, evokes a sense of longing and perhaps even sadness. This melancholic tone clashes with the light-hearted, relaxed emotion of the video.  The music doesn't amplify the video's emotional impact, but rather introduces a contrasting emotional layer that doesn't seem to intentionally interact with the video's message.

Cultural Relevance: The video and music both incorporate elements of Indian culture. The woman's attire – a bright pink lehenga choli – is traditional Indian wedding wear, and the food she is eating appears to be Indian cuisine.  The music, being a Hindi song, further reinforces the Indian cultural context.  While both the video and music accurately represent aspects of Indian culture, their specific messages don't necessarily align.  The traditional longing expressed in the music clashes slightly with the modern, light-hearted take on singlehood presented in the video, which reflects a changing cultural landscape.  While the cultural elements are present and accurate, they don't fully complement each other in conveying a unified message.
",train,True,data/revision/videos/0irUbuYITiY.mp4,12.166666666666666,,036fcba4be2626d63312b6758afcdca79719624baf743cde7d6031cabaf8b928
42032,0jqfBXMljMw,https://www.youtube.com/watch?v=0jqfBXMljMw,"Rhythm and Synchronization: The music and video maintain a consistent medium pace throughout. The lack of distinct scene changes and the continuous flow of Whitney Houston's performance creates an uninterrupted feel. Although there are no marked transitions in the visuals, the music's rhythm aligns subtly with Houston's vocal delivery and body language, enhancing the sense of connection between the audio and visual elements.

Theme and Content: The video focuses on highlighting Whitney Houston's achievements and influence. While the song playing doesn't directly tell her story, it functions as a fitting backdrop. The lyrics about being a constant presence and support echo the video's portrayal of Houston as a mentor and philanthropist.  Essentially, the music supports the celebratory tone of the video, showcasing her talent and impact without explicitly narrating her biographical details.

Emotion: Both the music and the video evoke a sense of relaxed confidence. Houston's controlled yet passionate vocal performance aligns with the smooth rhythm of the music.  The video's text highlighting her awards, mentorship, and philanthropy contributes to the sense of confident accomplishment, while the music's uplifting melody and supportive lyrics reinforce this sentiment. The overall effect is a harmonious blend of confidence and calmness, creating a respectful and admiring tone.

Cultural Relevance:  The video doesn't emphasize specific cultural elements, focusing primarily on Houston's individual contributions. The music, likely a contemporary R&B or pop ballad, similarly avoids strong cultural markers. Therefore, both the video and music remain relatively neutral in terms of cultural references, with the primary focus being on celebrating Houston as a global icon.",val,True,data/revision/videos/0jqfBXMljMw.mp4,30.0,,a9425cf05f747dfaacc107b12282ec4de7409e98e4a5647b71429c8e73d85628
9850,0sbG2udukBM,https://www.youtube.com/watch?v=0sbG2udukBM,"Rhythm and Synchronization: The video features several scene changes and text overlays that appear rhythmically, creating a sense of pacing. However, the music maintains a constant, slow, melancholic tone throughout, without any noticeable shifts in tempo or rhythm to correspond with these visual changes.  This creates a disconnect between the visual rhythm and the auditory experience. The music doesn't accentuate the transitions or the emotional beats of the narrative being presented, resulting in a somewhat detached feeling.

Theme and Content: The video's content revolves around a motivational message about appreciating a father's sacrifices, with speakers reflecting on the hardships their fathers endured for their well-being.  The music, with its somber and reflective mood, touches on the theme of sadness and hardship, indirectly relating to the video's message about the struggles faced by fathers. However, the connection is not strong, as the music doesn't directly reflect the specific narrative of paternal sacrifice. It evokes a general sense of sadness and contemplation rather than specifically addressing the themes of appreciation and gratitude central to the video.

Emotion: The video aims to evoke feelings of sadness, awe, and appreciation for the sacrifices of fathers. While the music's melancholic tone captures the element of sadness, it doesn't fully encompass the nuances of awe and appreciation. The music's consistent slow tempo creates a somewhat monotonous emotional landscape, which doesn't quite mirror the emotional arc of the video's narrative.  The video progresses through reflection on hardship to a sense of gratitude, but the music remains static, hindering its ability to fully elevate the emotional impact of the video.

Cultural Relevance:  Neither the music nor the video seems to contain any specific cultural markers or geographical references. The video's message about familial relationships and parental sacrifice is universal, while the music’s emotional tone similarly transcends specific cultural boundaries.  While the language used in the video identifies it as likely originating from an Indian context, this element doesn't interact with the music in any significant way. The lack of cultural interplay between the music and video doesn't detract from the overall experience but leaves an opportunity for a deeper connection unexplored.
",train,True,data/revision/videos/0sbG2udukBM.mp4,40.6,,b218701bd0d8e1dee1364368c0cd2b27c26257dd02d8d503b7a02dcf30a73136
7790,0vsoxlbPBps,https://www.youtube.com/watch?v=0vsoxlbPBps,"Rhythm and Synchronization: The music maintains a consistent medium tempo throughout the video. The video primarily focuses on displaying different shirts, with the presenter holding up each one against a backdrop of folded clothes. This static nature of the video means there are few opportunities for dynamic synchronization with the music.  While the music's rhythm doesn't explicitly synchronize with any particular action or cut, its steady pace creates a backdrop that feels generally suitable for the video's showcasing format.

Theme and Content: The music and video content are thematically unrelated. The music features a romantic Hindi song, focusing on dreams, desires, and a lighthearted, playful mood.  The video, on the other hand, is a straightforward product demonstration showcasing various shirts in a retail setting. There is no narrative or storyline in the video, making it difficult for the music to enhance any specific message.  The music's theme of romantic longing clashes with the practical purpose of the video, creating a dissonance between the two.

Emotion: The music evokes a light, playful, and romantic mood through its melody and lyrics. The video, however, is emotionally neutral. The presenter's actions are purely functional, aimed at displaying the shirts, and there's no attempt to convey any particular emotion. This creates a mismatch in emotional tone. The music's romantic and dreamy atmosphere doesn't complement the video's purely transactional purpose. The music does not elevate the emotional impact of the video; it rather adds an unintended layer of sentimentality that doesn't fit the context.

Cultural Relevance: While the music clearly represents Hindi popular culture through its language and musical style, the video displays no specific cultural markers.  The clothing itself is generic and could be found in various parts of the world. The setting, a standard retail environment, also lacks distinct cultural characteristics.  Therefore, there are no shared or aligning cultural elements between the music and the video. The music’s cultural context isn't reflected or acknowledged in the visual content.
",train,True,data/revision/videos/0vsoxlbPBps.mp4,15.0,,3750a85177636b929448d06a0366d6743028da2c990c64f4f2ec905acb473d3a
40365,0xGaW552QdA,https://www.youtube.com/watch?v=0xGaW552QdA,"Rhythm and Synchronization: The music and the video maintain a medium rhythm and are generally well-synchronized. The classical music's tempo provides a graceful and elegant backdrop to the ballet dancers' movements.  The consistent, moderate pace of the music aligns nicely with the ballet exercises demonstrated. There are specific moments of precise synchronization which strengthen the connection between audio and visual elements. At 0:04, as the verbal instructions in the video transition to the next set of steps, the music shifts subtly as well, creating a seamless feel. Another instance of this occurs at 0:13, marking another shift in the ballet exercises and accompanied by a corresponding change in the music.

Theme and Content: While not directly related, the classical music complements the ballet practice. The elegant and refined nature of the music fits well with the graceful movements of ballet. However, the music doesn't specifically enhance a particular narrative or deliver a distinct message related to the video's content. It serves more as an appropriate accompaniment to the visual demonstration of ballet exercises rather than adding a layer of storytelling.

Emotion: The music conveys a sense of tranquility and gracefulness, while the video displays a sense of controlled energy and focus. The dancers' precise and dedicated movements evoke feelings of appreciation and admiration for their art. The music, while slightly calmer in tone, does not clash with the video's emotional intent. While the emotional tones are not perfectly matched, the overall effect is still quite pleasant and supportive of the video's content.

Cultural Relevance: Both the music and video are rooted in Western culture, though the video does not aim to portray any specific geographical or cultural element. Ballet, as an art form, originated in Europe and continues to be a widely practiced and appreciated dance form across Western societies. The classical music chosen for the video is a typical accompaniment for ballet, further solidifying the association. However, there are no specific cultural references or elements within either the music or the video that would point to a particular region or time period.
",train,True,data/revision/videos/0xGaW552QdA.mp4,31.428571428571427,,a34139f0f066338dc36f8d9d93c1deebf52c2b2417e2d608288077b6d6082e7f
24519,16juqzOXq60,https://www.youtube.com/watch?v=16juqzOXq60,"Rhythm and Synchronization: The video maintains a medium pace throughout, showcasing a series of static shots and slow panning movements.  The lack of dynamic transitions or cuts creates a sense of calmness and observation.  The music's tempo, also medium, complements this tranquil visual pacing. While there aren't any abrupt changes in either the visual or auditory elements, the overall rhythmic coherence is strong. The consistent, gentle flow of the music aligns seamlessly with the leisurely unfolding of the visual narrative.

Theme and Content: The video presents a visual journey through a coastal setting, capturing scenes of a beach, the sea dotted with boats, and glimpses of urban structures. The overall theme evokes a sense of vacation and leisurely exploration. The music, while not directly related to the video's content, provides a pleasant and unobtrusive backdrop. It doesn't necessarily enhance or detract from the video's message, acting more as a subtle accompaniment to the visual experience rather than a narrative driver.

Emotion: The video conveys a sense of tranquility and appreciation for the beauty of the coastal scene. The static shots and slow pans invite viewers to pause and observe the details of each setting. The music, while not explicitly conveying strong emotions, evokes a similarly tranquil and peaceful mood. This partial consistency in emotional tone between the audio and visual elements creates a harmonious viewing experience, though the music doesn't dramatically elevate the video's emotional impact.

Cultural Relevance: The video captures scenes that could be considered generally representative of coastal areas, without any specific cultural markers or geographically unique elements. The music similarly avoids any overt cultural references. This lack of specific cultural elements in both the video and music maintains a neutral cultural tone, making the content relatable to a broader audience.
",train,True,data/revision/videos/16juqzOXq60.mp4,25.233333333333334,,202e5de613c57d337d098c9a89ec5e1881d749b0f7b2c8afba12678ec72a8ab5
21082,1_ck6aH6au8,https://www.youtube.com/watch?v=1_ck6aH6au8,"Rhythm and Synchronization: The video showcases a static shot of the internal components of an amplifier, lacking any significant visual transitions or dynamic movements. The music, a Bollywood song, possesses a medium tempo with a clear rhythm. However, due to the video's static nature, there is no opportunity for rhythmic synchronization between the music and visual elements.  The unchanging visual scene makes it impossible for the music to synchronize with any cuts or transitions. This creates a disconnect, where the rhythmic vibrancy of the music contrasts sharply with the video's visual stillness.

Theme and Content: The video displays the intricate wiring and components of an amplifier, suggesting a focus on electronics or repair. The Bollywood song playing in the background has a romantic and expressive theme, likely about love and longing. These themes are completely unrelated. The music does not enhance or relate to the video's subject matter in any way.  Instead, the juxtaposition creates a sense of randomness, as if the music is simply playing in the background while someone examines or works on the amplifier.

Emotion: The video itself evokes a sense of appreciation for the complexity of the electronic device and possibly a touch of curiosity. The music, on the other hand, projects a strong emotional tone, potentially expressing love, longing, or passion. This mismatch in emotional tone contributes to the disconnect between the audio and visual elements. The music, meant to evoke romantic feelings, does not complement the neutral or slightly inquisitive tone suggested by the video's focus on the amplifier's inner workings. 

Cultural Relevance: The video presents no obvious cultural elements. It simply showcases an electronic device.  The music is clearly identifiable as Bollywood, indicating a South Asian cultural origin. While the music itself carries cultural significance, it has no bearing on the content of the video. There is no link or shared cultural context between the amplifier and the Bollywood soundtrack, making the pairing feel arbitrary and lacking any deeper meaning.
",val,True,data/revision/videos/1_ck6aH6au8.mp4,11.0,,8c241b723f1b955a97c914f4494dcd48c71a36e0db104efd8f10a5b52e7e73b4
15918,1qMjKHquOgQ,https://www.youtube.com/watch?v=1qMjKHquOgQ,"Rhythm and Synchronization: The music maintains a consistently upbeat and fast tempo throughout, which somewhat clashes with the changing pace of the video. The video starts with a rapid montage of someone's feet walking, followed by several scenes of hiking at a more moderate pace. The shift to a scenic overlook introduces a sense of stillness and contemplation, further contrasting with the music's energetic drive.  The video lacks significant scene transitions that could offer opportunities for synchronization with musical changes. This overall lack of rhythmic coherence between the audio and visual elements contributes to a disconnect, preventing the music from fully enhancing the video's flow.

Theme and Content: The music's energetic and driving theme does not directly relate to the video's content, which focuses on a hiking trip to Hanging Rock. While the music might be suitable for general outdoor activities or adventure videos, it doesn't specifically enhance the narrative or message of this particular hike. The music's lack of thematic connection to the specific location or the hikers' experience creates a slight dissonance.  The visuals tell the story of a journey through nature, culminating in a breathtaking vista, while the music remains generically upbeat, failing to reflect the unique atmosphere of the location.

Emotion: While the video portrays a range of emotions including excitement, energy, relaxation, and appreciation for nature, the music primarily conveys a sense of relentless energy and forward momentum. This constant high-energy feel doesn't fully align with the calmer, more contemplative moments in the video, such as the scenes at the scenic overlook where the hikers are enjoying the view. While the music might match the initial excitement of starting the hike, it doesn't quite capture the full spectrum of emotions conveyed by the visuals.

Cultural Relevance: Neither the music nor the video present any specific cultural elements. The focus remains on the activity of hiking and the natural beauty of the environment. The lack of cultural references in both media creates a neutral ground, avoiding any potential clashes or mismatches. While this lack of cultural specificity might be perceived as a missed opportunity to add depth, it allows the video to focus on the universal experience of enjoying the outdoors.
",train,True,data/revision/videos/1qMjKHquOgQ.mp4,47.0,,76d2e5647210bacb66f98745396ce6671aaa3477b257f09e0cfbf83efe24d22c
7248,1yDxDfOjCqQ,https://www.youtube.com/watch?v=1yDxDfOjCqQ,"Rhythm and Synchronization: The video features minimal movement and transitions, primarily static shots of children standing and waving. The music, a Hindi song, maintains a medium tempo throughout. Due to the video's static nature, the concept of synchronization between visual transitions and musical changes is less applicable. There are no distinct moments where the music accentuates or coincides with a shift in the visuals. The lack of dynamic elements in the video results in a neutral relationship with the music's rhythm.

Theme and Content: The video depicts a group of children standing by a roadside, seemingly recording a simple video message. The Hindi song playing in the background carries a sentimental and possibly romantic theme, focusing on expressing emotions and experiences.  The lighthearted, everyday scene of the children contrasts sharply with the depth of feeling conveyed by the music, creating a thematic disconnect. The music doesn't contribute to the video's implied narrative and, in fact, feels superimposed rather than integrated.

Emotion: The video portrays a neutral emotional tone. The children appear relaxed and somewhat shy, but their expressions don't convey strong emotions. The music, on the other hand, carries a sense of longing and emotional intensity. This discrepancy leads to an emotional mismatch. The passionate quality of the music doesn't amplify or complement the video's neutral and casual vibe; rather, it creates a jarring contrast.

Cultural Relevance: While both the video and music likely originate from an Indian cultural context, there's no specific cultural interplay between them. The video simply captures a mundane moment in a rural setting, while the music delivers a more universal message of human emotion, not necessarily tied to a particular cultural practice or tradition. The absence of specific cultural elements or geographical references in the video further emphasizes this lack of cultural connection. The music, although in Hindi, doesn't interact with or highlight any cultural aspect depicted in the video.
",train,True,data/revision/videos/1yDxDfOjCqQ.mp4,14.566666666666666,,fba6af32727d346108a5a8e5eea1a6e239e7a55440de2f98ebbab131ee78c686
22588,2MIh8mf4d8k,https://www.youtube.com/watch?v=2MIh8mf4d8k,"Rhythm and Synchronization: The video showcases a relatively static visual experience, primarily focused on the process of preparing and consuming instant noodles while watching a show.  The music, with its medium tempo, flows smoothly alongside the video's pacing. There are no abrupt shifts or jarring changes in either the visuals or the audio, creating a sense of steady, comfortable progression. The consistent pace of both elements enhances the relaxed and casual tone of the overall presentation.

Theme and Content: The video depicts a simple, everyday activity – cooking and eating instant noodles while watching a show. The music, an instrumental Bollywood track, doesn't directly relate to this specific activity. While the act of cooking and enjoying a meal could be interpreted as a form of escapism or pleasure, and the music shares a similar sentiment of enjoyment, there's no strong thematic connection. The music doesn't enhance the video's message or narrative in any significant way, instead serving as a pleasant background accompaniment.

Emotion: The video itself is largely devoid of strong emotions, portraying a routine activity. The music, on the other hand, evokes a sense of lightheartedness and perhaps even a touch of whimsy. The upbeat melody and playful instrumentation create a generally positive atmosphere. However, this emotional tone doesn't directly correspond with the video's neutral emotional content. While the music doesn't clash with the video, it doesn't amplify or deepen any specific emotion within the visual narrative either.

Cultural Relevance: The video features instant noodles, a popular food globally with no specific cultural ties displayed.  The overlaid Hindi text and the use of Bollywood music indicate an Indian cultural influence. However, the video content doesn't showcase any other explicitly Indian cultural elements, and the Korean drama being watched introduces another cultural layer.  This creates a slight disconnect, with the music's cultural context not fully integrated with the video's broader presentation. The video seems to be more of a personal moment of leisure, rather than a reflection of a specific cultural experience.
",train,True,data/revision/videos/2MIh8mf4d8k.mp4,40.24832236417602,,72856efeb0f0c2e88e70e152a0ce130d0ef906c56f46aefe983a9a726bf50dcb
15154,2NlF9SWujJU,https://www.youtube.com/watch?v=2NlF9SWujJU,"Rhythm and Synchronization: The music has a fast tempo and a distinct, driving rhythm. However, as the video consists of a single, static image, there's no real opportunity for synchronization with the music. There are no actions or cuts within the video to synchronize with the music's beat or changes in melody, creating a disconnect between the two. The unchanging nature of the visual and the dynamic quality of the audio make the combination feel somewhat disjointed.

Theme and Content: The video presents a single image of a knight, seemingly in a contemplative pose, along with text indicating a feeling of emptiness after finishing a series. The music, on the other hand, has a medieval or fantasy-inspired feel, which at first glance seems fitting for the knight imagery. However, the energetic and upbeat nature of the music clashes with the sense of quiet contemplation and emptiness depicted in the video.  The music doesn't support the melancholic undertone of the message, creating a thematic dissonance.

Emotion: The video aims to convey a feeling of emptiness and perhaps a touch of melancholy, reflected in both the text and the somber imagery of the lone knight. The music, in contrast, projects an entirely different emotional tone. It's energetic, possibly even triumphant, lacking any sense of sadness or emptiness. This creates a significant emotional disconnect. The music doesn't enhance the emotional impact of the video but rather diminishes it by introducing a conflicting emotional layer.

Cultural Relevance: The video utilizes the imagery of a knight, which could be interpreted as a reference to European medieval culture, especially considering the apparent fantasy setting.  The music, with its vaguely medieval sound, could also be associated with a similar cultural context.  However, the connection remains superficial. Neither the video nor the music delve into any specific cultural details or traditions.  The shared element of fantasy/medieval aesthetics doesn't establish a strong or meaningful cultural connection between the two, and there are no clear geographical references to solidify any cultural link.
",train,True,data/revision/videos/2NlF9SWujJU.mp4,7.0,,2da890eab67b50759d8839ba79ac2374408b64dba216fa6aebe22738f53e418f
3878,2PQU4rDWeLk,https://www.youtube.com/watch?v=2PQU4rDWeLk,"Rhythm and Synchronization: The music maintains a consistent, medium tempo throughout the video. While the video itself features various transitions between different stages of the dollhouse creation process, the synchronization between the music and the visuals is limited.  A noticeable synchronization occurs at the 19-second mark, where a shift in the music aligns with a cut in the video as the creator begins to paint another part of the dollhouse.  However, the remaining transitions throughout the video lack this precise alignment. This overall lack of rhythmic connection contributes to a sense of detachment between the music and the visuals.

Theme and Content: The upbeat and somewhat playful nature of the music doesn't particularly align with the video's content, which focuses on a DIY dollhouse creation tutorial. The music doesn't add any particular narrative layer or enhance the instructional nature of the video.  Instead, the chosen music feels somewhat generic and doesn't specifically relate to crafting, childhood memories, or any other theme directly relevant to the video. This thematic disparity makes the music feel like background noise rather than an integrated element of the video's message.

Emotion: The video predominantly showcases a neutral, instructional tone without displaying any strong emotions.  The creator is focused on demonstrating the steps of the craft project, and the visuals reflect this practical approach.  In contrast, the music carries a cheerful and bright melody. This mismatch between the video's lack of overt emotion and the music's inherent cheerfulness creates a sense of disjunction. The music doesn't necessarily detract from the video, but it doesn't enhance the emotional impact either.

Cultural Relevance: Neither the music nor the video presents any significant cultural elements. The video depicts a universal activity of crafting, while the music avoids any specific cultural or geographical references.  This absence of shared cultural markers reinforces the disconnect between the audio and visual elements.  The focus remains purely on the craft project in the video and a generally cheerful melody in the music, without any deeper cultural connections.
",train,True,data/revision/videos/2PQU4rDWeLk.mp4,56.96666666666667,,f9687d3fa9bdde82fd5c4a070df6d009f182abf28d2904293c7d2201d86b9c90
823,2gZD4cfZVXI,https://www.youtube.com/watch?v=2gZD4cfZVXI,"Rhythm and Synchronization: The music's tempo and the video's pace vary throughout. Initially, the music has a faster, more playful feel, while the video focuses on a series of individual actions. This creates a sense of dynamic energy as the woman places various items in the cage. The music then shifts to a more subdued tone just before the 41-second mark, coinciding precisely with the transition to a full shot of a much larger, more enriched hamster enclosure. This synchronization underscores the contrast between the inadequate and the ideal habitats. Overall, the music accentuates the video's shifts in pacing, enhancing the viewing experience.

Theme and Content: While the video and music initially seem unrelated, they ultimately work together to create a sense of irony. The upbeat music, which might typically be associated with light-hearted content, is juxtaposed with the video's critique of small hamster cages. This creates a stark contrast that ultimately highlights the video's message about proper hamster care. The sudden change in music and video at the end serves as a powerful reversal, emphasizing the need for spacious enclosures.

Emotion: The video primarily conveys informational content, but an undercurrent of appreciation for good animal welfare is present. The initial, more playful music adds a light, slightly humorous tone to the visuals of the small cage being filled, which could be interpreted as mocking the misconception that small spaces are adequate. However, the shift in music and visuals at the end evokes a more serious appreciation for appropriate pet care, aligning with the overall message of the video. This creates partial consistency in the emotions conveyed by both elements.

Cultural Relevance: There are no obvious shared cultural elements between the music and the video. The focus is purely on the practical aspects of hamster care, without referencing any specific cultural traditions or geographical locations. The universality of the message about animal welfare transcends cultural boundaries.
",val,True,data/revision/videos/2gZD4cfZVXI.mp4,46.27961294627961,,b774a6b7a1e9ff0629c8bade87d3d5951a6d0c5c0ff6f6286f9830b8f053acad
3021,2yRZrDoYN8g,https://www.youtube.com/watch?v=2yRZrDoYN8g,"Rhythm and Synchronization: The music maintains a consistent, medium tempo throughout the video. However, it doesn't synchronize with the video's actions or cuts. This is evident at the 0:23 mark, where a distinct transition occurs in the video – the hand moves away and question marks appear – but there's no corresponding change in the music. This lack of synchronization contributes to a sense of detachment between the audio and visual elements, making the overall rhythmic coherence weak.  The music seems to play independently of the video's narrative flow.

Theme and Content: The video showcases a set of Kuromi-themed stationery, highlighting its contents and a humorous interaction regarding borrowing. The music, however, doesn't seem to relate to this theme at all. It lacks any elements that could be associated with stationery, school, or the character Kuromi. This thematic dissonance creates a disconnect, preventing the music from enhancing or complementing the video's message.

Emotion: The video evokes a lighthearted and slightly humorous tone, especially during the dialogue about borrowing the stationery. It generally projects a sense of relaxation and lacks strong emotional peaks. The music, on the other hand, has a different emotional character. It's somewhat upbeat but doesn't align with the video's relaxed and playful atmosphere.  The music doesn't amplify or deepen the video's emotional impact, rather it creates a somewhat jarring juxtaposition.

Cultural Relevance: The video features Japanese characters and text on the stationery packaging, clearly referencing Japanese popular culture, specifically the Sanrio character Kuromi.  The music, however, lacks any discernible cultural markers. It doesn't contain any elements that could be linked to Japanese culture or any other specific geographical region.  This mismatch weakens the overall coherence and makes the musical choice feel arbitrary in relation to the video's cultural context.",val,True,data/revision/videos/2yRZrDoYN8g.mp4,24.791433333333334,,8f5241a4247a10f6f115ab3eadc3e657cec42c0bb531dbe19a47e903107b9865
5889,3N4ztMIVYSA,https://www.youtube.com/watch?v=3N4ztMIVYSA,"Rhythm and Synchronization: The music maintains a consistent, moderately paced rhythm throughout. The video, demonstrating the creation of paper candies as gifts for Mother's Day, features a series of actions and cuts. However, there is no discernible connection between the musical rhythm and these visual transitions. The music doesn't accentuate the folding, writing, or cutting actions, nor does it shift in tempo or intensity during these moments.  This lack of synchronization creates a sense of detachment between the audio and visual components, making the experience feel somewhat disjointed.

Theme and Content: The video's content focuses on a craft project: making Mother's Day gifts. It's a visual tutorial without a spoken narrative, emphasizing the process of creation. The music, a Bollywood song, tells a story of a mother's love and devotion. While both the video and music relate to the theme of motherhood, their specific messages don't intersect. The video is about expressing appreciation through a handmade gift, while the song delves into the emotional depths of a mother's sacrifice. This thematic divergence makes the pairing feel somewhat incongruous.

Emotion: The video evokes feelings of appreciation and perhaps a touch of heartwarming sentiment associated with the creation of a personalized gift. The visuals themselves are rather neutral, focusing on the steps of the craft. The music, in contrast, expresses a more intense emotional palette. The vocals and instrumentation convey deep love, longing, and a sense of reverence for mothers. This rich emotional landscape within the music clashes with the relatively simple, less emotionally charged atmosphere of the video, creating a disconnect in emotional tone.

Cultural Relevance: The video doesn't display any overt cultural markers, appearing to be a general craft tutorial applicable across various cultural contexts. The music, however, is distinctly Bollywood in style, with characteristic instrumentation and vocal delivery. This cultural specificity of the music isn't reflected in the video.  There are no visual cues that connect to the cultural context of the music, reinforcing the sense of separation between the two.  While Mother's Day is celebrated globally, the video doesn't highlight any particular geographic location, leaving the cultural relevance solely to the Bollywood song.
",test,True,data/revision/videos/3N4ztMIVYSA.mp4,35.7,,d6152cb2ca6128dda4dd0fced27188275fbd19a27ae739c010c3aaac19136cb2
36088,3f17bWhoaGA,https://www.youtube.com/watch?v=3f17bWhoaGA,"Rhythm and Synchronization: The music maintains a consistently fast tempo throughout, characterized by a driving beat and energetic delivery.  The video, however, comprises a series of still images, creating a static visual experience. Since the video has minimal change or dynamism, and thus no transitions, there are no points of synchronization to analyze between the music and video. This static nature of the video clashes with the dynamic rhythm of the music, leading to a sense of rhythmic dissonance.

Theme and Content: The music's lyrics express a longing for a loved one and a sense of contentment in their presence. This theme contrasts sharply with the video's content, which appears to showcase a collection of snapshots featuring a young man with children in what seems to be a rural setting. The images do not explicitly convey any narrative or message related to romantic love or longing. Therefore, the music doesn't enhance or supplement any narrative within the video. Instead, it creates a thematic mismatch.

Emotion: The music evokes a feeling of passionate longing and joy, driven by its upbeat tempo and heartfelt lyrics. The video, on the other hand, presents a neutral emotional tone. The expressions of the individuals in the pictures vary from smiles to playful grimaces, but the overall impression remains relatively unemotional, possibly due to the static format. This mismatch between the passionate emotion of the music and the more neutral presentation of the video contributes to a lack of emotional coherence.

Cultural Relevance: Neither the music nor the video exhibit any prominent or clearly defined cultural elements. While the video's rural setting hints at a specific lifestyle, it lacks distinctive cultural markers. The music, similarly, avoids specific cultural references. Therefore, no discernible cultural connections exist between the two elements, reinforcing the overall sense of disconnect.
",val,True,data/revision/videos/3f17bWhoaGA.mp4,21.433333333333334,,866a799f4c1d3e9576d2d1fa6a5b88adecbdf2dfd6452621a45a3fdd71e482e0
14994,3xOs90Cknmw,https://www.youtube.com/watch?v=3xOs90Cknmw,"Rhythm and Synchronization: The video features a rapid succession of images, creating a fast-paced visual experience. However, the music maintains a more relaxed and consistent tempo.  This contrast in pacing creates a sense of disconnect between the visuals and the audio. Because the video cuts quickly from one image to the next, with no consistent visual theme or narrative, it’s difficult to establish any rhythmic coherence with the music.  The lack of synchronicity is further emphasized by the absence of any corresponding musical changes to accompany the frequent video transitions.  The music seems to exist independently of the video's rapid shifts.

Theme and Content: The video presents a series of seemingly random images of various products: a water bottle, a bank vault, a jar of pickles, and Chupa Chups lollipops. The accompanying music offers no discernible thematic connection to these disparate items.  The song's lyrics and melody don't appear to relate to any of the products showcased, creating a thematic dissonance. There's no narrative thread connecting the visuals, so the music cannot enhance any non-existent storyline. In essence, the music doesn't add any layer of meaning or interpretation to the video content.

Emotion: The video, due to its rapid-fire display of unrelated products, doesn't evoke any specific emotion. It’s more informational, albeit in a fragmented way, rather than emotionally charged. The music, on the other hand, possesses a more mellow and possibly contemplative mood. However, this emotional tone doesn't interact with or amplify any emotion from the video because there’s none present. The mismatch between the neutral emotional tone of the video and the more defined, yet still subtle, emotional tone of the music creates a sense of detachment.

Cultural Relevance:  Neither the video nor the music seem to anchor themselves to any particular cultural element. The video shows common consumer products found globally, and the music doesn't appear to contain any culturally specific instrumentation, lyrics, or musical styles. The absence of discernible cultural elements in both the video and music means there are no cultural references to assess for relevance or accuracy. While the depicted products might have some cultural associations depending on the viewer's background, these associations are not explicitly highlighted or explored within the video itself. Therefore, there's neither alignment nor misalignment, simply a lack of any significant cultural connection.
",test,True,data/revision/videos/3xOs90Cknmw.mp4,9.616666666666667,,5f9ed9c43147a2725c2fadac63ee7cf72b1bb498fdf9c4a92a814d36460f4482
3549,3ySKbSZ1i4w,https://www.youtube.com/watch?v=3ySKbSZ1i4w,"Rhythm and Synchronization: The music maintains a slow, relaxed tempo throughout the video. This contrasts with the dynamic shifts in the video's content, particularly noticeable at the 48-second mark where the scene changes to a child actively skiing down a slope. The music remains consistent during this transition, creating a sense of detachment between the audio and the visual narrative. The overall rhythmic coherence between the two is low, with the video's pacing and transitions occurring independently of the music's flow. The music doesn't react or anticipate the changes in the visual content.

Theme and Content: The music's tranquil theme doesn't align with the video's instructional content about teaching children to ski. The music neither enhances the video's core message nor adds any depth to the narrative. The laid-back feel of the music clashes with the energetic and practical tone of the video, creating a thematic dissonance. The music feels out of place and doesn't contribute meaningfully to the video's objective of providing advice.

Emotion: The video conveys an energetic and enthusiastic tone, driven by the presenter's animated expressions and the lively nature of the topic. In contrast, the music expresses a sense of calm and tranquility. This mismatch between the video's active emotion and the music's peaceful mood creates emotional dissonance. The music does not elevate the video's emotional impact; rather, it creates a disconnect, diminishing the intended energy and enthusiasm.

Cultural Relevance: Neither the music nor the video exhibit distinct cultural elements or geographical references. The video focuses on a universal activity – skiing – and doesn't incorporate any culture-specific nuances. The music is similarly generic and doesn't evoke any particular cultural context. Thus, while there's no clash of cultural elements, there is also no shared cultural grounding or reinforcement between the two.
",train,True,data/revision/videos/3ySKbSZ1i4w.mp4,53.766666666666666,,941f608c7308d39217b1922824f77248ab4abc5a6a5ea8c63d143baf5b3358f5
20942,4ByxVoUNcCE,https://www.youtube.com/watch?v=4ByxVoUNcCE,"Rhythm and Synchronization: The video features a person showcasing different articles of clothing. The pacing of the video, with the individual consistently changing and unfolding items, feels fairly quick and dynamic. However, the music maintains a steady, mid-tempo rhythm throughout. This creates a disconnect between the visual and auditory elements.  There isn't any discernible synchronization between the actions in the video and shifts in the music. The consistent, almost monotonous rhythm of the music doesn't reflect the dynamic nature of the visual presentation.

Theme and Content: The video content focuses on displaying clothing items, presumably for sale. It's a straightforward presentation without a strong narrative. The music, on the other hand, sounds like a traditional or folk song, possibly telling a story or expressing a particular sentiment. The themes present in the music don't appear to relate to the video's purpose of showcasing clothing. This creates a thematic dissonance, as the music doesn't enhance or support the video's core message.

Emotion: The video is presented in a neutral and matter-of-fact manner. The person showcasing the clothes doesn't display any overt emotions, focusing solely on presenting the items.  The music, while melodic, carries a somewhat melancholic or wistful tone. This emotional undercurrent in the music contrasts sharply with the video's lack of emotional expression. The music doesn't elevate the emotional impact of the video; instead, it introduces a contrasting emotional layer that feels out of place.

Cultural Relevance:  The video takes place in what appears to be a clothing store, a setting that is universally understood.  The music, however, has a distinct cultural flavor, likely from a specific region or tradition. While the language and musical style suggest a particular cultural origin, it doesn't appear to have any direct connection to the video's setting or the clothing being displayed. There are no discernible geographical or cultural overlaps between the visual and auditory components. The cultural element within the music doesn't enhance or add meaning to the video content.  It feels disjointed and irrelevant to the purpose of the video.
",train,True,data/revision/videos/4ByxVoUNcCE.mp4,30.666666666666668,,fc51f64cd4803d511163ea6c4648e9be20111fe94b7936fb6cf9abdbb8632649
4360,4hpQRe610yA,https://www.youtube.com/watch?v=4hpQRe610yA,"Rhythm and Synchronization: The music maintains a consistently fast tempo throughout, characterized by a driving beat and energetic vocals. However, the video's pace varies. The two girls initially perform synchronized dance moves, suggesting a degree of rhythmic coherence with the music. The movements of the girls, while energetic, don't consistently align with the specific beats or melodic phrases of the music.  This results in a sense of rhythmic disconnect where the video’s visual rhythm doesn't clearly respond to or interact with the auditory rhythm. The overall effect is one of two separate rhythmic entities coexisting rather than a unified, synchronized presentation.

Theme and Content: The music's theme and lyrical content appear unrelated to the video's content. The song, with its upbeat tempo and what sounds like romantic lyrics, doesn’t seem to narratively connect with the visuals of two young girls dancing.  The video doesn't tell a clear story, focusing instead on the performance of the dance itself. Therefore, there isn't a narrative for the music to supplement or enhance. The disconnect between the lyrical themes and the video's visual presentation creates a thematic dissonance, where the two elements exist independently without reinforcing or complementing each other.

Emotion: The music projects a sense of confident energy and joyful exuberance. This contrasts with the more subtle emotions displayed in the video. While the girls appear to be enjoying themselves, their expressions are more focused and determined, perhaps reflecting an appreciation for the dance itself. The emotional tone of the video is less overtly joyous than the music, leading to a degree of emotional incoherence. The music's high energy doesn't necessarily amplify the emotional impact of the video, but rather creates a separate emotional layer that doesn't fully integrate with the visuals.

Cultural Relevance: The video features two girls in what appear to be traditional South Asian dresses. However, the music itself doesn't have any immediately discernible cultural markers. The absence of clear cultural references in the music, combined with the distinct cultural elements present in the video's costuming, contributes to a sense of disconnect between the two. There's no clear geographical alignment or shared cultural narrative between the auditory and visual elements.  This lack of intersection between the cultural aspects of the music and the video further emphasizes their unrelated nature.
",test,True,data/revision/videos/4hpQRe610yA.mp4,16.9,,d1eb2f6901b9eb5fb893772b72c5c4f47280ec3fbd131e9e91c89abd0fd53fd7
6393,4qNEDIgMGWU,https://www.youtube.com/watch?v=4qNEDIgMGWU,"Rhythm and Synchronization: The music's upbeat tempo aligns well with the energetic and informative nature of the video. While the video features cuts and transitions, the most striking synchronization occurs at the 18-second mark.  Here, as the camera pans to capture a different perspective and a new person enters the scene, the music experiences a distinct shift, creating a cohesive rhythmic and visual flow. This synchronized transition enhances the viewing experience by emphasizing a shift in focus within the video's content. Overall, the music's rhythm, although not consistently synchronized with every cut, generally complements the pace and transitions of the video, creating a dynamic and engaging presentation.

Theme and Content: The video focuses on improving mobile filmmaking techniques, showcasing tools and accessories for better audio and lighting. The music, while upbeat and dynamic, doesn't directly relate to the specific subject of filmmaking. It doesn't convey a sense of technological advancement or creative processes typically associated with video production.  Rather, the music provides a general sense of positivity and progress, which could be interpreted as indirectly supporting the video's message of enhancing one's filmmaking skills. However, the thematic connection remains relatively loose, and a more directly related musical theme could have strengthened the video's core message.

Emotion: The video primarily maintains a neutral, informative tone, with the presenter focusing on explaining and demonstrating filmmaking accessories. The presenter's demeanor is positive and enthusiastic, which aligns with the upbeat and generally positive feel of the music. However, the music doesn't particularly enhance the emotional impact of the video, nor does it seem to mismatch. It functions more as a background element that complements the presenter's energy without adding a specific emotional layer to the overall viewing experience. 

Cultural Relevance: Neither the video nor the music exhibit any clear cultural markers or geographical references. The video is set in a generic retail environment, and the presenter's delivery and content are universally applicable to mobile filmmaking, regardless of cultural background. The music, similarly, lacks any distinct cultural elements that would tie it to a specific geographical region or cultural group. Thus, while there isn't any cultural dissonance between the two, there is also no shared cultural relevance to analyze. The focus remains purely on the technical aspects of filmmaking and the generally positive vibe of the music.
",test,True,data/revision/videos/4qNEDIgMGWU.mp4,40.2,,33869fbbf9efbeae0b1edc05fae7be597dac25e3eb7c15340e646db455319344
30836,4zaTy29MU84,https://www.youtube.com/watch?v=4zaTy29MU84,"Rhythm and Synchronization: The music features a fast tempo, characterized by driving electronic beats and a strong, consistent rhythm. The video, on the other hand, exhibits a slower pace. It starts with a static image of a phone and then transitions to a close-up of a stylized blue face. The subsequent animation involves slow, deliberate movements, mainly focused on the face's eyes and mouth. Due to the absence of distinct transitions or cuts in the video and the video's limited dynamic movement, there isn’t a clear synchronization between the video's visuals and the music's rhythm.  The contrast between the energetic music and the slower, more deliberate visuals creates a disconnect, further emphasizing the lack of rhythmic coherence.

Theme and Content: The video appears to be a tech advertisement, showcasing a specific phone model and seemingly associating it with gaming through the visual of a stylized ""gamer"" face. The music, with its electronic and driving beat, could generally be associated with technology or gaming, however, there isn't a specific thematic connection between the two. The music doesn't enhance or relate to the advertisement's core message about the phone's features or capabilities. The overall impression is one of thematic dissonance, as the music's generic technological/gaming vibe doesn't meaningfully interact with the specifics of the video's product promotion.

Emotion: The music evokes a sense of energy and excitement, possibly even some anticipation or tension due to its driving beat. The video, however, presents a relatively neutral emotional tone. The stylized face doesn’t display clear emotions, making it difficult to discern a specific intended mood. This stark contrast between the energetic, driving feel of the music and the emotionally neutral visuals leads to a lack of emotional coherence. The music, while potentially suitable for a gaming context, doesn't amplify or complement any specific emotion presented by the video itself.

Cultural Relevance: Neither the music nor the video appear to contain any readily identifiable cultural elements. The music is generic electronic music without discernible cultural markers. While the stylized blue face in the video might draw inspiration from science fiction or gaming aesthetics, it lacks a clear link to any specific culture or geographical location.  Consequently, there is no meaningful cultural overlap or alignment between the audio and visual components. They exist in separate spheres, further reinforcing the overall sense of disconnect between them.
",train,True,data/revision/videos/4zaTy29MU84.mp4,9.266666666666667,,e8bf8115dc27da53223f5172c2186fcbd26d5af7ca4d82dfa8dcf50c39149dca
13865,5F21rlWHmPs,https://www.youtube.com/watch?v=5F21rlWHmPs,"Rhythm and Synchronization: The video features a series of static shots showcasing Christmas decorations and cozy home settings. The pace of the video is slow, with transitions occurring at points like 0:03.  The music, however, maintains a consistent, moderately paced rhythm throughout, creating a sense of detachment from the visual narrative. This disconnect is amplified by the lack of synchronization between the musical rhythm and the video's transitions. The music doesn't shift or adapt to the changing visuals, resulting in a feeling of rhythmic incoherence.


Theme and Content: The video's content revolves around Christmas decorations and the cozy ambiance of a home during the holiday season. It aims to evoke feelings of warmth, comfort, and festive cheer. The music, however, has a distinct character that doesn't align with the Christmas theme. It lacks the traditional melodic elements or festive instrumentation typically associated with the holiday season.  This thematic dissonance prevents the music from effectively enhancing the video's message and creates a disconnect between the visual and auditory experiences.


Emotion: The video seeks to convey a sense of calm and peaceful domesticity. The visuals of the decorated Christmas tree, fireplace, and cozy interior elements evoke feelings of warmth and relaxation. However, the music carries a slightly different emotional tone, lacking the sentimentality one might expect from a Christmas-themed video.  This emotional mismatch diminishes the overall impact of the video, as the music doesn't amplify the intended emotional response. The music's consistent tone contrasts with the subtle emotional shifts in the video, creating a sense of emotional detachment.


Cultural Relevance: The video contains visual elements associated with Western Christmas traditions, like the decorated tree and Christmas stockings. While there are no explicit geographical references, the style of décor suggests a contemporary Western setting. The music, however, does not feature any discernible cultural elements that relate to Christmas or any specific geographical region. This absence of shared cultural elements further contributes to the disconnect between the video and the music. The music doesn't enhance or reinforce the cultural context of the video, creating a sense of incongruity.
",train,True,data/revision/videos/5F21rlWHmPs.mp4,29.4,,a4d3433a61ed47f271b96d0d16949afaa1afb81d67c80146ead9ffba06be4ede
20209,5hzqsOg5288,https://www.youtube.com/watch?v=5hzqsOg5288,"Rhythm and Synchronization: The music and video exhibit a generally aligned pace. The music has a medium tempo, which suits the overall energetic vibe of the video. The synchronization is particularly noticeable at the 10-second mark, where a distinct shift in the music coincides precisely with a transition in the video.  This transition marks the shift from a more conversational, almost confrontational scene to a celebratory, dance-filled one. The change in music emphasizes this shift, creating a sense of excitement and emphasizing the sudden change in mood. While there are other scene changes throughout the video, this particular synchronization stands out as particularly effective.  This indicates a deliberate effort to emphasize the video's key moment with the music, enhancing the overall rhythmic coherence.


Theme and Content: While both the music and video exude a sense of energy, their thematic connection is indirect at best.  The video begins with a scene that appears to depict a minor disagreement or playful banter amongst a group of children, followed by a shift to a festive scene with dancing.  The music, however, seems to focus solely on the celebratory aspect, missing the nuance of the initial interaction.  Therefore, while the music supports the later part of the video quite well, it doesn't fully reflect the subtle narrative progression displayed in the video's opening. The music's celebratory tone doesn't supplement the initial narrative, but rather overrides it.


Emotion: The video displays a range of emotions. It starts with a touch of playful tension before transitioning to an overwhelmingly cheerful and energetic atmosphere with the dancing. The music, being predominantly upbeat and energetic, aligns well with the dominant emotional tone of the dancing scenes, capturing their cheerful and relaxing atmosphere.  However, it fails to capture the more nuanced emotions at the beginning of the video. The initial playful tension is lost in the music's consistent celebratory tone, which could have been enhanced with a slight shift in the music to reflect the initial scene's mood. Despite this, the overall emotional impact of the video, especially during the dancing portions, is heightened by the music.


Cultural Relevance: There are no clear cultural references present in either the music or the video that directly connect the two.  The clothing and setting in the video suggest a general South Asian context, but the music itself doesn't contain any specific musical elements or instrumentation traditionally associated with a particular region or culture. The focus seems to be on a more universal theme of celebration and energy, rather than a specific cultural representation. Therefore, while the video itself might hint at a cultural setting, the music remains culturally neutral.
",train,True,data/revision/videos/5hzqsOg5288.mp4,14.166666666666666,,6a6f2eb6a821fbef377abc2acd7f4957b14c45fabd6d5dd445194fc16660f300
14997,6C0fm_5YvNM,https://www.youtube.com/watch?v=6C0fm_5YvNM,"Rhythm and Synchronization: The music maintains a consistent, moderately fast tempo throughout the video.  The video, showcasing a sewing process, also follows a relatively constant pace. The rhythm of the music, however, doesn't directly synchronize with specific actions or cuts in the video. The video doesn't have many distinct transitions or changes in pace, making precise synchronization difficult.  Overall, the relatively steady paces of both the video and audio create a sense of rhythmic coherence, despite the lack of precise timed alignment.

Theme and Content: The music, a romantic Bollywood song, doesn't thematically connect with the video's content, which focuses on a practical demonstration of sewing techniques. The lyrics of the song speak of love and longing, while the video depicts a craft-based activity.  Therefore, the music doesn't contribute to the video's instructional purpose, creating a thematic disconnect.

Emotion: The music evokes a sense of romantic longing and perhaps a bit of joy, typical of Bollywood love songs. The video, on the other hand, evokes feelings of creativity and appreciation for the demonstrated skill. The emotional tones of the music and video are quite distinct and don't complement each other.  The romantic tone of the music doesn't amplify any specific emotion related to the sewing demonstration, contributing to the emotional dissonance.

Cultural Relevance: While the music clearly has South Asian cultural origins, evident in the language and musical style, the video itself doesn't appear to have strong cultural ties.  The sewing process shown is fairly generic and could be seen in various contexts around the world. There aren't any specific geographical or cultural elements presented in the video that connect to the music's South Asian identity, leading to a lack of shared cultural relevance.",train,True,data/revision/videos/6C0fm_5YvNM.mp4,26.166666666666668,,69c3b72665be345b9db0507b5102dec87218822cdcbd0bb24b6bb7d30bea1037
38350,6RGSlr7bX6A,https://www.youtube.com/watch?v=6RGSlr7bX6A,"Rhythm and Synchronization: The music maintains a consistent, mid-tempo rhythm throughout the video.  Since the video consists primarily of static images of Pokemon cards with occasional cuts to the speaker, there are minimal opportunities for precise synchronization between visual transitions and musical changes. However, the steady beat of the music provides an unobtrusive backdrop for the narrator's commentary and the presentation of the cards.


Theme and Content: The upbeat, almost whimsical, tone of the music doesn't particularly align with the video's content, which focuses on specific Pokemon card details and their evolution over different generations.  The music doesn't detract from the information being presented but nor does it enhance or contribute to the core message. The focus is solely on the narrator's observations about the card art, and the music serves only as background filler.


Emotion: The video itself is fairly neutral in its emotional tone. The narrator expresses mild enthusiasm for his topic, but the overall presentation style is informational rather than emotionally charged. The music, on the other hand, has a more playful and lighthearted feel, which creates a slight disconnect between the auditory and visual elements. The music's emotion doesn't clash with the video but doesn't reinforce it either.


Cultural Relevance: There aren't any overt cultural elements present in either the music or the video.  While the video discusses Pokemon, a Japanese franchise, it focuses specifically on card art details rather than broader cultural aspects.  The music itself has a generic, contemporary feel and doesn't appear to draw from any specific cultural influences. Thus, there’s neither a match nor a mismatch in cultural relevance, simply an absence of such elements.
",train,True,data/revision/videos/6RGSlr7bX6A.mp4,55.0,,ad59598ebfb6708a663f640dd6ba12cdbf9995d0fc7e957b6e40bc0a3e85dc2a
43784,6UWzH34_FDY,https://www.youtube.com/watch?v=6UWzH34_FDY,"Rhythm and Synchronization: The music's tempo and the video's pace vary throughout. The video features several short scenes, creating a dynamic visual flow. However, the music doesn't consistently change or synchronize with these shifts. There's no distinct alignment between musical cues and video transitions, indicating a lack of rhythmic coherence between the two.

Theme and Content: The video depicts a father and daughter interacting in various scenarios, with a humorous undertone. The music, although not directly related to the specific content of the scenes, adds a layer of emotional depth, enhancing the video's overall impact.  The music could be seen as indirectly commenting on the father-daughter bond and the value of kindness, which are implied themes of the video.

Emotion: The video evokes primarily humor through the interactions between the father and daughter. While the music has a more serious and somewhat sentimental tone, it doesn't clash with the video's humorous essence. The music's rich and layered sound creates a somewhat heartfelt atmosphere that elevates the video beyond simple comedy. This pairing produces a partially consistent emotional experience, where the music adds a touch of heartwarming emotion to the otherwise lighthearted visuals.

Cultural Relevance: Neither the music nor the video prominently features any specific cultural elements. The setting and clothing appear relatively generic, without clear ties to any particular culture or geography. This lack of cultural specificity allows the video's message to resonate more universally, focusing on the human connection between a father and daughter rather than on cultural nuances.
",test,True,data/revision/videos/6UWzH34_FDY.mp4,58.5,,5a565b527ab76f3451b060f6752d19d26b225603d94fc53465d36d8bd2b08eeb
34566,6j6vFEhiuZs,https://www.youtube.com/watch?v=6j6vFEhiuZs,"Rhythm and Synchronization: The music maintains a consistent, moderately fast tempo throughout.  As the video primarily focuses on a single, static shot of a guitarist playing, there aren't distinct visual transitions or ""cuts"" in the traditional sense. However, the music does exhibit internal rhythmic shifts and changes in melody.  These shifts don't correspond to any visual changes but rather contribute to the overall flow and dynamic of the music itself. This creates a sense of the music driving the experience while the visual remains a constant point of focus.

Theme and Content: The video showcases a guitarist performing a classical piece on a classical guitar. While the music is undoubtedly pleasant and creates a relaxing ambiance, it doesn't explicitly tell a story or convey a specific message that directly relates to the act of playing the guitar. The focus is on the musical performance itself, and the video serves as a visual record of this performance.  Thus, the video and music coexist independently, with the video documenting the music's creation rather than building upon a shared narrative.

Emotion: The music evokes a sense of tranquility and relaxation through its gentle melody and flowing rhythm. This peaceful aura is mirrored in the video, where the guitarist’s focused yet relaxed demeanor contributes to the overall calm atmosphere. However, the emotional landscape remains relatively constant, without significant shifts or variations throughout the video's duration.  While the music certainly enhances the serene viewing experience, it doesn't necessarily amplify or deepen the video's emotional range.

Cultural Relevance: The video and the music don't appear to have strong ties to any specific cultural elements. The focus remains squarely on the musical performance, without incorporating costumes, settings, or musical styles that would suggest particular cultural influences.  The presentation is quite universal, centered on the instrument and the musician, rather than referencing specific cultural or geographical contexts.
",train,True,data/revision/videos/6j6vFEhiuZs.mp4,60.04,,8e08a9c7879e1bc77c03946fdc37135893be4fc91134a90af83fd912bd0487e0
17628,6kRVsPfXdms,https://www.youtube.com/watch?v=6kRVsPfXdms,"Rhythm and Synchronization: The video showcases a live band performance, featuring a consistent, medium tempo. The editing maintains a steady pace, capturing various band members and the audience. Due to the absence of key timestamps in the provided tags, it's apparent that the video doesn't rely on sharp cuts or transitions synchronized to musical beats.  The focus is on capturing the overall energy and atmosphere of the performance rather than creating a visually driven narrative through rhythmic editing. The consistent tempo of the music and the unhurried pace of the video create a sense of stability and allow the viewer to focus on the band's performance.

Theme and Content: The video content and the music are strongly related, capturing a live musical performance. The video focuses on showcasing the band playing their music live on stage before an audience.  While the video doesn't tell a particular story beyond the performance itself, the music acts as the central element around which the visuals revolve. The music and video function independently, meaning the video isn't telling a story that the music is underscoring. Instead, it is documenting a real-time event.

Emotion: The video captures a live performance, focusing on presenting the band and their music.  It doesn't aim to evoke specific emotions beyond the general feeling of enjoying live music.  The band members appear engrossed in their performance, and the audience seems receptive.  The overall tone of the video is neutral and presents a straightforward representation of a band playing their music. The music itself doesn't convey intense emotion either, and this consistency in tone between the music and video helps maintain the focus on the performance.

Cultural Relevance: Neither the music nor the video showcases specific cultural elements or geographical references.  The video features the band and the audience without highlighting any particular cultural background or origin, instead focusing purely on the musical performance aspect. The music also lacks distinct cultural markers. This lack of explicit cultural elements makes the presentation universal and accessible to a broader audience.
",test,True,data/revision/videos/6kRVsPfXdms.mp4,59.225833333333334,,bd36b50dd71b5d56c39ed1001ce6931a5a8cadaf9b54f7328b2f2bb457d8b93e
26601,6sOy4aWUCsw,https://www.youtube.com/watch?v=6sOy4aWUCsw,"Rhythm and Synchronization: The video features a fast-paced montage of clips showcasing a live music event. The quick cuts between different scenes, including street views, close-ups of attendees, and shots of the performers, create a dynamic and energetic visual experience. The accompanying music, however, follows a different rhythm. Its laid-back tempo and smooth flow contrast with the video's rapid transitions. While the video presents a sense of excitement and constant motion, the music remains mellow. There's a distinct lack of rhythmic coherence between the two, with a noticeable shift occurring near the 42-second mark as the video segues to an album cover, and the music comes to a halt. This abrupt shift confirms the overall lack of synchronization.

Theme and Content: The video captures a live music performance and related behind-the-scenes moments, possibly documenting a concert or promotional event.  The visuals convey the energy and excitement of the event, highlighting the interaction between the performers and the audience. The rap lyrics in the music focus on themes of hustling, financial success, and self-made achievement, creating a narrative of personal ambition.  This thematic focus clashes with the visual content of a communal live music experience, creating a dissonance between the individualistic message of the music and the collective energy portrayed in the video. They exist as separate entities without any meaningful thematic connection.

Emotion: The video evokes feelings of energy, cheerfulness, and shared excitement. The flashing lights, dancing crowds, and expressive performers contribute to a vibrant and uplifting atmosphere.  In contrast, the music maintains a more relaxed, almost introspective tone. While the lyrics speak of ambition and determination, the musical delivery doesn't evoke the same level of energy as the visuals. The laid-back tempo and smooth flow create a more contemplative atmosphere, which doesn't align with the dynamic and exhilarating nature of the video. As a result, the video and the music fail to achieve emotional coherence, leading to a disconnected experience.

Cultural Relevance: Neither the video nor the music contains obvious cultural markers or geographical references beyond a brief mention of Michigan in the lyrics. The video focuses primarily on the live music event, while the music's narrative revolves around personal struggles and aspirations. There are no shared cultural elements or specific geographical references that create a significant link between the two. The lack of cultural connection further underscores the unrelated nature of the video and music.
",train,True,data/revision/videos/6sOy4aWUCsw.mp4,44.383359592370354,,f74c3782ff9785a386fcd382875c4b00e722e69045661e0b2c82998b6e6ea3e7
22408,6zg1BJtHTD0,https://www.youtube.com/watch?v=6zg1BJtHTD0,"Rhythm and Synchronization: The music maintains a consistent, medium tempo throughout, which complements the steady, methodical pace of the video showcasing food preparation. As the video doesn't feature distinct scene transitions or cuts aligned with musical shifts, the synchronization relies more on the overall flow rather than specific, punctuated moments. The continuous, unhurried nature of both the music and the visuals creates a sense of rhythmic coherence. The chef's actions—pouring sauces, adding ingredients, placing lids—happen in a smooth, almost ritualistic fashion, aligning with the music's ongoing, even rhythm. This creates a sense of visual and auditory harmony, despite the absence of sharply defined synchronized points.


Theme and Content: The music, a melancholic ballad, doesn't directly relate to the video's content, which focuses on preparing and presenting a variety of dishes. While the music expresses feelings of love and regret, the video primarily showcases culinary skills and the aesthetic appeal of food. This creates a thematic dissonance between the two. The song's emotional depth contrasts with the video's more practical and visually-driven nature.


Emotion:  The music conveys a sense of longing and sadness through its melody and lyrics. The video, however, is largely neutral in its emotional tone. It focuses on the visual process of food preparation without attempting to evoke specific emotions. This creates an emotional disconnect between the two. The music's melancholic mood isn't reflected or amplified by the video's content.


Cultural Relevance:  Neither the music nor the video seems to strongly emphasize specific cultural elements. While the food preparation itself might subtly hint at a particular culinary tradition, it's not prominent enough to establish a clear cultural connection. Similarly, the music's style doesn't carry distinct cultural markers.  There's no obvious geographical reference point in either the audio or visual content. As a result, no significant alignment or dissonance can be identified in terms of cultural relevance.
",train,True,data/revision/videos/6zg1BJtHTD0.mp4,15.333333333333334,,02a4daf8f25d8eae58af4c1b499d9192b271c576c7d177c6ff337337e663ca1f
10447,73X_jPRdhTw,https://www.youtube.com/watch?v=73X_jPRdhTw,"Rhythm and Synchronization: The music maintains a consistent upbeat tempo throughout. The video, featuring a newlywed couple reacting to a live painting of their wedding, initially moves at a moderate pace with the couple’s expressions and movements.  A noticeable shift occurs around the 28-second mark, as the bride embraces another person, coinciding precisely with a change in the music.  This synchronization adds emphasis to the moment of connection and appreciation. Another shift happens at the 30-second mark, where the focus transitions to the painting itself, and again, the music changes in sync. This emphasizes the unveiling of the artwork and underscores the couple's reaction to it.  The overall synchronization is intentional and effective in highlighting key moments of the video, despite the video's overall pace being more moderate than the fast tempo of the music.

Theme and Content: The music has a bright, joyful, and energetic feel, evoking a sense of celebration. The video content centers around the emotional reactions of a newlywed couple seeing their wedding painting for the first time.  While the celebratory nature of the music aligns with the general context of a wedding, it doesn't specifically relate to the act of viewing a painting or the emotions of surprise, awe, and appreciation displayed by the couple. There's a slight disconnect; the music doesn't directly enhance the narrative of the video or strengthen its core message about the painting.  The music creates more of a general celebratory atmosphere rather than specifically complementing the act of viewing the artwork.

Emotion: The music conveys joy and excitement, while the video showcases a range of emotions: initial surprise and awe, followed by joy, love, and appreciation. While the music's upbeat tone contributes to the overall cheerful mood of the video, it doesn't fully capture the nuanced emotional arc.  The music's constant high energy doesn’t quite match the more quiet moments of reflection and contemplation when the couple is looking at the painting. The emotional match is partial but not complete. The music adds a layer of general happiness, but it doesn't perfectly mirror or amplify the specific emotional shifts in the video.

Cultural Relevance: Neither the music nor the video contain overt cultural references. The focus is on the universal human experience of joy, love, and celebration, particularly within the context of marriage.  There are no specific geographical references or cultural elements explicitly portrayed in either medium. The video showcases a contemporary Western wedding setting, and the music's style doesn't tie into any particular cultural tradition. This makes the combination relatively neutral and broadly relatable.
",train,True,data/revision/videos/73X_jPRdhTw.mp4,60.0,,53b355734d0f63c9d8ea977d9fa86f72bf19fd1caa4d33d95ed73787d74d98eb
14919,7IGNTUlzj10,https://www.youtube.com/watch?v=7IGNTUlzj10,"Rhythm and Synchronization: The music features a consistent, medium tempo, with a distinct hip-hop beat. The video, however, showcases a series of golf swings and putts, each action distinct and separated by pauses.  Given that there are no marked transitions or shifts in the video's pace indicated by timestamps, the constant rhythm of the music feels somewhat disconnected from the stop-and-start nature of the golfing action. While the music maintains its energy throughout, it doesn't specifically accentuate or synchronize with the individual golf strokes, creating a sense of rhythmic detachment between the audio and visual elements.

Theme and Content: The video depicts a golfer attempting to score below 65. He documents his shots, expresses his hopes, and ultimately reacts to his performance. The chosen music, however, has a generic hip-hop feel, lacking any thematic connection to the sport of golf or the specific narrative of striving for a personal best. The music's themes, if any are present, are not readily apparent and don't relate to the video's focus on athletic performance and personal achievement. This thematic disconnect results in the music feeling like background noise rather than an integral part of the video's narrative.

Emotion: The video displays a mix of confidence and energy as the golfer prepares for each shot, interspersed with moments of frustration when his attempts fall short. The hip-hop music evokes a sense of energy and perhaps even a swagger, yet this doesn't fully align with the nuanced emotional arc of the golfer's experience. While the initial confidence aligns somewhat with the music's energy, the subsequent frustration and disappointment experienced by the golfer aren't reflected in the music's consistently upbeat tone. This creates a degree of emotional dissonance, where the music doesn't fully capture or amplify the emotional depth of the video.

Cultural Relevance: The video is centered around the sport of golf, a pastime often associated with specific social and cultural contexts. The hip-hop music, while a globally recognized genre, doesn't have any inherent ties to golf or its associated culture. There aren't any discernible cultural elements or geographical references within either the video or music that connect the two.  The video unfolds on a golf course, but offers no specific cultural cues. The music's lack of cultural specificity further underscores the unrelated nature of the two mediums, reinforcing the impression that the music serves as a detached sonic backdrop rather than a culturally relevant accompaniment to the video's narrative.
",val,True,data/revision/videos/7IGNTUlzj10.mp4,35.733333333333334,,4b7b40d60341e73c2b05670fc0fe26fc935e1777c3bdb89636d464e308ec16d6
7102,7T4J2EtCWPk,https://www.youtube.com/watch?v=7T4J2EtCWPk,"Rhythm and Synchronization: The music maintains a steady, medium tempo throughout. The video, showcasing hiking gear laid out on a floor, is static.  Given the lack of movement or transitions within the video, the concept of synchronization becomes less relevant. The unchanging nature of the visual scene means there are no distinct points where the music could or should synchronize with a visual shift. This results in a sense of detachment between the audio and visual components, where the music exists as a separate entity rather than an integrated element of the video.

Theme and Content: The music's gentle, somewhat whimsical tone doesn't particularly align with the video's focus on practical hiking equipment. The video presents a preparation for a hiking trip, suggesting themes of adventure, practicality, and the outdoors. The music, while pleasant, doesn't evoke any of these ideas.  It doesn't enhance or support the video's inherent narrative of preparing for a hike.  There's a clear thematic dissonance; the music doesn't tell the same story as the video.

Emotion: The video itself is emotionally neutral, presenting a simple display of gear. There's no discernible emotional tone emanating from the visuals. The music, in contrast, has a light, somewhat uplifting feel. While not intensely emotional, it carries a sense of gentle optimism. This slight contrast in emotional tone contributes to the disconnect between the video and the music. The music's subtle emotion isn't reflected or reinforced by anything in the visual content.

Cultural Relevance:  Neither the video nor the music seem to contain any overt cultural elements. The video focuses on generic hiking equipment, and the music has a universal, non-specific feel.  Therefore, there aren't any shared or conflicting cultural references to analyze. The absence of cultural signifiers further contributes to the overall sense of detachment between the audio and visual elements. They exist in separate spheres, not bound by any shared cultural context.
",train,True,data/revision/videos/7T4J2EtCWPk.mp4,57.9579,,26b3205a1c0de5f45f95e819190afef51caf66d54dbbf2b46cb09f53be99ee18
31272,7dP8XhIV8Gs,https://www.youtube.com/watch?v=7dP8XhIV8Gs,"Rhythm and Synchronization: The music maintains a consistent, medium tempo throughout the video.  Since there are no discernible changes in the video's pace or transitions requiring specific musical cues, the constant rhythm of the music works well with the generally calm and tender nature of the video's visuals. The lack of distinct transitions within the video means there are no specific points where the music could synchronize or clash. Instead, the gentle, steady beat provides a consistent backdrop, aligning well with the overall mood and pace of the video.

Theme and Content: The upbeat and somewhat whimsical feel of the music doesn't directly relate to the video's content, which focuses on a squirrel's vet visit and recovery.  The music doesn't particularly enhance or detract from the narrative of the squirrel's experience; it simply exists as a separate auditory layer. While not explicitly clashing with the video's theme, the music doesn't reinforce or contribute to the storyline in any significant way.

Emotion: The video evokes feelings of tenderness and care, primarily due to the gentle handling of the squirrel and the concern implied by the text describing its vet visit and recovery. The music, on the other hand, has a more cheerful, almost whimsical tone.  While not entirely dissonant, the emotional tones of the video and music are not a perfect match. The music's upbeat nature doesn't fully align with the gentle, nurturing atmosphere surrounding the squirrel's recovery. Although partially consistent, the emotional impact of the video is not necessarily elevated by the musical choice.

Cultural Relevance: Neither the music nor the video appears to contain any specific cultural references. The focus remains solely on the squirrel's experience, and the music serves primarily as a background element without any discernible cultural ties.  Both elements are culturally neutral, neither reinforcing nor contradicting any particular cultural themes. They are unrelated in this aspect.
",train,True,data/revision/videos/7dP8XhIV8Gs.mp4,17.4,,a741b6feab313c8f533e1a5d0a54fbe5a2e5a4b8716fe518cefda0afa3fbf732
41273,7jFX1ju2b7s,https://www.youtube.com/watch?v=7jFX1ju2b7s,"Rhythm and Synchronization: The music maintains a fast tempo throughout, aligning well with the dynamic, quick cuts and transitions of the video. Though the video shifts between different scenes and close-ups, the consistent rhythm of the music provides a cohesive backdrop. At the 3-second mark, the transition from a close-up of Rosé to a shot featuring both artists is smooth, although there isn't a noticeable musical change accompanying it. This constant rhythmic drive of the music contributes to the energetic feel and keeps the viewer engaged despite the changes in visuals.

Theme and Content: The video serves primarily as a promotional piece for the song, focusing on the artists and the track title, rather than conveying a specific narrative. While the music's theme of desire and longing is present, the video doesn’t directly illustrate this theme through storytelling. Instead, the focus remains on the artists’ stylish appearances, performance snippets, and the overall aesthetic of the piece. This indirect thematic connection allows the video to function effectively as an advertisement for the song without delving deeply into the song's lyrical narrative.

Emotion: The music exudes a strong sense of confidence and allure, consistent with the artists' portrayal in the video. Rosé’s expressions and postures convey a sense of playful confidence, while Bruno Mars’ demeanor adds a layer of cool charisma.  While the video doesn't aim to express a wide range of emotions, the music and the video maintain a partially consistent emotional tone. They both embody a vibrant, self-assured energy.


Cultural Relevance: The video predominantly focuses on the artists and their musical collaboration, rather than specific cultural elements.  The focus remains on the artists' styles and the overall aesthetic of the video, without making overt cultural references.  This lack of specific cultural elements aligns with the intention of the video as a promotional piece, highlighting the song and the collaboration itself.
",train,True,data/revision/videos/7jFX1ju2b7s.mp4,13.046532633057906,,4bd860b9fe5f781efac68fa2472a6d3706f3b23ece425ff9616627e553b31428
9941,8-hz9SbyWj8,https://www.youtube.com/watch?v=8-hz9SbyWj8,"Rhythm and Synchronization: The music's fast tempo contrasts sharply with the relatively slow pace of the video. The video primarily showcases prepared meals and the process of packing them, with minimal dynamic movement.  There's a slight musical shift around the 15-second mark, as the creator stacks another meal prep container. This shift isn't strongly synchronized with the visual change, making the rhythmic connection between the audio and video feel somewhat disjointed and almost accidental.  The lack of other significant visual transitions further emphasizes the mismatch in pace and rhythm.

Theme and Content: The upbeat, pop-infused music doesn't seem to thematically complement the video's focus on meal preparation. The music might be suitable for a vibrant, energetic scene, but it feels out of place alongside the practical and straightforward presentation of meal prepping.  The music doesn't contribute to any particular narrative or message related to the video's content. Instead, it creates a thematic dissonance, making the overall viewing experience feel somewhat incongruous.

Emotion: The music conveys a sense of lightheartedness and perhaps even a touch of excitement. However, the video itself is emotionally neutral, simply documenting the process of meal prepping.  This disparity in emotional tone creates a disconnect between the audio and visual elements. The music doesn't enhance the emotional impact of the video; rather, it feels superimposed, failing to create a cohesive emotional experience.

Cultural Relevance: Neither the music nor the video appears to contain any specific cultural elements or geographical references. The video focuses on the universal activity of meal preparation, and the music's generic pop style doesn't evoke any particular cultural association. This lack of cultural elements further contributes to the overall sense of detachment between the audio and visual components.
",train,True,data/revision/videos/8-hz9SbyWj8.mp4,30.566666666666666,,1e26f7cab8c7f78000dfbad853e788a4237f993272b087a2a9bf8e15816c5dd0
39393,88UrjnxErHM,https://www.youtube.com/watch?v=88UrjnxErHM,"Rhythm and Synchronization: The music and video maintain a slow, relaxed pace throughout. The video features minimal transitions or dynamic changes, primarily showcasing a man and a lion interacting gently.  The music's consistent and calming tempo aligns well with the tranquil nature of the scene, creating a sense of peace and serenity. The lack of significant visual changes means there are no abrupt shifts in the video's rhythm, further reinforcing the harmonious blend with the music.


Theme and Content: While not directly related, the music's gentle and contemplative theme complements the video's content to some extent. The video depicts a tender moment of connection between a human and a wild animal, and the music's subdued tone enhances this sense of intimacy and connection. However, the music doesn't specifically tell a story or add a narrative layer to the video. It serves more as a backdrop, supporting the video's overall mood rather than actively shaping its message.


Emotion: The music evokes feelings of tranquility and relaxation, which partially align with the peaceful and comforting emotions conveyed by the video. The gentle melody and slow rhythm of the music contribute to a calming atmosphere, reflecting the gentle interaction between the man and the lion. However, while the music emphasizes relaxation, the video seems to focus more on the tender connection between the man and the lion, suggesting a more complex emotional landscape beyond simple relaxation.


Cultural Relevance: Neither the music nor the video explicitly showcase any specific cultural elements. The scene appears to be set in a natural, possibly African, environment, but there are no clear cultural markers in either the visuals or the audio. This lack of cultural specificity allows the focus to remain on the universal themes of human-animal connection and the beauty of nature.
",train,True,data/revision/videos/88UrjnxErHM.mp4,30.096733333333333,,4520e3eab5db4f924677f19530d470b2f4831b038ab645d5f5600e42df92341b
44443,8OT4td0aQcs,https://www.youtube.com/watch?v=8OT4td0aQcs,"Rhythm and Synchronization: The music maintains a consistent, upbeat tempo throughout, creating a lively and energetic backdrop. However, this consistent tempo contrasts with the varied pace of the video. The video shifts between quicker dialogue and action sequences and slower, more deliberate cooking segments. This mismatch is particularly noticeable during transitions between scenes. For instance, the scene transitions do not coincide with shifts or changes in the music, further highlighting the rhythmic disconnect. The music doesn't react or adapt to these changes in pacing, resulting in an overall sense of rhythmic independence between the audio and visual elements.


Theme and Content: The upbeat and almost playful nature of the music clashes with the video's content, which focuses on a humorous take on bringing dessert to a potluck. The music doesn't enhance or complement the humorous narrative; instead, it creates a sense of dissonance.  The music might be suitable for a lighthearted montage or a cooking show intro, but it doesn't reflect the specific nuances of the video's storyline.


Emotion: The music projects a generally positive and energetic vibe.  However, the video's emotional tone is more nuanced, blending humor with slight awkwardness and a touch of absurdity. The man's expressions and actions contribute to this complex emotional landscape, which is not reflected in the straightforward positivity of the music. As a result, the music fails to elevate the emotional impact of the video and, at times, even detracts from it by creating a disconnect between what is seen and heard.


Cultural Relevance: Neither the music nor the video exhibit any readily identifiable cultural markers or geographical references. The video centers around a common social scenario – attending a potluck – which is generally relatable across various cultures.  The music itself is quite generic and doesn't evoke any specific cultural associations. Consequently, there's no discernible cultural interplay or shared cultural elements between the two.  They exist independently in this respect.
",train,True,data/revision/videos/8OT4td0aQcs.mp4,57.424090757424096,,62659e06ad061dfb422e92c76aa17736ff19fd136f1fbd9cb8d18774a6f7e614
13675,8PjFq1MOfK0,https://www.youtube.com/watch?v=8PjFq1MOfK0,"Rhythm and Synchronization: The upbeat tempo of the Punjabi pop song effectively matches the energetic pace of the dance video. While the dancers' movements are fluid and dynamic, there are no distinct transitions or cuts in the video that clearly align with specific musical changes. This makes it difficult to pinpoint exact moments of synchronization.  The overall impression, however, is one of rhythmic coherence; the consistent energy and pulse of the music drive the continuous flow of the choreography.

Theme and Content: The music's theme doesn't directly relate to the video's content. The song appears to focus on romantic admiration, mentioning beauty and branded clothing items, while the video primarily showcases a dance performance in a studio setting. The lyrics don't narrate the dance or add any specific meaning to it. There's no thematic dissonance, but the music could be replaced with another upbeat track without significantly changing the video's essence.

Emotion: The music and video share a common emotional tone of happiness and confidence. The lively music, with its catchy melody and driving rhythm, projects a cheerful and energetic mood. The dancers mirror this sentiment with their expressive movements and confident demeanor. They appear to be enjoying the performance, which enhances the overall sense of joy. While the emotional connection isn't profound due to the thematic disconnect, the music effectively amplifies the positive vibes conveyed by the dance. The female dancer's expressive facial expressions particularly contribute to this emotional richness.

Cultural Relevance: The video and music are connected by elements of contemporary Punjabi culture. The music is in Punjabi and the male dancer’s outfit – jeans, a black jacket and sunglasses – is common in modern Punjabi pop culture. However, the cultural connection doesn't go much deeper than these surface-level elements. While both dancers exhibit a modern, urban style, there aren't any specific geographic references or overt traditional cultural elements present in either the music or the video. The focus remains largely on the performance itself, with the cultural backdrop being relatively subtle.
",train,True,data/revision/videos/8PjFq1MOfK0.mp4,58.5251918585252,,bad915c07989fb9e6d50ec68ebce773430422f2371d5cd1662ae38dcc60794d1
39600,8QGPcEmeHsY,https://www.youtube.com/watch?v=8QGPcEmeHsY,"Rhythm and Synchronization: The music and video have a noticeable disconnect in terms of rhythm and synchronization. The video maintains a medium pace with distinct cuts and transitions showcasing different food items, a cricket player, and internet search results. However, the music's rhythmic structure doesn't align with these visual changes.  There's no discernible synchronization between the musical beats and the video cuts, creating a sense of rhythmic independence between the two.  The lack of synchronization contributes to the overall feeling of the music being overlaid onto the video rather than being integrally woven into its fabric.

Theme and Content:  Thematically, the video and music don't align. The video centers on a comparison of popular sweets from India and Pakistan, drawing a parallel with an India-Pakistan cricket match.  The music, on the other hand, is a generic pop track with no discernible thematic connection to food, sports, or South Asian culture. This thematic disparity results in a lack of coherence between the two, with the music failing to enhance or complement the video's narrative.

Emotion: The video exudes a lighthearted and creative energy as the presenter compares the sweets. While there is some appreciation expressed for the foods, the overall tone is fairly neutral, perhaps leaning slightly towards amusement.  In contrast, the music projects a distinct pop vibe which doesn't particularly evoke any strong emotions.  The emotional tone of the two remains separate, with the music not significantly impacting or elevating the video's emotional message.

Cultural Relevance:  Neither the music nor the video leverages cultural elements in a significant way. While the video focuses on a food comparison specific to India and Pakistan, the music itself remains culturally neutral.  The video mentions both countries and briefly shows a cricket player, but these references aren't mirrored or reinforced in any way by the music. The absence of shared cultural elements further contributes to the overall disconnect between the audio and visual components.
",train,True,data/revision/videos/8QGPcEmeHsY.mp4,27.633333333333333,,7308333343fc915008b15394b7115e02304bae05a119fcce6edf927ac6a108ff
11831,8RQjHlBlh1k,https://www.youtube.com/watch?v=8RQjHlBlh1k,"Rhythm and Synchronization: The music maintains a consistent, upbeat tempo throughout the video. This fast pace complements the rapidly changing scenes, particularly noticeable during the accident sequence (0:00-0:02) and the montage of the girl's recovery (0:07-0:10). While the music generally complements the video's quick cuts, there are moments where the synchronization is more noticeable and others where it’s less so. For example, at 0:03, there's a scene transition where the music continues without a noticeable change, creating a sense of continuity despite the visual shift.  This rhythmic approach underscores the swift progression of the narrative and the girl's journey towards acceptance and achievement.

Theme and Content: The music and video present a thematic dissonance. The upbeat, almost celebratory nature of the music contrasts sharply with the initial tragedy depicted in the video. While the video eventually shifts to portray overcoming adversity and achieving a dream, the music doesn't capture the nuanced emotions of loss, grief, and subsequent resilience effectively.  The music could be interpreted as a general backdrop of hope, but it doesn't specifically reflect the narrative arc of the video.

Emotion: The video evokes a complex range of emotions, starting with fear and sadness during the accident, transitioning to despair and vulnerability in the hospital scenes, and finally culminating in confidence and joy as the girl dances on stage. The music, however, remains consistently upbeat, making it emotionally disconnected from the initial trauma and the subsequent emotional journey. This disconnect creates a jarring effect, especially during the more somber scenes.  While the music's uplifting tone might align with the ultimate triumph of the girl, it doesn't fully resonate with the spectrum of emotions portrayed in the video.

Cultural Relevance: Neither the video nor the music appears to have specific cultural elements tied to any particular geographical region or tradition. The story of overcoming adversity and achieving a dream is universal, and the music itself is generic and doesn't contain any discernible cultural markers. The lack of cultural specificity allows for a broader interpretation and relatability but doesn't offer any unique cultural insights.
",val,True,data/revision/videos/8RQjHlBlh1k.mp4,16.3,,2325cd9035d1147d8f6ad3d8abb378b25124af479c3cf4f524e78a1504853e63
7386,8alJ6nczMmw,https://www.youtube.com/watch?v=8alJ6nczMmw,"Rhythm and Synchronization: The music maintains a consistent medium tempo throughout the video. While the video transitions between different scenes showcasing various basketball courts and months, the music doesn’t specifically synchronize with each cut. For example, the transitions at 0:04, 0:19, and 0:36 don’t coincide with any discernible change in the music's rhythm or melody. This consistent musical backdrop suggests a deliberate choice to prioritize a smooth, continuous auditory experience over sharp, synchronized transitions, reflecting the laid-back, playful nature of the video's content.

Theme and Content: The video presents a lighthearted concept connecting birth months to different basketball court scenarios, demonstrating basketball tricks in diverse settings like a snowy court in January, a rainy court in April, a sunny court in June, and a spooky street scene in October. While the music’s theme isn’t directly related to basketball or the calendar, it doesn’t clash with the video’s overall message. The music acts as a pleasant, energetic backdrop to the visual narrative.  However, the lack of a direct thematic connection means the music doesn’t specifically enhance the video's core concept.

Emotion: The music evokes feelings of relaxation and cheerfulness, creating a positive and carefree atmosphere.  The video itself leans towards energetic and playful, showcasing basketball trick shots, which aligns with a lighthearted and positive tone.  Although both music and video share a generally positive vibe, they express different facets of it. The music is more calming, while the video focuses on dynamic movement and playful presentation.  Consequently, the music doesn't necessarily amplify the emotional impact of the video, but instead provides a complementary emotional layer.

Cultural Relevance: Neither the music nor the video seems to incorporate any specific cultural elements or geographical references. The video focuses on universal themes of basketball and the changing seasons, using generic representations of weather and court conditions. The music, similarly, lacks any discernible cultural markers. This makes the pairing relatively neutral in terms of cultural relevance, as neither element introduces a specific cultural context that might clash or resonate with the other.
",train,True,data/revision/videos/8alJ6nczMmw.mp4,54.13333333333333,,74624d6ce1bbc2d32d02b559bab13d45089eca54102467ce2bfee3af7dc726a4
44464,8wdxJt3T3pA,https://www.youtube.com/watch?v=8wdxJt3T3pA,"Here's an analysis of the provided video and music, incorporating the nuances suggested by the labels:

**Rhythm and Synchronization:** The music maintains a medium, steady tempo throughout. The video, which depicts a woman drawing a figure in the sand, has a relaxed pace. There's a slight shift in the music around the 38-second mark, but it doesn't correlate directly with any specific action or transition in the video.  Overall, the rhythmic relationship between the two is weak. The video's actions, primarily the consistent drawing motion, don't have a distinct rhythmic pattern that interacts with the music. The lack of synchronization is further highlighted by the fact that the visual focus remains on the gradual creation of the sand drawing, without significant changes in scene or action that could potentially align with the musical flow.

**Theme and Content:** The music and video present a thematic mismatch. The music, a devotional song about a mother, doesn't align with the video's focus on sand art. The video lacks a clear narrative; it showcases a creative process without explicitly conveying a message. As such, the music doesn't supplement any narrative or enhance any particular message. The video is primarily visual, focused on the act of creating the sand art, while the music's lyrics express a personal devotion. This difference in focus contributes to the thematic dissonance.

**Emotion:**  The video evokes a sense of calm and appreciation for the artistry displayed. The woman's focus and the steady progress of the drawing suggest a relaxing atmosphere. However, the devotional song carries a different emotional tone. The lyrics and melody suggest a feeling of longing and reverence, focusing on themes of love and gratitude.  The music doesn't amplify the video's relaxed emotional tone; instead, it introduces a distinct and unrelated emotional layer. This misalignment creates an emotional disconnect.

**Cultural Relevance:** Neither the video nor the music prominently features cultural elements. The sand drawing itself doesn't appear to represent any specific cultural symbol or tradition. Similarly, the song, while devotional, doesn't incorporate any specific geographic or cultural references that could be linked to the video's content. The setting and attire of the individuals in the video might suggest a particular region or cultural background, but without further context, these details remain ambiguous.  There's no clear shared cultural ground between the auditory and visual elements.
",test,True,data/revision/videos/8wdxJt3T3pA.mp4,56.8,,232deea79c46d39909f2118cc36c67962bdf8e783da4e64bd34542c184cf18d8
26851,8zRR8Y78OwI,https://www.youtube.com/watch?v=8zRR8Y78OwI,"Rhythm and Synchronization: The music's fast tempo perfectly matches the energetic pace of the video. While there aren't distinct transitions throughout the video where the music synchronizes perfectly, the overall rhythm and pulse of the music consistently underscore the energy and movement on screen.  The steady beat, for instance, aligns well with the crowd's dancing and the performer's movements, creating a sense of constant motion and excitement. This cohesion in rhythm and pace maintains the video's dynamism and amplifies the sense of a live performance.

Theme and Content: The song's theme of struggling to move on from a past relationship, although relatable, doesn’t directly correlate with the video's content, which focuses on a DJ performing at a lively club. The lyrics express a sense of internal conflict and longing, while the visuals portray outward exuberance and shared energy within the club environment.  The video functions more as a backdrop for the song than as a direct narrative representation of the lyrics. While thematically independent, the video’s energy doesn't clash with the song's message.

Emotion: The music and video present a fascinating contrast in emotional tone. The lyrics evoke feelings of melancholy and longing, reflecting on the pain of a past love.  However, the video’s visuals pulsate with energy and excitement. The DJ's enthusiastic performance, the crowd's lively dancing, and the vibrant lighting all contribute to a joyful and upbeat atmosphere.  This juxtaposition creates a compelling tension between what's heard and what's seen. The video, through its sheer vibrancy, may actually distract somewhat from the raw emotion of the lyrics.

Cultural Relevance: Neither the music nor the video seem to lean on specific cultural elements. The setting of a generic club and the DJ's fairly universal style of performance avoid any strong cultural markers. The focus remains on the individual experience conveyed by the lyrics and the shared excitement of a live music event, making both music and video accessible across various cultural contexts. There isn't any discernible geographic reference in either the video or music.
",train,True,data/revision/videos/8zRR8Y78OwI.mp4,37.3,,f46d67e54e032b37ae76a3a48d1fcdb79027cc11e58cda49b0d9e786b0db2db4
4177,9-D84vX_WuM,https://www.youtube.com/watch?v=9-D84vX_WuM,"Rhythm and Synchronization: The video features two distinct scenes. The first scene, from 0:00 to 0:05, shows a woman in casual attire against a plain background. Her movements are energetic and playful, incorporating elements of dance. The second scene, starting at 0:05, features the same woman in a different outfit, against a backdrop with dynamic lighting and floating particles.  Her movements in this section are more fluid and graceful. The music’s tempo and rhythm change precisely at the 0:06 mark, coinciding with the visual transition. This synchronization enhances the impact of the scene change and creates a sense of rhythmic coherence between the music and the video.  While the music maintains a generally upbeat tempo throughout, the shift in its rhythmic complexity at 0:06 reflects the change in the video's energy, moving from playful and bouncy to a smoother, more ethereal feel.


Theme and Content: The video showcases a transition between two different aesthetics, possibly representing different facets of the woman’s personality or artistic expression. The music, a Korean pop song, has a bright and cheerful tone. While the music's upbeat nature complements the energetic feel of both scenes, it doesn’t specifically enhance a particular narrative or message within the video. The themes of the music (likely about love or happiness given the genre conventions) and the video's visual transition don't appear to be directly related. The video seems more focused on visual presentation and stylistic change, while the music exists independently as a catchy tune.


Emotion: The video evokes feelings of energy, cheerfulness, and confidence through the woman’s expressions and movements. The music, with its upbeat melody and lively rhythm, also conveys a sense of joy and positivity. While both the video and music share a generally positive emotional tone, the specific emotions don't perfectly align. The video's focus is on displaying dynamism and transformation, whereas the music independently evokes feelings of happiness and perhaps romance. This slight dissonance in the specific emotions conveyed doesn’t detract significantly from the overall viewing experience, but neither does it greatly enhance the video's impact.


Cultural Relevance: The video itself doesn’t seem to feature any specific cultural elements. The music, being a Korean pop song, naturally carries the cultural context of the K-pop genre, but this doesn't intersect with the video's content in a meaningful way. The video could be paired with music from any culture without significantly altering its message or impact. There are no discernible geographical references in either the video or music that connect or clash. The lack of shared cultural elements leaves the relationship between the music and video primarily in the realm of aesthetic and emotional resonance rather than cultural significance.
",train,True,data/revision/videos/9-D84vX_WuM.mp4,13.4,,6a678694482ff3d0bb21c00468babe34b44ad4470f71c9227f999f407c788a03
30736,947aj0MO-9s,https://www.youtube.com/watch?v=947aj0MO-9s,"Rhythm and Synchronization: The music's tempo is generally moderate, with a noticeable rhythmic shift occurring at the 18-second mark, coinciding precisely with a transition in the video where the presenter shows two different colored earbuds cases.  This synchronization at 0:18 creates a sense of punctuation, emphasizing the visual comparison being made. However, the overall rhythmic relationship between the video and music is largely unrelated.  The video features numerous cuts and shifts in focus as the presenter shows different aspects of the product, but the music doesn't consistently react or synchronize with these visual changes. The lack of rhythmic coherence for most of the video suggests that the music wasn't specifically composed or edited for this video. 

Theme and Content: The video showcases a product review of earbuds, focusing on their features, packaging, and potential as a gift. The music, on the other hand, doesn't seem to specifically relate to electronics, technology, or gift-giving. It provides a general background atmosphere rather than directly enhancing or commenting on the video's message. The themes are indirectly related at best, with the upbeat nature of the music perhaps reflecting a general sense of positivity toward the product, but without any specific thematic connection.

Emotion: The video maintains a neutral and informative tone. The presenter focuses on describing the product's attributes without expressing strong emotions.  The music, though moderately upbeat, doesn't convey a specific emotion that strongly connects with the video's neutral tone.  There's no sense of joy, melancholy, or suspense. The music and video exist in separate emotional spheres, failing to create a unified emotional experience.  The music neither amplifies nor detracts from the video's message, primarily due to the absence of strong emotional cues from either element.

Cultural Relevance: Neither the video nor the music contains any immediately discernible cultural elements or geographical references. The video focuses on a universally recognizable product – earbuds – and presents them in a relatively generic setting.  The music, too, lacks any specific cultural markers or stylistic cues that might suggest a particular region or tradition.  Thus, there are no cultural elements to analyze or compare between the two, signifying an absence of cultural relevance in this specific context.
",train,True,data/revision/videos/947aj0MO-9s.mp4,18.233333333333334,,428e14ef85ef375c497bb1c1f0d5d690faa3117042e13ae68cfa9b5ca2c04af1
28650,94MbtwkNhRA,https://www.youtube.com/watch?v=94MbtwkNhRA,"Rhythm and Synchronization: The music's fast, upbeat tempo contrasts sharply with the relatively slow and deliberate pace of the video. The video primarily features two individuals interacting, with one seemingly directing the other for a photoshoot.  There's a lack of significant dynamic movements or frequent transitions for the music to synchronize with. However, the transition at 0:14, coinciding with a cut to a close-up of the subject wearing sunglasses, is perfectly synchronized with a shift in the music. This single point of synchronization doesn't establish a coherent rhythmic relationship between the audio and visual elements. For the rest of the video, the rapid beat of the music feels superimposed rather than integrated, further highlighting the mismatch in pacing.

Theme and Content: The music's theme doesn't appear to complement the video's content.  The music's energetic and possibly celebratory tone doesn't align with the seemingly casual and tranquil atmosphere of what looks like an amateur photoshoot. There's no clear narrative being conveyed in the video, and the music doesn't add any discernible layer of meaning or enhance a nonexistent storyline. The content of the video, focusing on posing and camera work, clashes with the vibrant and possibly celebratory feel of the music.

Emotion: The video evokes a sense of tranquility and relaxation, perhaps due to the calm interactions of the individuals and the static nature of the shots.  The music, on the other hand, projects a more lively and perhaps even joyful mood. This creates a dissonance between the emotional tones of the video and audio components. While the music is consistently upbeat, the video maintains a steady, calm emotional landscape, creating a mismatch.  The music, rather than elevating the emotional impact, distracts from the overall serene mood of the visual content.

Cultural Relevance: Neither the music nor the video exhibit any readily identifiable cultural elements. The setting appears generic, and the clothing worn by the individuals offers no specific cultural clues. The music, too, lacks distinctive cultural markers. There are no apparent geographical references in either the video or the music. The lack of cultural elements, though consistent between the video and audio, doesn't actively contribute to a cohesive or meaningful relationship between the two. They remain separate and unrelated in this aspect.
",val,True,data/revision/videos/94MbtwkNhRA.mp4,18.333333333333332,,ec0a0b222c688b5bcb5af02954d4fff9bcfdac33c28492df5ad712da38b0bbe5
43393,9L5DsAy56AA,https://www.youtube.com/watch?v=9L5DsAy56AA,"Rhythm and Synchronization: The video depicts the installation of a car stereo system. The pace of the video is relatively constant, showcasing the various steps involved in a straightforward manner. The music, a fast-paced, rhythmic track, doesn't synchronize with the actions in the video. The video transition at 0:01, where the camera moves from outside the car to the interior, has no corresponding change in the music.  This lack of synchronization persists throughout the video; the music maintains its rapid tempo while the actions in the video progress at a more measured pace.

Theme and Content: The video focuses on a practical task—installing a car stereo. The visuals are functional, showcasing the process of removing the old stereo and installing the new one. The music, however, seems unrelated to this theme.  The lyrics suggest a romantic or celebratory context, which clashes with the purely practical and technical nature of the video content.  There's no apparent link between the upbeat music and the act of installing a stereo.

Emotion: The video is devoid of strong emotions. It's a simple, instructional video showcasing a task. The focus is on the technical aspects, not on conveying any particular feeling. The music, in contrast, has a more energetic and celebratory mood. This upbeat quality doesn't align with the neutral, almost detached, emotional tone of the video.  The mismatch in emotional tone further emphasizes the disconnect between the two elements.

Cultural Relevance: Neither the video nor the music appear to have strong cultural ties. The video could be understood in various cultural contexts as a simple car stereo installation. While the music might have some cultural roots based on its language and style, it doesn’t appear to be specifically tied to the video’s content. In essence, the video and music exist independently in terms of cultural expression, without any discernible connection or shared cultural significance.
",test,True,data/revision/videos/9L5DsAy56AA.mp4,35.266666666666666,,26b344e438304afadf1fd8e73aceffb5833befda98821c529d3d64719bd6262d
14704,9Pvcz8KkKiY,https://www.youtube.com/watch?v=9Pvcz8KkKiY,"Rhythm and Synchronization: The music maintains a medium tempo throughout, generally aligning with the swimmer's pace in the pool. The repetitive, driving rhythm of the music mirrors the cyclical nature of the swimmer's strokes. There's a noticeable shift in the music at the 10-second mark, coinciding with a change in the video's focus. This synchronized moment enhances the rhythmic coherence, linking the auditory and visual elements effectively, as the music seems to emphasize the swimmer's transition to a different section of the pool and subtly shifts in energy and intensity.


Theme and Content: While not directly related, the music's theme of relentless, driving energy indirectly complements the video's content, which showcases the dedication and repetitive effort required for athletic training. The music provides a backdrop of consistent energy and drive, reflecting the swimmer's continuous exertion. This creates a sense of forward momentum and purpose, contrasting with the confined space of the training pool, creating a narrative of striving against limitations. This subtle contrast adds an interesting layer of interpretation to the video.


Emotion: The music evokes a sense of energetic determination and focus, while the video depicts a swimmer engaged in a demanding workout, displaying elements of energy, cheerfulness (perhaps from the accomplishment of the exercise), and a certain degree of relaxation within the controlled environment. Although the musical style might not completely mirror the nuanced relaxation seen in the swimmer, the overall emotional atmosphere is partially consistent. The driving beat of the music adds intensity and reinforces the impression of focused effort, elevating the emotional impact of the video by adding a layer of dynamism.


Cultural Relevance: Neither the music nor the video seem to have overt cultural elements. The setting is a standard training facility, and the music is relatively generic electronic music. The visible signage mentions ""Tenerife"", indicating a geographical location, but this element doesn't interact with the music and plays a minor role, primarily serving as an identifier of the training facility.  Thus, there are no meaningful shared cultural elements between the audio and visual components.
",train,True,data/revision/videos/9Pvcz8KkKiY.mp4,26.266666666666666,,066adc939cadad3e4098ad663b0de620e487d3101b0a5020127dc935ed4a04f3
35972,A4GPLn69m-g,https://www.youtube.com/watch?v=A4GPLn69m-g,"Rhythm and Synchronization: The music maintains a consistent, upbeat tempo throughout the video.  However, there is a disconnect between the rhythmic flow of the music and the visual changes in the video. The video itself doesn't feature distinct cuts or transitions; rather, the performer's movements and expressions shift.  These shifts don't align with any particular rhythmic element of the music, creating a sense of rhythmic independence between the audio and visual components.  The music seems to serve as a backdrop rather than being directly integrated with the visuals.

Theme and Content: The song's lyrics, about romantic pursuit and confidence, don't directly relate to the video's primary message, which is an announcement of a concert tour.  The video focuses on the performer's excitement about the tour and provides logistical details, while the music explores themes of love and attraction. While there's no direct thematic contradiction, the two elements exist in separate spheres.  The song doesn't explicitly enhance or detract from the video's core message.

Emotion: The video clearly conveys excitement and happiness, as the performer enthusiastically shares the news of her upcoming tour. The music, with its energetic and fast tempo, evokes a generally positive and uplifting mood. However, the song's focus on romantic pursuit adds a layer of playful confidence and perhaps a hint of flirtation that isn’t directly mirrored in the video's more straightforward expression of joy about the tour.  While both video and music project positivity, the specific emotional nuances aren’t fully aligned.

Cultural Relevance: Neither the music nor the video prominently feature any specific cultural references. The tour announcement graphic mentions Australia, and the venues listed are Australian locations, which grounds the video geographically. The music, however, contains no such locational or cultural markers.  The video's focus is on the practical information related to the tour within a specific geographical context, while the music remains culturally neutral.  This absence of shared cultural elements further contributes to the sense of separation between the audio and visual aspects.
",train,True,data/revision/videos/A4GPLn69m-g.mp4,15.5,,691aaa22cd704d75c317abf1e67c81363ae28e3d5f18d36b2b902c36ef0e8b97
20085,A8R4bc6jR_c,https://www.youtube.com/watch?v=A8R4bc6jR_c,"Rhythm and Synchronization: The music's moderate tempo aligns well with the leisurely pace of the video, which showcases a series of wedding day moments. The overall flow feels relaxed and unhurried. While there aren't pronounced, tightly synchronized edits to musical cues throughout, the music maintains a steady, supportive presence beneath the shifting scenes.  At the 3-second mark, there is a transition in the video, but the music continues without a noticeable change. This gentle approach to synchronization complements the video's focus on capturing the natural, unfolding joy of the day, rather than creating a highly stylized or edited feel.

Theme and Content: The song's lyrics speak of love, devotion, and finding completeness in a partner, which indirectly relates to the wedding theme of the video. While the lyrics aren't directly about marriage, the underlying message of love resonates with the visual narrative of a couple celebrating their commitment.  The music adds depth and romantic sentiment to the video, enhancing the viewing experience.

Emotion: The music's upbeat yet tender style complements the video's overwhelmingly joyous and romantic atmosphere. The video captures the couple's happiness and the relaxed intimacy of their celebration. The music amplifies these emotions, contributing to a sense of warmth and affection.  While the video primarily exudes happiness and romance, the music adds another layer, contributing a sense of comfortable relaxation to the overall emotional tone. This blend creates a richer emotional tapestry than the video alone would provide.

Cultural Relevance:  The video and music don't appear to share specific cultural elements. The video focuses on the universal experience of a wedding celebration, without overt references to a particular culture.  Similarly, the music’s theme of love and commitment is broadly relatable across cultures. The absence of distinct cultural markers allows the video and music to resonate with a wider audience, emphasizing the shared human experience of love and celebration.
",train,True,data/revision/videos/A8R4bc6jR_c.mp4,59.53333333333333,,b4eff55172562fe9124a8efa3faa9d919f4d81ab77e55f5d34ce1e9db0275d7a
32403,AKOLZUJKVRY,https://www.youtube.com/watch?v=AKOLZUJKVRY,"Rhythm and Synchronization: The music maintains a consistent, medium tempo throughout the video. However, there’s a disconnect between the visual and auditory rhythms.  The video features a series of quick cuts showcasing different fashion DIYs, creating a dynamic and visually changing experience.  Despite these shifts in the video's pacing, the music remains constant, not adapting to or emphasizing the transitions between scenes.  This lack of rhythmic interplay results in a feeling of detachment between the music and the visual narrative.


Theme and Content: The video focuses on demonstrating fashion tips and DIY clothing alterations. The upbeat pop song, on the other hand, centers on themes of moving on from a relationship.  This thematic mismatch is evident throughout, as the music's lyrics about heartbreak and independence clash with the video's focus on creative fashion projects. The music doesn't reinforce or add to the video's message, creating a disconnect between the two.


Emotion: The video projects a cheerful, energetic vibe as the presenter demonstrates each fashion transformation with confidence and enthusiasm.  The music, while upbeat, carries a contrasting emotional tone.  It expresses a sense of independence and moving forward after a breakup. While both the music and the video exhibit a certain level of energy, their underlying emotional messages don't align. The music doesn't intensify the video's lighthearted and creative feel, but rather creates a somewhat jarring contrast.


Cultural Relevance:  Neither the video nor the music strongly evoke specific cultural elements. The video showcases generic fashion alterations and the music’s theme of moving on after a relationship is universal.  There are no noticeable geographical references in either, and consequently, no cultural alignment or dissonance between them. The focus of the video is solely on the fashion DIYs, while the music’s message is personal and relatable across cultures.
",train,True,data/revision/videos/AKOLZUJKVRY.mp4,54.64,,295ddbd13a93833f81867a3ffd077395430fef5069f232bc43054e4f00ce1f5c
15063,AV23KW-8je4,https://www.youtube.com/watch?v=AV23KW-8je4,"Rhythm and Synchronization: The music and video demonstrate a mismatch in rhythm and synchronization. The music maintains a relatively constant, slow, and melancholic tempo throughout.  The video, however, has varied pacing. Initially, the woman in the video speaks with a certain rhythmic cadence, creating a subtle internal rhythm to the visuals. However, there is no discernible link between this visual rhythm and the musical rhythm. There are also no significant cuts or transitions in the video that align with changes in the music. This lack of synchronization, combined with the differing tempos, creates an overall sense of rhythmic incoherence between the audio and visual elements.

Theme and Content: The thematic disconnect between the music and the video is quite apparent. The video focuses on a woman expressing emotions related to her father, seemingly grief or longing, indicated by the text overlay ""Dad Love"".  The music, a slow, mournful melody, might suggest loss or sadness, but its specific thematic content is unclear and doesn't explicitly connect to the father-daughter relationship depicted in the video. The music does not enhance or support the narrative being conveyed by the video; rather, it creates a somewhat disjointed experience for the viewer.

Emotion: While both the video and the music evoke a sense of sadness, they do so in ways that don't quite complement each other. The woman’s expressions and tone of voice in the video clearly convey sadness and possibly grief. The music, with its slow tempo and somber melody, also expresses sadness. However, the music’s emotional tone feels somewhat generic and lacks the specific, personal quality of the emotion expressed in the video. This results in a lack of emotional coherence.  Instead of elevating the emotional impact of the video, the music feels somewhat detached and even distracting.

Cultural Relevance: Neither the music nor the video appears to contain any strong cultural markers. The video focuses on a universal theme of familial love and loss, making the specific cultural context less important.  The music, too, feels culturally neutral. There are no discernible geographical references or musical styles that suggest a particular cultural origin. This lack of identifiable cultural elements further reinforces the unrelated nature of the audio and visual components.
",test,True,data/revision/videos/AV23KW-8je4.mp4,29.7,,44ca88e5b50e3d8ddcfdc5b66b95295888f356f20f3749e472c15474d1e9913e
42936,Aj4smCRA0PU,https://www.youtube.com/watch?v=Aj4smCRA0PU,"Rhythm and Synchronization: The video maintains a consistent, medium pace throughout, showcasing the phone and its accessories. The music also follows a relatively steady rhythm. While there aren't sharp transitions or distinct moments of perfect synchronization between visual changes and musical shifts, the overall flow of the video and the music’s rhythm complement each other. The steady beat of the music supports the methodical unveiling of the phone’s features and included items.


Theme and Content: The video focuses on a product review of the Motorola Edge 30 Fusion, highlighting its unique features like the vegan leather back and Pantone color. The music, a generic upbeat track, doesn't specifically relate to technology or product reviews. While the music's positive vibe might indirectly support the presenter's generally favorable impression of the phone, the content itself doesn't enhance or directly relate to the core message of the video.


Emotion: The video presents information about the phone in a neutral, almost factual tone. The presenter expresses mild enthusiasm about certain features, but the overall emotional impact is minimal. The music carries a slightly more positive and upbeat feel, yet it still remains within a relatively neutral emotional range. Therefore, while the levels of emotional intensity don't perfectly align, they remain consistent within a broader sense of calm and un-exaggerated presentation.


Cultural Relevance: Neither the video nor the music contains strong cultural markers. The video's focus is purely on the product, while the music is a generic, broadly appealing track without distinct cultural ties. This absence of pronounced cultural elements in both the video and music renders them culturally unremarkable and unrelated in that respect.
",train,True,data/revision/videos/Aj4smCRA0PU.mp4,49.983266666666665,,98973e04a0a9d915c1565473ab1c0744982bc2e9c5a16ab6145d41b003ae4289
19260,B3EHw5KvcUs,https://www.youtube.com/watch?v=B3EHw5KvcUs,"Rhythm and Synchronization: The video features a relatively fast pace, showcasing a dynamic performance with a lot of movement and action. However, the music, despite having an upbeat tempo, doesn't seem to align rhythmically with the video's actions or transitions.  There's a disconnect between the visual and auditory rhythms, creating a sense of disjointedness.  The absence of distinct synchronization points further contributes to this perception.

Theme and Content: The video appears to be a snippet of a musical theater performance, possibly a high school or amateur production, featuring a character in a long coat interacting with other performers in brightly colored costumes. The music, a pop song with a romantic undertone, doesn't seem to complement the apparent themes of the performance. The lyrics of the song speak of personal emotions and relationships, while the video presents a broader, more theatrical narrative. This thematic mismatch creates a disconnect, preventing the music from enhancing or clarifying the video's message.

Emotion: The video projects a cheerful and energetic mood, with performers engaging in lively choreography and expressive interactions.  The music, although upbeat, conveys a different kind of emotion – perhaps more reflective or introspective than the outright joyfulness of the video. This emotional disparity prevents the music from amplifying the video's impact. The emotions presented by both mediums seem to exist independently, failing to create a unified emotional experience.

Cultural Relevance: Neither the video nor the music appear to have any strong or specific cultural ties. The video seems to focus on a generic performance setting, lacking any distinct cultural markers. The music, similarly, has a universal pop sound without identifiable cultural influences. The absence of shared cultural elements further emphasizes the disconnect between the video and the music.
",train,True,data/revision/videos/B3EHw5KvcUs.mp4,17.833333333333332,,b74626caddae6c3d32850a26758946547730f9edec8fc8caa2f1c87818b25f49
3581,B4zFPRspiR4,https://www.youtube.com/watch?v=B4zFPRspiR4,"Rhythm and Synchronization: The music's fast tempo generally aligns with the energetic pace of the video, which showcases a variety of activities. There's a noticeable shift in the video's content around the 8-second mark, transitioning from scenes of the woman in professional attire to more casual and recreational settings. While this shift isn't perfectly synchronized with a change in the music, there's a subtle shift in the musical phrasing close to this transition, almost like a subtle acknowledgment of the video's change in mood. Overall, while not perfectly synchronized throughout, the music's consistent energy complements the quick cuts and dynamic visuals, maintaining a sense of rhythmic coherence.

Theme and Content: The video presents a contrast between weekday professional life and weekend leisure, highlighting the different facets of the woman's life. The music, however, doesn't explicitly reflect this thematic duality. Its upbeat and celebratory tone suits the weekend portions of the video, but feels somewhat disconnected from the scenes depicting her work life. The music doesn't add any narrative depth or enhance the video's core message, resulting in a thematic dissonance.

Emotion: The video evokes a mix of emotions. The weekday scenes, showing her in a medical setting, project a sense of purpose and focus, perhaps even a bit of seriousness. In contrast, the weekend scenes are filled with energy, cheerfulness, and relaxation, as seen in her dancing, socializing, and enjoying different environments. The music, with its consistently upbeat tempo and celebratory feel, effectively captures the joy and energy of the weekend scenes.  However, this same musical style clashes with the more serious tone of the weekday scenes, creating a degree of emotional incoherence. While the music intensifies the positive emotions of the weekend segments, it doesn't resonate with the full spectrum of emotions presented in the video.

Cultural Relevance: The video features several cultural elements, most notably in the clothing worn by the woman. Her attire during the weekend scenes appears to be traditional South Asian clothing, adding a layer of cultural specificity to the visuals. While the music is also South Asian in origin, its overall style doesn't directly connect to the specific cultural contexts depicted.  There aren't any overt geographical references in the music or explicit visual cues beyond the clothing styles, making the cultural connection more implied than explicit. The alignment between the music and video in this aspect feels somewhat tangential, without a strong, unified cultural narrative.
",val,True,data/revision/videos/B4zFPRspiR4.mp4,15.966666666666667,,fd629a6fd5b0220c0cedd9d52444bf02d6f104aabdeb6233e4237e7ea208fd4d
17143,BRLaDbWCfQA,https://www.youtube.com/watch?v=BRLaDbWCfQA,"Rhythm and Synchronization: The music's fast-paced, electronic rhythm doesn't synchronize with the video's slower pace. The video features a static shot of a man talking, with minimal visual changes, which contrasts sharply with the energetic and dynamic feel of the music.  The lack of visual dynamism further highlights the rhythmic mismatch.

Theme and Content: The video's content focuses on the speaker's thoughts on overthinking and the influence of social media. This theme clashes with the upbeat and almost celebratory tone of the electronic music. The music doesn't support the video's message and instead creates a sense of dissonance, detracting from the speaker's serious tone.

Emotion: The video evokes a calm and contemplative mood as the speaker shares his perspective.  The music, however, conveys a sense of excitement and energy. This emotional disconnect undermines the video's intended tone. The music's upbeat nature clashes with the video's more introspective and tranquil ambiance.

Cultural Relevance: Neither the video nor the music seems to contain specific cultural elements. The video's subject matter—overthinking and social media—is universal, and the music's electronic style isn't tied to any particular cultural context.  The lack of cultural references in both video and music doesn't necessarily create a mismatch but rather reinforces the overall unrelatedness of the two elements.
",train,True,data/revision/videos/BRLaDbWCfQA.mp4,49.132416666666664,,a9ac0b5c8607f3e8fb6d31fb994dd3e8be3933ffa5ed6a7a12b757b212d89e71
26849,B_OQhPFOv30,https://www.youtube.com/watch?v=B_OQhPFOv30,"Rhythm and Synchronization: The music's tempo is generally upbeat and consistent, providing a lighthearted backdrop to the video. However, the rhythmic coherence strengthens at the 8-second mark when the scene transitions to the woman loading the wagon. This shift in the visuals coincides perfectly with a change in the music, creating a feeling of intentional synchronization. While the music maintains its overall tempo, this specific point of alignment emphasizes the action and adds a touch of rhythmic emphasis to the video. The rest of the video, showing the steady loading process, doesn't feature such prominent visual shifts, and the music continues without further noticeable synchronization moments, playing a more supportive than leading role rhythmically.

Theme and Content: The video depicts a practical task—packing mini cakes into a box and then onto a wagon. The music, on the other hand, has a playful, almost whimsical quality. There isn't a clear thematic link between packing baked goods and the tune accompanying the video. The music doesn't enhance the video's core message or narrative, which seems to be simply documenting a process. Instead, it provides a somewhat detached yet energetic auditory experience.

Emotion: The video conveys a sense of routine activity, seemingly devoid of strong emotions. The woman performs the task efficiently and methodically. In contrast, the music projects a cheerful, almost bubbly mood.  While the music might be perceived as pleasant, it doesn't directly relate to or enhance the emotional tone of the video. The emotional experiences of the audio and visual elements remain separate.

Cultural Relevance: The video primarily focuses on the activity of packing cakes, a common culinary practice across various cultures. While the act of preparing baked goods could be considered a cultural element, the video doesn't delve into any specific cultural context or tradition. Similarly, the music, though generically upbeat, lacks any discernible cultural markers or geographic references. Therefore, while both video and music touch upon a very broad area of human activity – food preparation – there's no specific or meaningful shared cultural relevance between them.
",train,True,data/revision/videos/B_OQhPFOv30.mp4,12.733333333333333,,9de51014dac8301451856b6b40a53eadcb895c03aa46c82b3effc410753cec7f
14289,Bf-huQ6hKUc,https://www.youtube.com/watch?v=Bf-huQ6hKUc,"Rhythm and Synchronization: The music's tempo is fast, maintaining a consistent, upbeat energy throughout. The video, depicting a salsa dance, also embodies a quick pace with the dancers' rapid movements and frequent changes in position. However, despite both the music and video possessing lively tempos, they are rhythmically disconnected. There are no discernible points where the music's beat aligns with the video's action or any noticeable transitions in the video that correspond to shifts in the music. This lack of synchronization creates a sense of detachment, where the music acts as a separate entity rather than an integrated component of the dance performance.


Theme and Content: The video's content focuses on the performance of salsa, a Latin American dance. The music, though upbeat, lacks a clear connection to salsa. It doesn't feature the distinct rhythmic patterns or instrumentation characteristic of salsa music.  This thematic dissonance is evident throughout, creating a sense of disconnect between what is seen and what is heard. The music doesn't enhance or contribute to the video's message, simply acting as a background track unrelated to the main activity.


Emotion: The video presents a relatively neutral emotional tone, with the dancers focused on executing the steps and the overall atmosphere of the dance studio appearing relaxed and informal. The music, while energetic, doesn't evoke a strong emotional response. It could be described as generally upbeat, but not particularly joyful, melancholic, or suspenseful.  Due to the thematic disconnect and lack of rhythmic synchronization, the music doesn't amplify any emotional impact the video might have.


Cultural Relevance: The video features salsa dancing, a dance style with strong cultural ties to Latin America.  The video subtly hints at this with a ""Dance Diaries"" logo incorporating the colors of the Brazilian flag. However, the music lacks any discernible cultural elements relating to salsa or Latin America. This absence of shared cultural markers further emphasizes the disjointedness between the audio and visual aspects. The music doesn't reinforce or add to the cultural context presented by the video's portrayal of salsa dancing.
",val,True,data/revision/videos/Bf-huQ6hKUc.mp4,13.2,,bc04793313749aec6594ba7b979c2c097fd3135d8dfb2521ad2c141cc73b1e6f
17480,Bss5UZEUNvU,https://www.youtube.com/watch?v=Bss5UZEUNvU,"Rhythm and Synchronization: The video maintains a consistent, slow pace throughout, primarily showcasing the pianist's hand moving across the piano keys. Since there are no distinct visual transitions or cuts within the video, the music, while present, doesn't have opportunities to synchronize with any specific visual changes. The music flows continuously, mirroring the steady demonstration of the musical technique. This creates a sense of rhythmic coherence in that both video and music proceed at a calm, unhurried pace, even though there are no sharp transitions to synchronize with.

Theme and Content: The video content focuses on a specific piano technique called chromatic approach chords. The music played throughout the video demonstrates and exemplifies this technique. Each chord progression shown corresponds with the narrator's explanation, providing an audible demonstration of the technique being described. This creates a direct and supportive relationship between the visual and auditory elements. The music serves as a practical example of the concept being explained, reinforcing the educational nature of the video.

Emotion: The video portrays a sense of confident instruction, relaxed demeanor, and cheerful enthusiasm as the pianist shares his knowledge. The music itself, due to its instructional nature, doesn't convey strong emotions independently. It serves as a neutral background allowing the video's message to be clearly understood. Although the music doesn't add emotional weight, its clear and simple demonstration avoids dissonance with the overall positive and encouraging tone of the video.

Cultural Relevance: Neither the video nor the music seems to exhibit any particular cultural references or elements. The focus remains solely on a universal musical concept applicable across various cultures and musical traditions.  The lack of any specific geographical references or cultural signifiers reinforces the purely educational and technical nature of the content. This allows the video to resonate with a broader audience interested in learning about music theory, regardless of their cultural background.
",val,True,data/revision/videos/Bss5UZEUNvU.mp4,48.58186666666667,,8061b4108cf9e7401b60d1a7a883dce2d03a5dc8dcfaecabd40bfb5e0976fc75
32657,BwmZPMam2Ho,https://www.youtube.com/watch?v=BwmZPMam2Ho,"Rhythm and Synchronization: The music maintains a consistent, medium tempo throughout the video. However, there's a disconnect between the visual and auditory rhythms.  The video features a series of distinct facial exercises, each demonstrated for a brief period. These transitions between exercises don't align with any shifts or changes in the music. This lack of synchronization creates a somewhat disjointed experience, where the steady beat of the music feels superimposed on the segmented nature of the visual demonstrations. Because the video itself has minimal change and dynamism,  the absence of clear musical synchronization accentuates the sense of separation between the two elements.

Theme and Content:  The video provides instructional content about facial exercises for depuffing, focusing on practical techniques and self-care. The music, with its laid-back, somewhat romantic undertones, doesn't thematically connect with the practical nature of the video's instructions.  The musical theme doesn't seem to add anything to the educational message of the video. This disconnect diminishes the overall impact and coherence of the combined audio-visual presentation.

Emotion:  The video aims to evoke a sense of relaxation and appreciation for self-care practices. The visuals are straightforward and instructive, presenting a calming and positive atmosphere. The music, while generally pleasant, conveys a more romantic and somewhat melancholic sentiment, which clashes with the video’s intended emotion. The calm, appreciative mood of the video is contrasted by the music’s different emotional tone, resulting in a lack of emotional synergy between the two.

Cultural Relevance: Neither the video nor the music have any overt cultural references. The video focuses on a universal beauty practice, while the music has a generic, contemporary feel.  The lack of cultural elements in both further contributes to the sense of detachment between the two, reinforcing their unrelated nature.
",test,True,data/revision/videos/BwmZPMam2Ho.mp4,21.066666666666666,,9cf062de4478c6893dad396fc2760de2a1a5ae87f5fe3b1ace1bf9f4e8acfb8d
27792,BxDbYXqAzAw,https://www.youtube.com/watch?v=BxDbYXqAzAw,"Rhythm and Synchronization: The music, a festive Christmas tune, maintains a medium tempo throughout. The video, which discusses Mariah Carey's earnings from her Christmas hit, also proceeds at a relatively steady pace. While the video includes cuts between different visuals of Mariah Carey performing and the speaker discussing her financial success, there are no abrupt changes in the video's rhythm.  Since there are minimal transitions or dynamic shifts in the visual content, the consistent tempo of the music provides a suitable background without needing to specifically synchronize with visual changes.

Theme and Content: The video's content, focusing on the financial aspects of Mariah Carey's Christmas song, contrasts sharply with the purely festive and celebratory theme of the music. The music celebrates the joy of Christmas, while the video analyzes the song's economic impact, creating a thematic dissonance. The music does not enhance the video's message about financial planning and earnings; instead, it acts as a festive backdrop somewhat disconnected from the core narrative.

Emotion: The video maintains a neutral and informative tone, with the speaker presenting facts and figures without expressing strong emotions. This is labeled as ""no_emotion."" The music, in contrast, evokes feelings of joy, warmth, and Christmas cheer. This mismatch in emotional tone further contributes to the disconnect between the video and the music. The music's festive nature doesn't elevate the video's informational purpose.

Cultural Relevance: The video and music have some shared cultural elements related to Christmas, a major Western holiday. The music is a quintessential Christmas song, instantly recognizable for its association with the holiday. The video, by discussing Mariah Carey's Christmas hit, also touches upon the cultural significance of the song within the context of Christmas celebrations. However, beyond this surface-level connection, there isn't a deeper exploration of cultural elements. The focus remains primarily on financial aspects, without delving into the broader cultural context of Christmas traditions or the song's place within them. The ground truth labels confirm this observation, highlighting the lack of specific cultural elements beyond the Christmas theme and the absence of geographical references.
",train,True,data/revision/videos/BxDbYXqAzAw.mp4,48.37836712602523,,eeb2077cbfb63a5e7ea5f237ab01a23b50e6154acd41045c48fcf23adaf6bd1b
16191,C3bzFlhW7Rs,https://www.youtube.com/watch?v=C3bzFlhW7Rs,"Rhythm and Synchronization: The music maintains a medium tempo throughout, aligning with the generally calm pace of the video.  The video showcases scenes of flower petal arrangement, initially showing individuals arranging petals on a wet surface, then transitioning to a wider shot of a completed flower petal message. Although there are transitions within the video, such as the zoom effect at 0:10 and the change of view at 0:25, the music doesn't notably synchronize with these shifts. Instead, it provides a consistent, unvarying backdrop.  The lack of strong synchronization between musical cues and visual transitions doesn’t detract from the viewing experience but rather maintains a constant, relaxed vibe.

Theme and Content: The video content, focused on a honeymoon celebration, suggests themes of love, romance, and new beginnings, illustrated by the flower petal arrangement wishing the couple well. In contrast, the music conveys a sense of personal growth, resilience, and self-reliance. This thematic disconnect creates a stark contrast between the visual and auditory elements. The upbeat nature of the music doesn't directly supplement the visual narrative of the honeymoon celebration.

Emotion: The video evokes feelings of relaxation and appreciation, primarily due to the tranquil setting and the meticulous, visually appealing flower petal art.  The music, with its confident and optimistic tone, projects an air of self-assuredness and positivity. While both video and music evoke positive emotions, they do so in distinct ways. The relaxed atmosphere of the video contrasts with the more energizing feel of the music, resulting in a somewhat disjointed emotional experience.

Cultural Relevance: The video showcases a specific cultural practice, likely from Southeast Asia, evidenced by the traditional attire of the individuals arranging the petals and the architectural style of the buildings.  The music itself doesn't possess any overt cultural markers or geographical references, thus lacking any direct connection to the cultural context of the video. This absence of shared cultural elements further emphasizes the disconnect between the video and the chosen music.
",test,True,data/revision/videos/C3bzFlhW7Rs.mp4,28.666666666666668,,97fe076d7a56ac063929bd77b6d22ce82b7e029f014d542ede4511bc1a60cb01
25410,C78mQ8GPzwY,https://www.youtube.com/watch?v=C78mQ8GPzwY,"Rhythm and Synchronization: The fast-paced, upbeat tempo of the music aligns well with the quick movements of the skier in the video.  The overall rhythmic coherence is good, creating a sense of momentum and energy.

Theme and Content: While the themes aren't directly related, the music's energetic and slightly playful tone enhances the video's depiction of a somewhat unconventional activity – skiing on grass. The music adds a lighthearted dimension to the video, complementing the implied humor of ""skiing"" in the summer. However, the music doesn't tell a specific story or add a deeper layer of meaning to the video’s content.

Emotion:  The music and video both convey an energetic, lively mood, creating a sense of fun and excitement.  The music's upbeat tempo contributes to this, while the video’s visual of someone skiing on grass lends itself to a lighthearted interpretation.  While the music does enhance the overall feeling of energy and playfulness, it doesn't necessarily deepen the emotional complexity of the video. The emotional tone remains fairly simple and focused on a single feeling of energy.

Cultural Relevance: Neither the music nor the video has any strong cultural tie-ins. The scene could be taking place anywhere with grassy hills, and the music is fairly generic in its pop sound.  There are no discernible geographical or cultural elements present in either medium, so there’s no cultural alignment or dissonance to speak of. It's a rather universal scene with broadly appealing music.
",train,True,data/revision/videos/C78mQ8GPzwY.mp4,12.7,,b377c348deb4a61e29fc35fff081575aa285d4d32acce128445c3a051fdc5769
25233,C8lZDP3zbbI,https://www.youtube.com/watch?v=C8lZDP3zbbI,"Rhythm and Synchronization: The music's tempo is consistently slow and relaxed, featuring a laid-back groove and mellow instrumentation.  The video, however, portrays a more dynamic activity – snowboarding. This creates a rhythmic mismatch.  While the video includes a transition at the 2-second mark where the camera angle shifts, there's no corresponding change in the music. This lack of musical response to the visual shift further emphasizes the rhythmic disconnect between the audio and visual elements. The leisurely pace of the music doesn't reflect the movement and energy inherent in the snowboarding action.

Theme and Content: The video showcases a snowboarder's commute to work, highlighting an unconventional and adventurous lifestyle. The music, with its chill and relaxed vibe, doesn't directly relate to the theme of snowboarding or the implied excitement of such a unique commute. The lyrical content, which seems to focus on themes of love and relationships (based on the few audible lyrics), doesn't complement the video's focus on work and lifestyle.  This thematic dissonance detracts from the overall coherence of the combined audio-visual experience.

Emotion: The video projects feelings of happiness and cheerfulness as the snowboarder glides down the snowy slope.  This lighthearted and positive tone clashes with the music's more mellow and perhaps even slightly melancholic vibe.  While the music might evoke a sense of relaxation, it doesn't amplify or even complement the joyful emotion conveyed by the video. Instead, the contrasting emotional tones create a disconnect, potentially dampening the overall impact.

Cultural Relevance: Neither the video nor the music exhibit prominent cultural elements.  The video primarily focuses on the individual's activity and natural surroundings, while the music's style and (limited) lyrical content don't appear to be tied to any specific cultural context. This absence of shared cultural elements further contributes to the overall sense of disconnect between the two mediums.
",train,True,data/revision/videos/C8lZDP3zbbI.mp4,7.966666666666667,,bcf3c6906dff24ea2c42b7235874d4dc220461fa478bcb888be47fb36e9b1136
13491,CVMbC2Az59c,https://www.youtube.com/watch?v=CVMbC2Az59c,"Rhythm and Synchronization: The music maintains a medium tempo throughout, which generally aligns with the video's pace. The video showcases a series of relatively static shots of different agricultural practices, each lasting several seconds. The absence of frequent cuts or dynamic movements in the video means there aren't many opportunities for precise synchronization with the music. However, the consistent and moderately paced rhythm of the music provides a steady backdrop for the visual presentation of the different agricultural products and techniques, creating a sense of rhythmic coherence overall.

Theme and Content: The music's upbeat and slightly whimsical theme doesn't directly relate to the video's content, which focuses on agricultural practices in China.  The video presents information about unusual fruits and vegetables and unique farming techniques. While the music doesn't clash with the visuals, it doesn't enhance or supplement the video's informational nature either. It serves more as a background track than an integral part of the video's message.

Emotion: The video conveys a sense of satisfaction and wonder, highlighting the unique qualities of the presented agricultural products.  The people in the video appear happy and engaged in their activities, further reinforcing this positive emotional tone.  The music, with its cheerful and somewhat playful melody, partially echoes this positive sentiment.  While the emotions aren't perfectly matched, the music doesn't contradict the overall upbeat feeling of the video. It adds a layer of lightheartedness, although it doesn't significantly amplify the emotional impact of the visuals.

Cultural Relevance: The video focuses on agricultural practices specific to China, making geographical references through the visuals and the narration. However, the music itself doesn't have any discernible cultural ties or geographical markers. The musical style is rather generic and doesn't reflect any particular cultural influences. Therefore, while the video is rich in cultural context, the music remains culturally neutral and doesn't add to or detract from the cultural relevance of the video's content.
",val,True,data/revision/videos/CVMbC2Az59c.mp4,31.3,,8cbce4c6147b4b4c0678179c38124eeb2563b2fb1e3c48c8d01a3ac7d9c7522f
27148,CVbIHK7pnOg,https://www.youtube.com/watch?v=CVbIHK7pnOg,"Rhythm and Synchronization: The music's tempo is medium, which generally aligns with the pacing of the video. The video features a woman walking down a city street, and while the shots switch between wider perspectives and closer views from a camera's LCD screen, the overall pace remains relatively consistent. Since the video has minimal change or dynamism, there aren't distinct transitions where hard cuts or visual shifts coincide with musical changes. The music flows smoothly, providing an even backdrop to the visual content. There's a subtle rhythmic coherence as the woman's strides and the gentle sway of the camera create a visual rhythm that doesn't clash with the music's steady beat. 

Theme and Content: The video showcases a model walking down a street, seemingly being filmed for a photoshoot or similar project. The music, a chill R&B track, doesn't directly relate to the subject matter of the video. There's no narrative being told, so the music doesn't enhance or detract from any particular storyline.  The video's focus is primarily visual – the model, her outfit, and the urban environment – while the music exists as a separate auditory layer. They coexist without a strong thematic connection.

Emotion: The video itself is emotionally neutral. It's a straightforward depiction of a model walking, and it doesn't evoke any specific feelings. The music, with its mellow and slightly sensual vibe, carries a subtle emotional undertone, but this doesn't directly interact with or influence the emotionless nature of the video. Thus, the emotional cohesion is unrelated.

Cultural Relevance: Neither the music nor the video contains overt cultural elements. The urban setting of the video is generic and could be found in various cities worldwide.  The music similarly lacks distinct cultural markers.  Therefore, there's no basis for analyzing shared or mismatched cultural references.
",train,True,data/revision/videos/CVbIHK7pnOg.mp4,9.445843828715367,,60593d56460820443b1624ab751ea6ececc522e2b3e9c69ae281a411131fa16c
33212,Cl99twnKKRc,https://www.youtube.com/watch?v=Cl99twnKKRc,"Rhythm and Synchronization: The music maintains a medium, steady tempo throughout, which generally aligns with the video's pace. The video itself has a consistent flow, showcasing a series of future technologies. Thus, while the music doesn't specifically synchronize to any particular transitions or actions, its consistent rhythm creates a backdrop that complements the steady, informative nature of the video showcasing various technological advancements.

Theme and Content: While both the music and video have a futuristic feel, they are indirectly related in their thematic content. The music evokes a sense of wonder and possibility, which could be associated with future advancements. The video, however, focuses on presenting specific technological changes anticipated in 2030, including smart glasses, AI assistants, high-speed transport, and smart homes. The music doesn't explicitly reinforce these specific themes, resulting in a thematic connection that is more suggestive than direct.

Emotion: The music has a hopeful and optimistic tone, creating a sense of anticipation. In contrast, the video presents information in a neutral, factual manner without any strong emotional overtones. This contributes to a partial consistency in emotional cohesion. The music adds a layer of positive anticipation, but it doesn't necessarily heighten the emotional impact of the factual information presented in the video.  

Cultural Relevance: Neither the music nor the video prominently feature any specific cultural elements.  The video includes glimpses of potential future technologies, some inspired by current advancements, while the music provides a generic futuristic soundscape. Consequently, there's no specific cultural overlap or geographical grounding connecting the two. They exist on a more universal plane of futuristic concepts and technological potential.
",train,True,data/revision/videos/Cl99twnKKRc.mp4,56.333333333333336,,e271b76dbb10bc63d01a975fce1f4e0b266e9deac80b95eb0776a02950c873fd
6448,CsQMI5gKvNg,https://www.youtube.com/watch?v=CsQMI5gKvNg,"Rhythm and Synchronization: The music maintains a slow and steady tempo throughout the video. This aligns well with the video's pace, which showcases a watercolor painting process.  The deliberate brushstrokes and the gradual emergence of the landscape scene are mirrored by the gentle, unhurried nature of the music. The video itself features minimal hard cuts or transitions, resulting in a smooth, continuous visual flow. This lack of abrupt changes complements the consistent, flowing nature of the music, creating a sense of rhythmic coherence and enhancing the calming effect. 

Theme and Content: The video depicts a simple art tutorial focusing on a tranquil landscape painting. While the music does not directly relate to the content of the tutorial itself, it provides a fitting backdrop for the artistic process.  The calmness of the music could be seen as indirectly related to the idea of relaxing one's mind while painting, but it doesn't specifically address the technique or subject matter shown in the video. 

Emotion: The music evokes a sense of tranquility and peacefulness, which partially aligns with the video's emotional tone. The act of painting, especially a landscape, often conveys a feeling of creativity, appreciation for nature, and perhaps even confidence in the artistic process.  The music's gentle and calming qualities support these emotions to some extent, encouraging a sense of relaxation and focus. However, the video also has a subtle element of joyful creation and quiet confidence as the artist brings the landscape to life. While the music's tranquility aligns with some of these emotions, it may not fully capture the nuance of the creative process.

Cultural Relevance: The video focuses on a universal artistic activity – painting – and doesn't emphasize any specific cultural elements. Similarly, the music has a generic, peaceful quality without any discernible cultural markers or geographic references. This absence of specific cultural elements in both the video and music contributes to their overall sense of broad appeal, making them accessible to a wide audience without any specific cultural associations. 
",train,True,data/revision/videos/CsQMI5gKvNg.mp4,58.8588,,f278f85c5b2c3cc16aaee5ee2e69d1a53796afec2d4898f8fd1f33c2b87d0128
7203,CzWYwKNMxaU,https://www.youtube.com/watch?v=CzWYwKNMxaU,"Rhythm and Synchronization: The video initially features a repetitive motion of a platform boot being placed on someone's head, creating a visual rhythm. The music's rhythm during this section is independent of this visual rhythm, creating a somewhat disjointed feel. However, a significant shift occurs at the 9-second mark. The video transitions abruptly to a different scene with a change in camera angle, and at this precise moment, the music also undergoes a noticeable change. This synchronization, marking a clear shift in both the visual and auditory narratives, introduces a feeling of intentional pacing, even if the preceding and succeeding rhythms aren't directly connected. Overall, while the video and music demonstrate varied pacing and independent rhythmic structures for the most part, the synchronized transition at 0:09 serves as a key moment of connection.

Theme and Content: The theme and content of the video and music are largely unrelated. The video seems to be focused on showcasing a particular aesthetic involving platform boots and alternative fashion, potentially with a humorous or playful undertone given the boot-on-head interaction. The music, on the other hand, is a pop song with lyrics about a romantic relationship. These two narratives don't interact or enhance each other in any meaningful way. The video doesn't illustrate the lyrics of the song, nor does the song comment on the actions in the video.

Emotion: The video exhibits a playful and energetic mood, even a bit chaotic at the start, creating a sense of lighthearted humor. The person having the boot put on their head seems to be taking it in stride. The second scene also conveys energy and confidence. The music, while upbeat and cheerful, carries a romantic tone that doesn't quite align with the video's playful and somewhat absurd energy.  While both have an energetic quality, the specific emotions don't completely overlap. The music's romanticism sits separate from the video's humorous, self-expressive focus. The music doesn't necessarily elevate the emotional impact, but it adds its own distinct layer.

Cultural Relevance: Neither the video nor the music appear to make any strong cultural references. The video showcases an alternative fashion aesthetic, but not one tied to a specific culture. The music, being a generic pop song, also lacks distinct cultural markers. Therefore, while there's no clash of cultural elements, there's also no meaningful intersection or reinforcement. Both are relatively culturally neutral within the context presented.
",train,True,data/revision/videos/CzWYwKNMxaU.mp4,15.033333333333333,,1532ba71088fc39f10066be7e5397214542e6f8721bea07b452cf06254c0fa9a
12084,DIXbV4H90QA,https://www.youtube.com/watch?v=DIXbV4H90QA,"Rhythm and Synchronization: The video features a split-screen format. The top portion displays a relatively static interview, with the interviewee using moderate hand gestures and a consistent speaking pace. The bottom section shows various scenes related to the subject of the interview, offering some dynamism through changing shots of a crowd and a figure moving amidst them. The background music is upbeat and has a medium tempo.  While the visuals in the bottom portion change a few times, these shifts do not correlate consistently with the music. However, at the 42-second mark, when the advertisement segment begins, the music transitions synchronously with the shift in visuals, creating a clear rhythmic alignment at that point.  Overall, the constant beat of the music provides a rhythmic backdrop to the video, but the synchronization is most pronounced during the advertisement transition.

Theme and Content: The video's content, an interview discussing a person's suitability for a political role, contrasts sharply with the subsequent advertisement for women's clothing.  The interview segment focuses on serious commentary and analysis, while the ad emphasizes lightheartedness and fashion. The music, due to its cheerful and optimistic tone, better aligns with the advertisement's intent to promote a product than the analytical tone of the interview. This creates a thematic dissonance, as the music seems out of place during the interview portion but finds harmony with the upbeat and visually engaging advertisement.

Emotion: The interview segment, with its serious and analytical discussion of politics, projects a largely neutral emotional tone. The interviewee's gestures and expressions are focused on conveying information rather than evoking strong feelings. In contrast, the advertisement aims for a positive and energetic vibe, with the model’s expressions and movements reflecting a sense of confidence and joy. The upbeat music also supports this cheerful atmosphere. However, during the initial interview portion, this upbeat music feels disconnected from the more neutral emotional context.  Thus, there’s a partial emotional coherence, primarily present in the advertisement section where music and visuals work together to create a feeling of lightness and positivity.

Cultural Relevance: Neither the video nor the music seems to incorporate any specific cultural elements. The interview focuses on an individual’s political journey, while the advertisement promotes a clothing brand, both of which are presented in a relatively general context. The music, similarly, has a generic upbeat style that doesn't seem to reflect any particular cultural origin or significance.  Thus, the absence of noticeable cultural markers in both the video and music results in an absence of cultural clashes or alignments. They remain unrelated in this aspect.
",train,True,data/revision/videos/DIXbV4H90QA.mp4,47.75,,c87d629141be24700672fb3dd9048b93c5355c95940b8f2829163d6e3d7e7fbd
19292,Dhx4tq0LfNU,https://www.youtube.com/watch?v=Dhx4tq0LfNU,"Rhythm and Synchronization: The music maintains a medium tempo throughout, which aligns well with the steady, focused actions of the DJs in the video. There are no abrupt changes in the visual elements, and similarly, the music flows smoothly without distinct transitions. This creates a sense of rhythmic coherence, as both the audio and visual elements progress at a consistent pace without jarring shifts.

Theme and Content: The music seems indirectly related to the video's content. The video depicts two DJs performing in what appears to be a music academy setting. The audio is electronic music with vocalizations that can be categorized as ""Bollywood.""  While the electronic music is related to the DJ activity displayed, it doesn't create a strong narrative link but provides a fitting soundscape for this activity.

Emotion: The video evokes a sense of tranquility and concentration as the DJs meticulously operate their equipment. This tranquil mood is somewhat supported by the relatively calm and repetitive nature of the music. Although the music has a slightly energetic undertone, it doesn't clash with the overall serene atmosphere of the video. It creates a steady backdrop for the visual activity.

Cultural Relevance: There aren't any overtly shared cultural elements between the video and the music. While the music seems to have Bollywood influences, the visuals focus on a universal activity: DJing. The setting could be anywhere in the world, making it difficult to discern specific cultural references. Therefore, while there's no direct cultural dissonance, there also isn't a clear or intentional cultural connection.",train,True,data/revision/videos/Dhx4tq0LfNU.mp4,28.033333333333335,,85a246789304c81059bb077dcf62e89107f46cef3d969bd6413343dab2a24f4b
18508,DybMzqpGwtY,https://www.youtube.com/watch?v=DybMzqpGwtY,"Rhythm and Synchronization: The music maintains a consistent, medium tempo throughout the video.  Since the video lacks distinct transitions or cuts beyond the change of speakers, there are no prominent moments of synchronization or asynchronization between the music and the visuals. The steady, unchanging nature of the music, however, creates a sense of detachment from the conversational flow of the video, leading to a lack of rhythmic coherence. The music neither accentuates the speakers' points nor reacts to shifts in the dialogue, making it feel like an independent auditory layer rather than an integrated element of the video.

Theme and Content: The video focuses on a discussion about Indian street food and its popularity among foreign visitors, with one speaker cautioning foreigners against trying it due to potential stomach issues. The music, however, is a generic, upbeat track that doesn't connect to this specific topic. There's a clear thematic dissonance between the lighthearted feel of the music and the more serious discussion taking place in the video.  The music doesn't enhance the narrative, and, if anything, detracts from the message by creating a disconnect between the audio and visual content.

Emotion: The video presents a relatively neutral emotional tone, with the speakers conveying information and opinions in a conversational manner. There are moments of light humor, but the overall mood remains even. The music, with its upbeat and positive melody, contrasts with this neutrality. While the music expresses a sense of joy and perhaps even playfulness, the video lacks a corresponding emotional intensity. This mismatch reduces the overall emotional coherence and prevents the music from elevating the emotional impact of the video. In fact, the music’s cheerfulness clashes with the cautious advice about street food, potentially undermining the speaker’s warnings.

Cultural Relevance: Neither the video nor the music contain any discernible cultural elements. While the video discusses Indian street food, the discussion is centered on practical advice rather than cultural exploration. The music, as a generic upbeat track, doesn't carry any specific cultural markers either. Therefore, there is no cultural connection or alignment between the two.  The video does mention China, referencing the popularity of videos about Indian street food there, but this geographical reference is not reflected in the music. The lack of any shared cultural elements further contributes to the disconnect between the audio and visual components.
",train,True,data/revision/videos/DybMzqpGwtY.mp4,42.266666666666666,,c387c5e12c693b6f9332fea115ad07230eff175df64be1b38879ab8560af4604
37560,EQ4OCOWFn7o,https://www.youtube.com/watch?v=EQ4OCOWFn7o,"Rhythm and Synchronization: The upbeat tempo of the music contrasts with the leisurely pace of the video.  While the music maintains a consistent rhythm, it doesn't synchronize with the visual transitions in the video. There is a slight shift in the music at 0:24, coinciding with a scene change from inside the train to the cityscape outside, but this doesn't establish a clear rhythmic relationship between the audio and video. Overall, the rhythmic elements feel disconnected.

Theme and Content: The video appears to document a casual outing, likely in Singapore, showcasing scenes from a train station, cityscape views, and a riverside promenade. The music, sung in Tamil, might evoke feelings of nostalgia or longing but doesn't explicitly connect to the video's content, which doesn't focus on Tamil culture. The two exist independently without a discernible shared narrative or message.

Emotion: The video portrays a calm and relaxed atmosphere. The women appear to be enjoying their journey, the cityscape is serene, and the overall vibe is peaceful. The music, with its folk-like melody and repeated verses, carries a certain emotional depth, possibly reflecting themes of longing or reminiscence. While both the video and music evoke emotions, they aren't entirely aligned. The video is more tranquil and observational, while the music hints at a stronger, perhaps slightly melancholic, undercurrent.

Cultural Relevance: The video presents a glimpse of Singaporean urban life, recognizable through its architecture and public transport system. The Tamil music hints at a South Indian cultural connection, but the video itself doesn't showcase any specifically Tamil cultural elements.  Therefore, the cultural elements don't align. The video primarily reflects Singaporean urbanity, while the music stands apart with its own distinct cultural identity.
",train,True,data/revision/videos/EQ4OCOWFn7o.mp4,59.99326666666667,,156c7b8c1649d6456901ae9d49fc1f6bec6b92aadf60b9c2e35fed9a46287c97
1147,EUoNJKeU2fo,https://www.youtube.com/watch?v=EUoNJKeU2fo,"Rhythm and Synchronization: The music maintains a fast tempo throughout, characterized by a driving electronic beat and a sense of urgency. The video, on the other hand, features a series of short clips depicting various events. While there isn't a specific point of synchronization between music and video transitions, the overall fast-paced nature of both creates a sense of dynamism. The constant energy of the music complements the rapid succession of visually stimulating content.

Theme and Content: The music's theme doesn't directly relate to the specific content of each video clip. The video presents a mix of seemingly unrelated scenarios, including a lightning strike at a stadium, fans celebrating, a demolition, and a soccer game.  The music, however, does not provide any narrative context or thematic enhancement to these diverse scenes. The disconnect between the energetic, electronic music and the varied, often dramatic content of the video clips creates a somewhat jarring juxtaposition.

Emotion:  The video evokes a range of emotions, including excitement during the football match and the demolition scene, humor in the fan reactions, and a general sense of cheerfulness due to the fast-paced, dynamic editing.  The music’s energetic and driving style aligns partially with the moments of excitement and high energy in the video. However, the music doesn't specifically reflect the humorous or lighthearted aspects present in some clips.  While the music maintains a high-energy level, the video fluctuates more in its emotional tone. This creates a partial disconnect, even though both video and music generally lean towards expressing excitement.

Cultural Relevance: Neither the music nor the video showcase any prominent cultural elements. The video features various settings and events with no specific cultural focus, such as a soccer match (a globally popular sport), industrial demolition, and fan reactions. The music also lacks discernible cultural markers, being a generic electronic track. This lack of specific cultural references in both the audio and visual aspects reinforces the sense that the music and video are unrelated in terms of theme and meaning.
",test,True,data/revision/videos/EUoNJKeU2fo.mp4,30.0633967300634,,acd521bcd6770506994a47bf36573a1502953838e0d2eccbf2b3e0d66185d2a4
16805,EX5EbC5Tluo,https://www.youtube.com/watch?v=EX5EbC5Tluo,"Rhythm and Synchronization: The video maintains a steady, medium pace, showcasing a road trip through a mountainous, forested landscape. The music, with its moderate tempo and consistent rhythm, aligns well with the overall feel of the journey.  As the video presents a continuous shot without distinct transitions or cuts, there are no specific moments of sharp synchronization or dissonance to analyze. The lack of dynamic changes in the visual narrative contributes to a sense of calm and continuity, further complemented by the steady flow of the music.

Theme and Content: While both the video and the music evoke a sense of travel and journey, their thematic connection is indirect. The video focuses on the visual experience of a road trip, highlighting the beauty of nature and the open road. The music, sung in what sounds like Punjabi, tells a story of longing and remembrance, hinting at a separation from a loved one.  The lyrics, while emotionally evocative, don't directly relate to the video's depiction of a road trip without a destination. While the music doesn't detract from the video, it also doesn't explicitly enhance or supplement the narrative being presented visually.

Emotion: The video conveys a sense of tranquility and appreciation for the natural beauty of the landscape. The viewer is invited to share in the peaceful experience of a scenic drive. The music, on the other hand, evokes a more melancholic and nostalgic mood. The singer's longing tone suggests a yearning for someone or something lost.  While both the video and the music evoke emotions, these emotions are distinct and don't necessarily complement each other. The tranquil visual experience juxtaposes with the melancholic undertones of the music, creating an interesting, if somewhat disjointed, emotional landscape.

Cultural Relevance: The video itself doesn't have any overt cultural markers.  The road and landscape could be found in various parts of the world. The music, with its Punjabi lyrics and musical style, has a distinct South Asian cultural identity.  However, this cultural element doesn't directly relate to the visual content of the video. There's no apparent geographical or cultural connection between the music and the video's scenery. This disconnect reinforces the indirect relationship between the two in terms of theme and content.  The combination feels more like a coincidental pairing rather than a deliberate juxtaposition of cultural elements.
",val,True,data/revision/videos/EX5EbC5Tluo.mp4,13.7,,a242b13e70cd0320145ccc0257c9558ffdd6b47ee13f5b3351d4645e7432b6f2
2551,Ew3RilY-Sro,https://www.youtube.com/watch?v=Ew3RilY-Sro,"Rhythm and Synchronization: The music's tempo and the video's pace are generally well-aligned. The music begins with a slower, more ambient introduction, mirroring the initial static shot of the operating room.  Around the 5-second mark, as the music picks up pace and introduces a more defined beat, there's an increase in activity within the video as medical personnel move around, engaging with their tasks. This synchronization enhances the sense of purpose and precision in the operating room. The steady, rhythmic pulse of the music throughout the remainder of the video provides a backdrop for the surgical procedures, creating a sense of ongoing activity without overshadowing the visuals.

Theme and Content: The video's content, depicting a spine surgery, aims to convey the complexity and seriousness of the medical procedure. The music, while not directly related to the theme of surgery, indirectly supports the content by creating an atmosphere of focused concentration. The somewhat dramatic and anticipatory undertones in the music underscore the gravity of the situation, reflecting the high stakes involved in such a procedure. However, the music's general theme does not directly correlate to the medical or surgical context; it functions more to create a supporting ambiance rather than conveying a specific narrative related to spinal surgery.

Emotion: The video evokes a sense of awe and suspense, given the sensitive nature of the operation taking place.  The music, with its dramatic undertones, reinforces these emotions.  While not explicitly sorrowful or celebratory, the music's serious tone underscores the gravity of the surgical procedure. This partial emotional consistency reinforces the viewer's focus on the intricate and delicate actions within the operating room. There is a restrained sense of suspense created by the music which supports the viewers' natural curiosity and concern about the outcome of the surgery.  The emotions are generally kept on a single, steady level, avoiding extreme highs or lows, maintaining the video's focus on the ongoing procedure.

Cultural Relevance: The most prominent shared cultural element between the video and music is the depiction of modern medical clothing. The medical personnel are wearing standard surgical attire, which is consistent with medical practices globally.  Beyond this, there aren't any explicit shared cultural elements. The music itself does not appear to draw from any specific cultural tradition, serving more as a generic backdrop for the video. While the setting is clearly a hospital operating room, the video offers no specific geographical cues or references within its short timeframe. Therefore, the cultural relevance is primarily grounded in the universal recognition of medical practices.
",train,True,data/revision/videos/Ew3RilY-Sro.mp4,12.078733333333334,,5a7e698543e33093d2c659d32de2aad7b65dfcdbca8689d8cc2956bb78542a6b
7988,Fb5tAA2UZyk,https://www.youtube.com/watch?v=Fb5tAA2UZyk,"Rhythm and Synchronization: The rhythmic relationship between the video and music is incredibly tight. The music, a traditional Chenda Melam performance, is characterized by a steady, driving beat that provides a constant pulse. This pulse aligns perfectly with the synchronized drumming of the performers in the video.  The unchanging and consistent rhythm and pace of both the video and the music creates a cohesive, hypnotic effect. 


Theme and Content:  While the music and the video both center around the same activity -  a group of people playing drums - their thematic focuses differ. The video showcases a performance of Chenda Melam, a specific type of traditional Kerala drumming, emphasizing the visual spectacle and cultural tradition of this practice.  The accompanying music seems to be a generic upbeat percussion track which, while matching the rhythm of the drumming, doesn't necessarily deepen our understanding of the cultural context of Chenda Melam specifically.


Emotion: The emotional tone of the video is one of awe and reverence. The performers’ focused expressions and the traditional setting outside a temple suggest a sacred ritual or celebration.  The music, however, conveys a more general sense of energy and excitement. This upbeat tone clashes slightly with the reverent feel of the video, creating a sense of emotional dissonance. 


Cultural Relevance: The video is deeply rooted in South Indian culture, showcasing the tradition of Chenda Melam.  The setting, the performers' attire (the traditional Mundu or white cloth around the waist), and the drums themselves are culturally significant elements that point towards the Kerala region of India.  The music, while also using percussion instruments, doesn't have any distinct cultural markers. Its generic nature prevents it from fully aligning with the specific cultural nuances presented in the video.  The overall sense is a mismatch between generic upbeat percussion music and a culturally-rich performance of Chenda Melam.",train,True,data/revision/videos/Fb5tAA2UZyk.mp4,33.13333333333333,,e5dd723eae8f25b8521520d30d57d671dbc0d502b5969818458898fb2c603dad
16751,FvLB2anx-EE,https://www.youtube.com/watch?v=FvLB2anx-EE,"Rhythm and Synchronization: The music maintains a consistent, medium tempo throughout the video. The video itself is a montage of short clips, with frequent cuts showing a ferret interacting with various people. While there aren't any prominent musical changes timed to specific video transitions, the steady beat of the music provides a pleasant backdrop to the quick cuts and changing scenes. This creates a sense of rhythmic coherence, even without precise synchronization at every transition. The unchanging nature of the music aligns with the video's lack of a distinct narrative arc, instead presenting a series of charming encounters.

Theme and Content: The upbeat and somewhat whimsical nature of the music doesn't directly relate to the video's content, which focuses on a ferret interacting with people. The music doesn't add any specific narrative layer or enhance the core message of the video, which seems primarily intended to showcase the ferret's charming antics. However, the music's generally positive tone doesn't clash with the video's lighthearted and heartwarming content.  While thematically not directly linked, the music doesn't detract from the overall viewing experience.

Emotion: The video elicits feelings of appreciation and amusement as the ferret interacts with passersby. The ferret's expressions and interactions are cute and heartwarming. The music, with its cheerful and upbeat melody, evokes a sense of lightheartedness and positivity. While the emotional tones of the music and video aren't directly related, they don't clash. The music maintains a consistent emotional level, while the video primarily focuses on the simple joy of the ferret's interactions. This results in a generally pleasant, if not deeply emotionally resonant, viewing experience.

Cultural Relevance: Neither the music nor the video appears to contain any specific cultural elements. The video showcases everyday interactions between a pet ferret and people in what looks like an urban setting. The music is a generic, upbeat instrumental piece. There are no discernable geographical references or cultural cues in either the visual or auditory components. This lack of specific cultural markers makes the video and music fairly universally relatable.
",test,True,data/revision/videos/FvLB2anx-EE.mp4,19.5,,46d3cc296cca7c3f3b27c23c89848248c9dd638e88e8138defdcddef0905b3c0
13951,G9drzIipU6k,https://www.youtube.com/watch?v=G9drzIipU6k,"Rhythm and Synchronization: The fast tempo of the music complements the quick cuts between images in the video. Each image is displayed for only a brief moment, creating a dynamic, rapidly changing visual experience that aligns well with the energetic feel of the music. While the music maintains a consistent energy level throughout, a subtle shift in the music is noticeable around the 2-second mark, coinciding with a transition in the video. This, however, doesn't represent a strong synchronization, but rather a coincidental alignment, as the musical shift isn't particularly emphasized or directly related to the visual change. The overall impression is one of rhythmic coherence, where the quick pace of both the music and visuals creates a sense of energy and momentum.

Theme and Content: The video showcases various individuals wearing dresses, challenging the traditional notion that ""dresses are only for girls."" This progressive message of challenging gender norms is indirectly related to the theme of the music. The music, with its driving rhythm and assertive lyrics about not fearing others, could be interpreted as an anthem of self-expression and confidence. While not directly related to the topic of clothing, the music's undertone of empowerment can be seen as loosely connected to the video's message of challenging societal expectations.

Emotion: The video primarily presents a neutral, almost appreciative tone, showcasing individuals expressing themselves through fashion. The music, on the other hand, carries a more assertive, possibly defiant emotional tone. The lyrics, ""I can't hear you, I don't fear you,"" suggest a theme of standing up against opposition.  This creates an interesting contrast between the visual and auditory elements. The video's focus is on showcasing a positive message, while the music adds a layer of confident defiance. While not perfectly aligned, the combination creates a sense of boldness and self-assuredness.

Cultural Relevance: Neither the video nor the music appear to contain any specific cultural references. The video focuses on a universal theme of challenging gender norms in fashion, and the music, with its general message of defiance and courage, avoids any overt cultural markers.  This absence of explicit cultural elements makes the combination more accessible to a broader audience. It allows the message of challenging conventions to resonate without being tied to a particular culture or geographical location.
",train,True,data/revision/videos/G9drzIipU6k.mp4,15.8,,3de4aa4a6899e0a21dc0b3e99bdccaaa2164016cf58e13caf4b16dd601e71128
19268,G9gf8wlYwrI,https://www.youtube.com/watch?v=G9gf8wlYwrI,"Rhythm and Synchronization: The music maintains a consistent medium tempo throughout. The video, featuring a live band performance, is inherently dynamic, with each musician contributing to the overall rhythm. The band maintains a tight performance, with the instruments complementing each other rhythmically, creating a sense of cohesion.

Theme and Content: The music, a rendition of ""Kiss It Better,"" focuses on themes of love, desire, and reconciliation. The video content, depicting a band performing this song, doesn't introduce a separate narrative but instead reinforces the musical themes by showcasing the musicians' engagement with the song. Their expressions and performance style contribute to the overall interpretation of the lyrics. While the video doesn't develop a distinct storyline, it acts as a visual representation of the song itself, thus exhibiting a strong thematic connection.

Emotion: The music carries a cheerful and hopeful tone. The video aligns with this emotion to a certain extent. The lead guitarist and bassist appear cheerful and energetic while playing their instruments. The drummer maintains a more neutral expression, creating a slight dissonance in the overall emotional portrayal.  The joyful nature of the music creates a generally positive atmosphere that contributes to the audience's enjoyment of the performance. This partial consistency in the emotional portrayal doesn't detract significantly from the overall positive vibe.

Cultural Relevance: Neither the music nor the video present any prominent cultural elements. The performance setting appears to be a generic music venue, devoid of specific cultural markers. The music itself, a pop song, has broad appeal across various cultures without being specifically tied to any particular one. This lack of specific cultural references allows both the music and video to be accessible and relatable to a wide audience.",val,True,data/revision/videos/G9gf8wlYwrI.mp4,47.86666666666667,,d087a427730ce4ea2095bc16617529344ba1d7a11e2e9e61990c94f6e866dc93
18271,GPbuWUktZc4,https://www.youtube.com/watch?v=GPbuWUktZc4,"Rhythm and Synchronization: The music maintains a consistent, upbeat tempo throughout. The video, showcasing a weekly workout routine, changes scenes frequently. While the visual transitions occur at a fast pace, the music does not consistently synchronize with them. There’s a notable synchronization at the 3-second mark, where the music shifts along with the video transition from checking the workout schedule to starting leg day.  However, this synchronization isn’t maintained throughout, resulting in a somewhat disjointed feeling. The persistent upbeat rhythm of the music doesn’t reflect the varying intensity and mood changes associated with different exercises demonstrated in the video.

Theme and Content: The video focuses on a workout routine, showing various exercises for different muscle groups throughout the week. The music, with its lyrics expressing gratitude for various aspects of life, doesn’t directly relate to the video's fitness theme. While the music has a generally positive tone, it doesn't specifically enhance or complement the narrative of progressing through a workout routine.  The lack of thematic connection makes the music feel like a separate entity rather than an integrated part of the video's message.

Emotion: The video evokes feelings of energy, confidence, and dedication as the individual goes through their workout routine. The music, while upbeat, carries a different emotional tone – one of peaceful gratitude. These feelings, while not inherently clashing, don’t completely align. The music's calming nature contrasts with the focused determination generally associated with working out. The motivational energy conveyed by the video, thus, isn’t fully supported or amplified by the chosen music.

Cultural Relevance: Both the music and the video appear devoid of specific cultural elements or geographical references. The focus of the video is a universally relatable activity – exercise – and the music conveys a broad sense of thankfulness. This absence of overt cultural elements contributes to the neutral, almost generic, feeling of both the video and the audio, preventing any strong intersection or dissonance between the two in this aspect.
",train,True,data/revision/videos/GPbuWUktZc4.mp4,35.86666666666667,,d1f2f927cd9892e6658cd439a5fa24bab766625704c7a7f43d4cabf194c9f176
24348,GQrE7bWrij0,https://www.youtube.com/watch?v=GQrE7bWrij0,"Rhythm and Synchronization: The music maintains a consistent, medium tempo throughout, which generally aligns with the overall pace of the video. The video itself doesn't have sharply defined transitions or abrupt shifts in visuals.  The scenes flow smoothly from one to the next, creating a gentle, unfolding narrative. The lack of distinct visual transitions means there aren't specific points to analyze for precise musical synchronization. However, the steady, unhurried rhythm of the music works well with the calm and sentimental nature of the video's content, creating a sense of peace and reflection.

Theme and Content: The video tells a heartwarming story of a couple's wedding day, focusing on a speech about their quick courtship and the joy surrounding their union.  The music, however, doesn't specifically relate to weddings or romance. It feels more like background music suitable for a variety of situations, lacking a distinct thematic connection to the video's narrative. The music neither enhances nor detracts significantly from the video's message, but a more thematically relevant piece could have amplified the emotional impact of the story.

Emotion: The video evokes feelings of happiness, love, and the warmth of shared moments. The bride and groom's expressions and interactions clearly convey their joy and affection. The speech adds another layer of emotion, highlighting the depth of their connection. In contrast, the music has a more neutral emotional tone. While pleasant and unobtrusive, it doesn't directly mirror or intensify the specific emotions portrayed in the video. The music's neutrality makes it a somewhat detached accompaniment to the video's emotionally rich content.

Cultural Relevance: The video presents a fairly standard depiction of a Western wedding, with familiar elements like the wedding dress, the reception, and the best man's speech. There are no overt cultural elements emphasized, making the setting and traditions feel generally relatable to a broad audience. Similarly, the music doesn't contain any distinct cultural markers. The lack of specific cultural references in both the video and the music means there are no alignments or misalignments to analyze in this aspect. They exist in separate cultural spheres, neither reinforcing nor clashing with each other.
",train,True,data/revision/videos/GQrE7bWrij0.mp4,56.890166666666666,,5a3a2c70506d9cc62da82769d9ff746e8078b8e3a00626159a3b376ee6b3243c
16870,GeHr-Xd3z1g,https://www.youtube.com/watch?v=GeHr-Xd3z1g,"Rhythm and Synchronization: The music maintains a medium, consistent tempo throughout the video, aligning well with the overall pace of the demonstrated art hacks.  The video transitions smoothly between each hack, and the music provides a backdrop that doesn't distract from the visual instructions. While the music doesn't heavily emphasize every action, it supports the video's flow.  Specifically, at the 2-second mark, a distinct musical shift coincides with the video's transition from the introduction to the first art hack, creating a sense of rhythmic punctuation that emphasizes the start of the tutorial. 

Theme and Content: The upbeat, electronic music doesn't have a strong thematic connection to the video's content of art hacks.  The music serves primarily as background ambiance rather than reinforcing the video's message or adding layers of meaning.  While not a detriment, the music feels somewhat detached from the core subject matter of the tutorial.

Emotion: The video conveys a sense of creativity and practicality, focusing on demonstrating simple and efficient techniques. The music, on the other hand, expresses a more playful and energetic mood. This contrast creates a slight disconnect between the video's primarily instructional tone and the music's more lighthearted feel.  The music doesn't notably amplify or detract from the emotional experience of learning the art tips, serving more as a neutral auditory presence.

Cultural Relevance: Neither the music nor the video appears to contain any specific cultural references or elements. The video focuses solely on the art techniques, while the music provides generic background sound. There are no discernible geographical ties or cultural allusions in either medium. This lack of specific cultural markers contributes to the feeling of the music being a somewhat detached, albeit pleasant, accompaniment to the video.
",train,True,data/revision/videos/GeHr-Xd3z1g.mp4,36.33333333333333,,5a0fc9e85c3f4874e514a9fe5aebfdca7c5fe2061abb8801a253e56ce0ca411f
3321,HFgwomf1EXk,https://www.youtube.com/watch?v=HFgwomf1EXk,"Rhythm and Synchronization: The music maintains a slow, consistent tempo throughout the video. This complements the video's pace, which showcases a step-by-step DIY project involving cutting and repurposing a plastic bottle. The lack of significant transitions or dynamic changes in the video aligns with the music's steady and unvarying rhythm.  This creates a calm and cohesive viewing experience, where the music doesn't distract from the demonstration but provides a subtle, underlying auditory backdrop.

Theme and Content: The music's lighthearted and somewhat generic theme doesn't directly relate to the video's content, which focuses on a practical life hack. The music doesn't enhance or detract from the instructional nature of the video.  While the video is about crafting, the music doesn't evoke a particularly creative or DIY-related atmosphere. There isn't a strong thematic connection between the two, but neither are they in conflict.

Emotion: The video conveys a sense of cheerful practicality and helpfulness, demonstrating a simple and clever solution. The music has a bright, happy, and slightly energetic tone, which is partially consistent with the video's overall positive vibe. While the music doesn't amplify the practical, problem-solving aspect of the video, it doesn't clash with it either.  The consistent and upbeat nature of the music contributes to a positive viewing experience.

Cultural Relevance: Neither the music nor the video presents any strong cultural elements. The video focuses on a universal and practical DIY project, while the music has a generally appealing and non-specific character. This lack of explicit cultural referencing allows both elements to remain neutral and broadly accessible.  There are no discernible geographic references in either the music or the video.
",test,True,data/revision/videos/HFgwomf1EXk.mp4,18.166666666666668,,540fdd6752f1976e7edee6c75ddadd2540763d54318c377e8d5ea0a6e2202fb0
16387,HI0u6F8A_HM,https://www.youtube.com/watch?v=HI0u6F8A_HM,"Rhythm and Synchronization: The music and video maintain a fast pace throughout. The rhythm of the music aligns well with the overall feel of the video. The man's gestures, while not precisely synchronized with every beat, are rhythmic and contribute to the song's energy. The consistent tempo and the performer's animated delivery creates a unified energetic vibe.

Theme and Content: While the music and video share a common thread of finding love, they express this theme in different ways. The song focuses on the frustration of searching for love, while the video serves primarily as an advertisement for the song's release. The lyrics detail the singer's struggles with finding lasting love, whereas the visuals concentrate on promoting the upcoming release date. This difference in focus means the video doesn't directly illustrate the song's narrative, but rather exists alongside it, offering a platform for promotion.  The lyrical content isn't visually depicted; instead, the video emphasizes the song's title and release date.

Emotion: The music conveys a mix of frustration, longing, and perhaps a touch of vulnerability, as the singer expresses his desire for love. The video, on the other hand, projects an air of confidence and excitement, seemingly stemming from the anticipation of the song's release. The performer's demeanor, while expressing the song's lyrics, also projects an assuredness and positive energy, likely aimed at promoting the song. There's a slight disconnect between the song's yearning and the video's promotional tone. The video focuses on building anticipation for the new release, which somewhat contrasts with the vulnerability expressed in the lyrics, creating a partially consistent emotional landscape.

Cultural Relevance:  Neither the music nor the video makes any overt cultural references. The setting of the video, a generic urban alleyway, and the performer's attire offer no specific cultural cues. The music itself doesn't incorporate any distinct musical styles or instrumentation that point to a particular culture. This lack of cultural elements allows the video and song to maintain a broad appeal, without being tied to any specific geographical or cultural context.  They exist in a relatively neutral cultural space.
",train,True,data/revision/videos/HI0u6F8A_HM.mp4,33.4,,5dbcfa031d0325939fe8d897faebf6db1f1ff0e5c2993c064aea11ce09006480
43983,HhmQmD2wDdc,https://www.youtube.com/watch?v=HhmQmD2wDdc,"Rhythm and Synchronization: The music maintains a slow, steady tempo throughout, creating a somewhat unsettling atmosphere. The video, however, depicts a rapidly unfolding, dynamic scene of a carnival ride malfunctioning.  This creates a stark contrast between the video’s pace and the music's rhythm. Because the video itself features a lot of movement and swift changes in the action, the unchanging, slow tempo of the music feels disjointed and doesn’t reflect the urgency of the situation.  The lack of synchronization between musical shifts and key moments in the video further emphasizes this disconnect.

Theme and Content: The music’s somber and somewhat eerie tone doesn’t directly relate to the carnival setting, which typically evokes feelings of excitement and fun. While the malfunctioning ride introduces an element of danger and suspense, the music doesn't enhance this narrative in a meaningful way. Instead of highlighting the immediacy of the danger or the heroism of the bystanders who helped, the slow, steady music creates a disconnect, almost as if observing the scene from a detached, distant perspective.

Emotion: The video evokes a strong sense of fear and panic as the ride malfunctions and people rush to help. The music, on the other hand, evokes a sense of unease and suspense, but doesn’t quite capture the frantic energy and fear present in the video. While both the music and video convey unsettling emotions, the specific emotions don’t fully align, resulting in only partial emotional coherence. The music, rather than amplifying the fear and tension, adds a layer of unsettling calm that feels somewhat out of place.

Cultural Relevance: Neither the music nor the video exhibit any strong cultural markers. The carnival setting is a common form of entertainment in many cultures, but the video doesn't showcase any specific cultural traditions or elements.  Similarly, the music has a generic, somewhat somber tone that isn’t tied to any particular cultural context.  This lack of specific cultural references makes the pairing feel rather neutral in terms of cultural relevance, neither enhancing nor clashing with the video’s content.
",train,True,data/revision/videos/HhmQmD2wDdc.mp4,22.966666666666665,,a9f7665aab22192ab979d18cba8978ca6a3f7c03decb26289db0377996655844
6501,Hs3EHCXwqr8,https://www.youtube.com/watch?v=Hs3EHCXwqr8,"Rhythm and Synchronization: The music's tempo is medium, which contrasts with the dynamic shifts in the video's pace.  The video incorporates several scene changes, creating a sense of visual rhythm. For example, at 0:01, the video transitions to a wider shot of the player dribbling. While the overall scene changes, there's no corresponding musical shift, demonstrating a lack of synchronization.  A similar transition occurs at 0:09 where the video changes locations to demonstrate different approaches to striking the ball, again with no associated change in the music. However, at 0:23, as the video cuts to a final demonstration of a proper power shot, the music changes synchronously with the video cut, highlighting the successful strike.  This sudden synchronization after multiple unsynchronized transitions creates a jarring effect and emphasizes the disconnected nature of the music and video's rhythm.

Theme and Content: The music's theme doesn't align with the video's content. The video is instructional, focusing on the technique of soccer power shots, while the music seems to be a standard, upbeat track lacking a distinct theme.  The music doesn't enhance the video's message and instead acts as a detached background track.  The video's core message centers around soccer, whereas the music evokes no specific topic, further enhancing the thematic dissonance.

Emotion: The video conveys a sense of confidence, energy, and appreciation for proper soccer techniques, with the player demonstrating various approaches.  The music is somewhat energetic but doesn't reflect the nuanced emotions of the video, such as the instructional and appreciative aspects.  There's a disconnect between the video's educational tone and the music's generic upbeat nature.  The music doesn't heighten the emotional impact of the video but rather creates an emotional mismatch.

Cultural Relevance:  Neither the video nor the music seem to have any significant cultural elements. The video showcases a common sport, soccer, without emphasizing any specific cultural context.  The music is similarly generic and doesn't reflect any particular geographical or cultural influences.  Both elements remain culturally neutral, not adding or detracting from each other in a cultural sense.
",train,True,data/revision/videos/Hs3EHCXwqr8.mp4,26.6266,,e2638a356face309c34b87199e6e85821fb42a944ce7b65435c3266a53122981
937,HtiC2xfb6us,https://www.youtube.com/watch?v=HtiC2xfb6us,"Rhythm and Synchronization: The music's medium tempo effectively complements the video's pace, creating a sense of rhythmic coherence. The video features transitions between different outfits, and these transitions often coincide with shifts or continuations in the music, further enhancing the synchronization. For example, at the 2-second mark, a clear shift in the music aligns perfectly with the change in clothing, creating a satisfying visual and auditory synergy. While the video transitions again around the 5, 7, and 9-second marks, the music maintains its consistent groove without significant shifts in these instances, which reflects a deliberate choice to maintain the overall upbeat flow rather than punctuating every visual change. These transitions where the music continues unbroken underscore a sense of continuity within the overall comparison being presented. This blend of precisely timed musical shifts with periods of continuous flow creates a dynamic yet cohesive rhythmic relationship between the video and the music.

Theme and Content: While the music provides a generally upbeat and positive backdrop, it doesn't directly relate to the video's core content of comparing outfits from different brands. The music doesn't specifically enhance the comparison itself or offer a narrative element. However, it does create a lighthearted and engaging atmosphere that keeps the viewer interested.

Emotion: The music evokes feelings of relaxation and confidence, which partially aligns with the video's presentation of stylish outfits. The video's tone is one of appreciation for fashion, with an undercurrent of confident self-expression. While the music doesn't fully capture the nuances of comparing clothing choices, it provides a generally positive and uplifting emotional landscape that complements the overall vibe of the video. The consistent emotional level of the music contributes to the smooth flow and visual experience.

Cultural Relevance: Neither the music nor the video prominently feature any specific cultural elements. The focus is on fashion and style in a general sense, without referencing particular geographical locations or cultural traditions. This lack of specific cultural references allows the video to appeal to a broader audience and maintain a neutral cultural stance.
",val,True,data/revision/videos/HtiC2xfb6us.mp4,12.412412412412413,,b4755c10865a925c17a64425c04abd1a05f3c7225dce0f1ea7c32ee542f9ffb7
2506,HziEFzDV4vY,https://www.youtube.com/watch?v=HziEFzDV4vY,"Rhythm and Synchronization: The music maintains a consistent, medium tempo throughout the video. However, the synchronization between the video's transitions and the music's changes is inconsistent. At 0:02, the video cuts to a handstand push-up sequence, but there's no corresponding change in the music.  Around 0:04, the video transitions again, showing another handstand variation, and while the music does shift slightly, it doesn't feel strongly synchronized with the visual change. Notably, at 0:12, there’s a precise synchronization between the video transitioning to a handstand on parallettes and a distinct shift in the music. Overall, the rhythmic relationship feels somewhat disconnected, lacking a sense of deliberate coordination between the audio and visual elements.


Theme and Content: The music’s theme, which can be broadly characterized as upbeat and somewhat intense electronic music, doesn’t particularly complement the video’s content of calisthenics training. The music doesn't enhance or add to the narrative or message of the video, and it doesn't relate directly to the physical exertion and skill displayed. The chosen track feels like a generic background choice rather than a carefully selected accompaniment that elevates the viewing experience.

Emotion: The music evokes a sense of energy, perhaps even a slight intensity, while the video presents a mostly neutral emotional tone. The athlete's focus and determination are evident, but the video itself doesn't convey strong emotions. This creates a mismatch between the somewhat high-energy music and the more neutral video content. The music does not appear to amplify any particular emotional impact of the video. Instead, it acts more as a backdrop that doesn't fully integrate with the visuals.

Cultural Relevance: Neither the music nor the video contains noticeable cultural elements or geographical references. The gym setting and the calisthenics training are relatively universal activities, and the music is generic electronic music that lacks distinctive cultural markers.  Thus, there’s neither a clash nor a connection between them in terms of cultural relevance. Both remain culturally neutral.
",train,True,data/revision/videos/HziEFzDV4vY.mp4,18.7,,d53034914a8d541826a25d64eed7b9c26332ee7ffa5924ae896cb7f8cb05c3ee
31936,I8_7WaRcnF8,https://www.youtube.com/watch?v=I8_7WaRcnF8,"Rhythm and Synchronization: The music maintains a medium tempo throughout, which generally aligns with the pacing of the soccer highlights shown in the video. The rhythmic coherence is most apparent at the 25-second mark, where a distinct musical shift coincides perfectly with a goal being scored. This synchronization accentuates the impactful moment of the goal and creates a sense of excitement. The rest of the video, while not as precisely synchronized, flows with the steady beat of the music, creating a cohesive feel despite the lack of frequent cuts or transitions.

Theme and Content: The lyrical theme of the music, focused on personal perseverance and overcoming challenges, is indirectly related to the video's content, which showcases soccer highlights. While the music doesn't directly enhance the narrative of the match, it adds a layer of motivational subtext. This thematic connection, although subtle, could be interpreted as drawing a parallel between the struggles described in the song and the dedication required in sports.

Emotion: The music evokes feelings of confidence and energy, largely due to its upbeat tempo and assertive lyrics. The video, displaying soccer goals and celebrations, shares a similar energetic tone.  However, the music lacks the specific emotional nuances of the sporting event, such as the tension during gameplay or the exhilaration of victory.  While the music maintains an overall energetic vibe, it doesn't fully capture the fluctuating emotional landscape of the match itself.

Cultural Relevance: Neither the music nor the video exhibits any overt cultural elements. The video simply presents soccer highlights without specific geographical or cultural context, while the music’s theme of personal growth is universal. This lack of specific cultural references contributes to a broader appeal, making both the audio and visual content accessible to a diverse audience.
",test,True,data/revision/videos/I8_7WaRcnF8.mp4,54.2,,ef73b03525f73df372db6799bdcf016ba39511eba6f8d48e22b48dd6b83c9c53
31711,J5y4_rE9aZ0,https://www.youtube.com/watch?v=J5y4_rE9aZ0,"Rhythm and Synchronization: The music features a driving, fast-paced beat that contrasts with the predominantly slow and deliberate transitions between scenes in the video.  While the visuals often linger on a specific image, creating a sense of stillness, the music maintains its energetic momentum.  This contrast creates a sense of disconnect, rather than a harmonious blend. However, a noteworthy exception occurs at the 16-second mark, where the music shifts in time with a transition in the visuals, demonstrating a moment of precise synchronization. While fleeting, this brief alignment hints at a potential for rhythmic cohesion that ultimately remains unrealized throughout the rest of the video.

Theme and Content: The video presents a montage of urban nightscapes bathed in purple light, evoking a sense of mystery and urban exploration. The lyrics of the song, referencing Kanye West's ""Bound 2,"" suggest themes of confidence, attraction, and a desire for connection. While both the video and the song touch upon themes of urban life, they do so from different perspectives. The video focuses on the visual aesthetics of the city, while the song centers on personal feelings and relationships. This creates a thematic dissonance where the two don't directly reinforce each other’s message.  

Emotion: The music exudes a confident and energetic vibe. It pulsates with a sense of forward momentum and possibly excitement, reflecting the lyrical content about finding someone and feeling self-assured. The video, on the other hand, maintains a neutral emotional tone. The scenes of cityscapes, while visually striking, don't inherently convey a particular emotion.  They simply present a backdrop.  Therefore, the emotional tone of the music does not particularly match or enhance the emotional content of the video, further contributing to the disconnect between the two.

Cultural Relevance: Neither the music nor the video appear to be strongly anchored to specific cultural elements. The music’s lyrical reference to Kanye West’s song could be considered a touchstone to contemporary pop culture but doesn't imply a broader cultural significance.  The video’s imagery of urban landscapes is generic and could represent any major city worldwide. While the purple hue adds a stylistic element, it doesn't inherently link the video to a specific culture or geographical location. Thus, there are no significant shared cultural elements that create a meaningful connection between the music and the video.
",train,True,data/revision/videos/J5y4_rE9aZ0.mp4,15.233333333333333,,915b99f70424a2765a34d56abc58b91546848c04e87fdea1f0337905f35cdbb4
28175,J9eYKJvpEgw,https://www.youtube.com/watch?v=J9eYKJvpEgw,"Rhythm and Synchronization: The video, being a static montage of images related to arm muscle exercises, doesn't have traditional transitions or a dynamic pace in the same way a video with moving footage would. The music, however, maintains a consistent fast tempo throughout. Although there aren't specific synchronization points between visual changes and musical shifts, the music's energetic and driving rhythm complements the overall theme of physical exertion and fitness presented in the still images. The music's unchanging pace aligns with the static nature of the video, creating a sense of continuous energy that suits the subject matter.

Theme and Content: The video focuses on showcasing different aspects of arm muscle development, including anatomy illustrations, workout demonstrations, and real-life examples of muscular arms. The music, a fast-paced, electronic track, doesn't have a direct thematic connection to the video's content. While the music's energy could be interpreted as mirroring the effort involved in building muscle, there's no clear thematic link between the electronic music genre and the specific subject of arm muscle training. The music does not add to or detract from the video's informative purpose, serving more as a background element than a narrative enhancer.

Emotion: The video aims to convey a sense of achievement and motivation related to fitness goals. Some viewers might find the images inspiring, while others might see them as purely informational. The music, with its upbeat and energetic tone, evokes feelings of happiness, excitement, and perhaps even confidence. While these emotions could be associated with the satisfaction of achieving fitness goals, the connection isn't inherently strong. The music’s consistent energy might resonate with the dedication required for physical training, but it doesn't necessarily amplify the specific emotions conveyed by the static images.

Cultural Relevance: Neither the video nor the music has any readily discernible cultural elements. The video focuses on the universally understood human pursuit of physical fitness, while the music utilizes a generic electronic style that lacks distinct cultural markers. There aren't any geographical references or specific cultural nuances present in either the visual or auditory components. Therefore, the video and music are not culturally linked in any significant way. They both exist in a relatively neutral cultural space, making them potentially relatable to a broad audience regardless of their cultural background.
",train,True,data/revision/videos/J9eYKJvpEgw.mp4,5.933333333333334,,ced73c32172fda5390053425e3ae10d5f191910c3489e6c93d0a533106c94e9b
33781,JApE8eQD774,https://www.youtube.com/watch?v=JApE8eQD774,"Rhythm and Synchronization: The music maintains a consistent, moderately fast tempo throughout. The video, depicting a woman styling her hair, also follows a relatively steady pace. However, there's no discernible synchronization between the music's rhythm and the video's actions. The actions in the video, like braiding and adjusting hair, don't align with any particular beats or changes in the music. The video itself doesn't feature many distinct transitions or cuts. It's a continuous shot of the hairstyling process, making rhythmic synchronization between audio and video challenging. The overall rhythmic feel is therefore somewhat disconnected.

Theme and Content: The video focuses on a hairstyle tutorial, specifically designed for a festive season, as indicated by the on-screen text. The music, on the other hand, is a romantic Bollywood song. The lyrics express longing and heartbreak, creating a thematic dissonance with the practical and instructional nature of the video. While the video aims to offer hairstyling inspiration for celebrations, the music's melancholic tone doesn't directly support or enhance this message.

Emotion: The video conveys a sense of happiness and relaxation. The woman styling her hair appears calm and focused, and the overall vibe of the video is peaceful and instructional.  The music, however, expresses sadness and longing, emotions not reflected in the visuals. This emotional mismatch lessens the overall impact of the video. The upbeat and relaxing tone of the video does not match the melancholic tone of the music.

Cultural Relevance: The video does not show distinct cultural features. The hairstyle presented is somewhat generic and can be found in several different cultures. The music, being a Bollywood song, is undeniably Indian in origin. While both music and video are from India, the specific cultural element represented by the music doesn't have a direct connection to the content of the video. The lack of significant cultural elements in the video and the focus on a common hairstyle make the Indian origin of the music less relevant to the video's core message.
",train,True,data/revision/videos/JApE8eQD774.mp4,48.3,,4a1f99989151f247010ab34aaae8ab45e629702da2cdf41ea950a27bb9843f9e
20081,JTSwS0Jhwfk,https://www.youtube.com/watch?v=JTSwS0Jhwfk,"Rhythm and Synchronization: The video features a woman showcasing different colored sarees. The transitions between showcasing different sarees occur roughly every 10-15 seconds. While the video maintains a consistent pace, the accompanying music does not synchronize with these visual changes. For example, the video transitions to a new saree at the 2-second and 56-second marks, but the music remains continuous, without any notable shifts in tempo or instrumentation to highlight these transitions. This lack of synchronization creates a disconnect between the visual and auditory aspects. The constant, steady rhythm of the music does not accentuate the distinct shifts in the video content, resulting in a somewhat disjointed experience.

Theme and Content: The video focuses on showcasing Diwali saree collections. The visuals are simple, centered around the presenter and the sarees. The music, however, appears unrelated to the video's theme. It has a generic, upbeat tone that doesn't particularly evoke Diwali or any festive spirit. This mismatch between the music and the video’s promotional intent diminishes the overall impact. The music neither reinforces the festive theme of Diwali nor enhances the product presentation.

Emotion: The woman presenting the sarees appears cheerful and engaging. The video itself doesn't portray a specific dominant emotion, maintaining a neutral tone focused on product display. The music, while upbeat, doesn’t carry any specific strong emotional weight. Its general positive tone doesn't clash with the neutral mood of the video, but neither does it enhance it.  The lack of emotional depth in the music fails to create a stronger connection with the viewer regarding the product or the occasion.

Cultural Relevance: The video showcases sarees, a traditional South Asian garment, and mentions “Diwali Collections,” which directly refers to the Hindu festival of Diwali.  However, the music doesn’t appear to have any discernible cultural elements that resonate with the Indian context or Diwali. This absence of cultural connection weakens the overall message. The chosen music doesn't aid in creating a culturally relevant experience related to the product, Diwali, or the region mentioned (Hosur, India). This missed opportunity could have strengthened the video's connection with the target audience.
",train,True,data/revision/videos/JTSwS0Jhwfk.mp4,58.64,,fb59751927d51ba6fbc82f8672f4f95a6e4f81fe7e73e9e3a0fedfb416263a87
38782,Jaez7tjFrnk,https://www.youtube.com/watch?v=Jaez7tjFrnk,"Rhythm and Synchronization: The music's fast tempo aligns perfectly with the energetic vibe of the video. There's a clear synchronization between the music and the visuals, especially noticeable at the 13-second mark.  The transition from the close-up shots of the group in the alley to the wider shot featuring the truck and the larger crowd coincides with a distinct shift in the music. This synchronized transition amplifies the dynamic nature of the video and enhances the overall sense of excitement and momentum.  Throughout the video, the rhythmic pulse of the music underscores the actions of the individuals, creating a sense of cohesive energy.

Theme and Content: While not directly related, the themes of the music and video share a sense of confidence and collective action. The music's driving beat and assertive lyrics subtly complement the video's portrayal of a large group united in their shared actions, whether making hand gestures or gathering around a truck. The music's message, although not explicitly tied to the visuals, enhances the overall impression of a confident and energized group. However, the lyrical content primarily focuses on personal experiences and doesn't explicitly narrate the visual story depicted in the video.

Emotion: The music's upbeat and energetic style mirrors the cheerful and confident tone of the video. The individuals appear happy and relaxed, and the music reinforces these emotions. Although the video presents a singular emotional tone, the music's driving rhythm contributes to the overall sense of energy and excitement. It elevates the positive vibes of the visuals, making the video more engaging and dynamic. 

Cultural Relevance:  Neither the music nor the video appears to rely on specific cultural elements. The visuals show a diverse group of individuals, but without any overt references to particular cultures. The lyrics and musical style also lack explicit cultural markers, focusing on universal themes of personal experiences and aspirations. The lack of shared cultural elements doesn't detract from the video, as it appears to emphasize the universality of emotions like happiness and confidence.
",train,True,data/revision/videos/Jaez7tjFrnk.mp4,27.166666666666668,,e4bbcc3d6d0bb944e9604fd6599f8125d1a24dea0394faa70d7492057529492a
6839,JpSdvvOFlRM,https://www.youtube.com/watch?v=JpSdvvOFlRM,"Rhythm and Synchronization: The music maintains a medium tempo throughout, which generally aligns with the pace of the video game action. The video itself doesn't feature sharp cuts or transitions, but rather a continuous flow of gameplay. Because there are no distinct changes in the video's visual rhythm, the music's steady beat creates a sense of ongoing momentum that suits the continuous action on screen. This creates a backdrop of consistent energy that mirrors the persistent nature of the gameplay, even without specific synchronization points.

Theme and Content: The music's heavy metal style, characterized by distorted guitars and driving drums, evokes a sense of aggressive energy and power. While the video showcases a battle scene in a fantasy setting, the music doesn't directly reflect any specific narrative element. Instead, it provides a general atmosphere of intensity and conflict that indirectly relates to the on-screen combat.  The lack of a clear narrative connection between the music and the gameplay prevents the music from supplementing the video's inherent story.

Emotion: The music's driving, powerful sound aims to evoke excitement and a sense of thrilling action. The video also conveys excitement through the fast-paced gameplay, character abilities, and the ""killing spree"" notification. However, the heavy metal music adds a layer of aggressive energy that might be interpreted as more intense than the relatively straightforward, strategic gameplay shown. While both aim for excitement, the nuanced emotional tone differs slightly, resulting in only partial consistency.

Cultural Relevance: Neither the music nor the video strongly suggest any particular cultural elements. The video game's fantasy setting draws upon generic fantasy tropes, without specific cultural references. Likewise, the music's heavy metal style has broad international appeal without being rooted in a specific cultural tradition. Therefore, any cultural connection is more coincidental than intentional.
",train,True,data/revision/videos/JpSdvvOFlRM.mp4,17.150466666666667,,b1c00f5ed3fe3df2e84a931255597063ad974ee186f0103744ddfa887261c294
31542,JuBCvIJwKzM,https://www.youtube.com/watch?v=JuBCvIJwKzM,"Rhythm and Synchronization: The music maintains a consistent medium tempo throughout the video. The video transitions smoothly, showcasing the couple's journey through the years. At the 5-second mark, as the video introduces their first child, the music continues without any noticeable change in rhythm or melody. Similarly, at the 7-second mark, when their second child joins the frame, the music again remains consistent. This lack of specific musical cues timed to these visual transitions creates a sense of continuous flow, highlighting the ongoing progression of their family life. While the overall rhythm of the music is suitable for the upbeat nature of the video, the lack of synchronized musical changes at key visual moments diminishes the potential for a more dynamically engaging interplay between the two.

Theme and Content: The video chronicles a couple's relationship from their first meeting in 2006, their marriage in 2008, the birth of their daughter in 2011, the addition of their son in 2016, to their 13th wedding anniversary in 2021. It's a heartwarming narrative of family growth and enduring love. However, the chosen music, a generic pop song about love, doesn't specifically reflect the unique aspects of the family’s story. While the song’s broad theme of love touches on a relevant emotion, it doesn't enhance or add a deeper layer of meaning to the video’s narrative. The lyrics don't align with the specific milestones depicted, creating a thematic disconnect.

Emotion: The video radiates positive energy, celebrating the joys of family and long-lasting relationships. The visuals evoke feelings of appreciation, happiness, and love. However, the music, while upbeat and generally positive, doesn't quite mirror the nuances of the video's emotional tone. The song lacks the emotional depth and celebratory feel that would perfectly complement the video's themes of family growth and enduring commitment. As a result, the music doesn't elevate the video's emotional impact but instead serves as a somewhat generic backdrop.

Cultural Relevance: The video showcases a modern family, possibly hinting at a suburban Western setting based on the house and yard. The music, a contemporary pop song, doesn’t have any strong cultural ties. Both video and music lack distinct cultural markers that could inform a deeper analysis of their interplay from a cultural perspective. Therefore, there is no discernible cultural connection between the two, neither enhancing nor detracting from the other.
",train,True,data/revision/videos/JuBCvIJwKzM.mp4,11.233333333333333,,9f98f1e3c07cdf647810770c81c2a812c3b3fdd9a5dc70dc101f24e7984f44e9
36317,Jwkm98rh9f0,https://www.youtube.com/watch?v=Jwkm98rh9f0,"Rhythm and Synchronization: The music maintains a medium, consistent tempo throughout the video. The video itself is relatively static, featuring a KISS bassist playing alongside a child dressed in a similar KISS costume. Because the video lacks distinct transitions or cuts, there isn't a readily discernible rhythmic interplay between the audio and visual elements. The music continues smoothly without any shifts or changes that correspond to actions within the video. While the consistent rhythm of the music creates a steady backdrop for the video, the absence of visual dynamism means there aren't any moments of precise or even loose synchronization.

Theme and Content: The theme of the music and the content of the video have an indirect connection. The music is characteristic of the hard rock genre, while the video features a KISS performance, a band iconic within that genre.  However, the video focuses on the charming interaction between the bassist and the child dressed as Gene Simmons, creating a lighthearted and appreciative atmosphere.  While the hard rock music doesn't clash with this scene, it also doesn't directly contribute to the specific narrative of mentorship or shared fandom. It functions more as background music setting a general tone rather than a soundtrack underscoring the specific events on screen.

Emotion: The emotional tone of the video is primarily relaxed and appreciative, centered on the child's evident admiration for the musician and the musician’s acknowledgment of the child.  The hard rock music, while energetic, doesn’t precisely align with this gentle emotion. The music expresses a more general sense of excitement and energy, which, while not entirely dissonant, doesn't fully capture the nuanced feelings of shared enjoyment and intergenerational bonding that the video showcases. The video maintains a consistent emotional tone, with no significant shifts in mood. The music's unchanging nature matches this static emotional landscape, although with a slightly different emotional flavor.

Cultural Relevance: Both the video and music relate to Western popular culture, specifically rock music and the band KISS. The costumes and instruments displayed clearly reference the band’s visual identity. However, beyond this shared reference to a specific band’s aesthetic, there aren't any broader or deeper cultural elements connecting the two. The video doesn't appear to contain geographical references. The music also lacks distinct cultural markers beyond the general hard rock genre to which it belongs. The focus remains firmly on the performance and interaction between the adult and child musicians.
",train,True,data/revision/videos/Jwkm98rh9f0.mp4,35.3,,002f5cee9defa1d9429a65bc6ef0c4a032a988c12199a9c1f3524d37b20b5ea5
27697,JwyB6EBU1k8,https://www.youtube.com/watch?v=JwyB6EBU1k8,"Rhythm and Synchronization: The music maintains a medium, consistent tempo throughout the video. While the video itself shows a series of distinct actions—unboxing, showcasing features, and demonstrating usage—there isn't a dynamic or rapid-fire editing style. The music's steady beat complements the deliberate pace of the video, creating a relaxed viewing experience.  Since there are no abrupt shifts in the video's visuals or the music's tempo, the overall feel is smooth and unhurried.

Theme and Content: The upbeat, almost whimsical music doesn't seem particularly tailored to the video's content, which focuses on a product review of open-ear earbuds. The music doesn't detract from the video's purpose, but it doesn't actively enhance or support the narrative about the earbuds either.  The thematic disconnect might be jarring for some viewers, as the lighthearted musical backdrop contrasts with the informational nature of the video.

Emotion: The music projects a sense of carefree joy and optimism. The video, on the other hand, primarily evokes a feeling of relaxation and calmness, particularly during the unboxing and app demonstration segments. While the upbeat music might not perfectly align with the core emotion of the video, it doesn't clash drastically either. The overall mood remains somewhat positive and easygoing.  The reviewer's calm demeanor and the structured presentation of the product information contribute to this sense of relaxation.

Cultural Relevance: Neither the music nor the video appear to incorporate or reference any specific cultural elements. The focus remains solely on the product and its features, avoiding any potential cultural connections or geographical references. This neutrality allows the video to maintain a broad appeal, not targeted towards any specific cultural group.
",train,True,data/revision/videos/JwyB6EBU1k8.mp4,54.46666666666667,,5c0b6673317db8b9f1faf0a7f771595e09ce1768a8c5cfcea360d87bc3cacd1c
24043,KNcbbdf6w_I,https://www.youtube.com/watch?v=KNcbbdf6w_I,"Here is an analysis of the provided video and music, incorporating the information conveyed by the labels:

Rhythm and Synchronization: The video exhibits a steady, unchanging visual of two individuals singing into a microphone. The music itself maintains a fast tempo throughout the clip. Since the visual is static, the music's pace doesn't necessarily match or mismatch the video’s pace in a traditional sense. Rather, the fast-paced music gives a sense of energy and intensity to the otherwise static visual.

Theme and Content: The song's title, ""The Resistance,"" and its lyrics about rising up and resisting control thematically connect to ideas of rebellion and defiance. While the video itself doesn't explicitly depict a narrative of resistance, the intense emotion in the singers’ expressions, particularly the lead singer’s, suggests a powerful message being conveyed. This independent narrative formed by the song lyrics and the singers' performance creates a strong thematic link. The performance aspect of the video complements the musical performance, creating a cohesive message centered on the song's themes.

Emotion: The music carries a strong, defiant energy.  The singers' facial expressions and body language while singing enhance the passionate and powerful delivery of the song’s message.  While the video is tagged with ""no_emotion,"" this more likely refers to the absence of a specific, depicted storyline with emotional arcs. The intensity of the performance and the music create a consistent emotional experience of strength and resistance. This emotional cohesion, combined with the intensity of the musical delivery, amplifies the impact of the performance, making it more engaging and powerful.

Cultural Relevance: Neither the music nor the video explicitly presents any discernible cultural elements. The setting is a simple room with some pictures on the wall and a Michael Myers figure, which does not point towards any specific cultural context. The performance itself, while emotionally charged, is not tied to any specific cultural tradition or symbolism. This aligns with the labels indicating an absence of cultural elements and geographical references. The focus remains solely on the musical performance and the lyrical themes.
",train,True,data/revision/videos/KNcbbdf6w_I.mp4,39.53333333333333,,225417f6c693d144b262a48c0ad03541ee0f430546218b070753464176d65fc6
3290,KSHxZE44iD0,https://www.youtube.com/watch?v=KSHxZE44iD0,"Rhythm and Synchronization: The music has a medium, upbeat tempo that generally aligns with the video's pace. The video showcases three different outfits, with transitions occurring roughly every 8-10 seconds. The music features a noticeable shift at the 4-second mark, coinciding with the first outfit transition, creating a sense of rhythmic punctuation between the introduction and the first outfit presentation.  While there aren't further prominent musical changes corresponding with every outfit transition, the consistent rhythm of the music provides a steady backdrop for the visual changes, contributing to a feeling of smooth, rhythmic coherence.

Theme and Content: The video's content focuses on showcasing simple yet stylish men's outfits, while the music seems to project a cheerful, carefree vibe. There's no inherent thematic connection between showcasing outfits and the chosen music.  The music doesn't enhance or detract from the core message of the video, which is to present outfit ideas.  They exist independently, with the music serving as a general background rather than a thematic complement.

Emotion: The video portrays a confident and relaxed atmosphere, as the presenter showcases each outfit with ease and assurance. The music, with its bright, upbeat melody, conveys a sense of happiness and cheerfulness. However, these emotions don't directly connect with the more neutral and informative tone of the video.  While both video and music maintain positive overall vibes, the specific emotions they project don't necessarily reinforce each other. The music functions primarily as an energetic element, rather than one designed to deepen the emotional resonance of the fashion content.

Cultural Relevance: Neither the music nor the video seem to contain any specific cultural references. The focus remains on fashion and music as separate entities without any intentional cultural underpinnings.  The video is primarily concerned with showcasing contemporary fashion, and the music offers a broadly appealing, genre-ambiguous soundscape, making cultural relevance negligible in this instance.
",train,True,data/revision/videos/KSHxZE44iD0.mp4,24.866666666666667,,97e1358cd4c416da30b1f563d43f121268ef3da35fbc0240c58ca4cbc24f2a49
33800,KZdiy8vUg_A,https://www.youtube.com/watch?v=KZdiy8vUg_A,"Rhythm and Synchronization: The music maintains a consistent, upbeat tempo throughout the video. The video, however, shifts in pace.  It begins with a slower pace as the woman prepares the food, and then transitions to a quicker pace as the couple begins eating.  Since there are no significant transitions or cuts in the video that coincide with musical changes, there's a lack of rhythmic synchronization between the audio and visual elements. The constant rhythm of the music feels somewhat detached from the changing actions in the video.

Theme and Content: The video depicts a couple having a meal. The music, on the other hand, has a playful, almost celebratory feel.  This creates a thematic disconnect, as the simple act of eating, while perhaps enjoyable, doesn’t align with the celebratory tone of the music.  The music doesn't contribute to the narrative of the video, which is primarily focused on the preparation and consumption of a meal.

Emotion: The video portrays a relatively neutral emotional tone. The individuals are focused on their meal, and their expressions don't convey any particularly strong emotions. The music, in contrast, evokes a sense of lightheartedness and joy. This mismatch in emotional tone is quite noticeable.  The music doesn’t amplify any existing emotion in the video and even adds an incongruous layer of cheerfulness.

Cultural Relevance: The video and music share a connection through the portrayal of food. The video showcases a meal, potentially suggesting a specific regional cuisine. Although the music doesn’t have any explicit geographical references, its upbeat nature could be associated with festive occasions, often celebrated with special foods in various cultures.  However, the specific cultural context of the food in the video isn’t explicitly connected to the style or theme of the music.  Therefore, the cultural relevance, while present in both elements independently, remains largely unrelated within the context of the combined audio-visual presentation.
",train,True,data/revision/videos/KZdiy8vUg_A.mp4,56.96666666666667,,8b1c3f19ab036e2f88af2e7347faeb669855c12e30fecbb4e9ff7faf602761f8
35701,KvPtxMvWGC8,https://www.youtube.com/watch?v=KvPtxMvWGC8,"Rhythm and Synchronization: The music maintains a consistent, medium tempo throughout, featuring a steady beat and a repetitive melodic phrase. The video, however, shifts between different shots and perspectives. At 0:02, the video transitions from a close-up of the two girls taking a selfie to a wider shot taken from a digital camera's display, with no corresponding change in the music. Similarly, at 0:04, the video cuts back to the close-up of the girls with another change in their pose, again without a shift in the music's rhythm or melody. These instances highlight the absence of rhythmic coherence between the video and the music. The cuts and transitions in the video do not correspond to any distinct changes or accents in the music, creating a sense of rhythmic disconnect. The music essentially plays on, seemingly oblivious to the visual changes happening in the video.

Theme and Content: The music carries a self-assured and upbeat vibe, with lyrics suggesting a theme of royalty and confidence. The video showcases a simple interaction of two friends taking a selfie and receiving a printed photo. Thematically, the confidence expressed in the music doesn't quite fit with the everyday nature of the video's content. The music could potentially work with a video showcasing achievement or overcoming obstacles, but it feels misplaced against the backdrop of a casual moment between friends. The disconnect arises from the grandiosity implied by the music against the mundane reality portrayed in the video.  The video doesn't tell a particular story or narrative that the music enhances.

Emotion: The music exudes confidence and a sense of self-worth, with an almost regal quality to it. The video, on the other hand, primarily portrays feelings of relaxed enjoyment and appreciation as the two friends share a lighthearted moment. There's a warmth and genuine connection between the two individuals in the video. These emotions are far more grounded and understated than the confident, almost boastful vibe of the music. The mismatch stems from this difference in intensity. The music aims for a high-energy, self-assured feel, while the video remains relaxed and appreciative. The music does not contribute to the emotional impact of the video but rather clashes with it.

Cultural Relevance: Neither the video nor the music features any readily discernible cultural elements or geographical references. The scene in the video appears relatively generic, taking place on a typical city street with a souvenir shop in the background. The music also lacks any distinct cultural markers in terms of instrumentation, melody, or lyrical content. Therefore, there isn't any cultural alignment or misalignment to discuss. Both the video and the music remain culturally neutral in their presentation.
",train,True,data/revision/videos/KvPtxMvWGC8.mp4,23.958824169052885,,a254d193026851e84d8dad0597e5b292ab2946cec61136053a0320a354b24b41
27299,KxObg9Hn6jA,https://www.youtube.com/watch?v=KxObg9Hn6jA,"Rhythm and Synchronization: The video features several distinct segments showcasing different aspects of the phone gimbal. While the music maintains a consistent, medium tempo throughout, it doesn't synchronize effectively with the visual transitions. For instance, at 0:28, the video cuts back to the presenter, yet there's no corresponding change in the music. This lack of rhythmic interplay between audio and visual elements creates a sense of disconnection.  The overall rhythmic feel is quite independent; the video progresses through its segments, while the music carries its own separate rhythm.

Theme and Content: The video's content, focused on a tech product review, clashes with the relaxed and somewhat ambient tone of the background music. The music doesn't reinforce the video's message about the gimbal's features and functionality. Instead, it creates a sense of disconnect, as if two separate entities are coexisting without a meaningful relationship. The music doesn't add any narrative depth to the product demonstration.

Emotion: The music evokes a sense of tranquility and relaxation, potentially even a subtle appreciation for something creative. However, the video remains predominantly informational and lacks strong emotional cues. The presenter maintains a neutral, no emotion tone throughout the demonstration. This mismatch between the music's tranquil vibe and the video's lack of distinct emotion creates an incongruity. The music, although pleasant, doesn't heighten the video's impact; rather, it seems to exist in a separate emotional sphere.

Cultural Relevance: Neither the video nor the music exhibits any overt cultural elements or geographical references. The video focuses on a universal product, the gimbal, and the music, with its ambient and generic style, lacks any distinct cultural markers. Therefore, there's neither a match nor a mismatch in terms of cultural relevance, as both remain culturally neutral.
",train,True,data/revision/videos/KxObg9Hn6jA.mp4,38.86666666666667,,a3f3c1e753c8f33856844408a993cdffceff9589702b15860f03ddee177e1881
33448,Kxih4AmspNE,https://www.youtube.com/watch?v=Kxih4AmspNE,"Rhythm and Synchronization: The music maintains a consistent, medium tempo throughout, which generally aligns with the video's pace. The video itself features a series of relatively short clips showcasing different food items and the creator's reactions to them. Since the video doesn't have distinct scene transitions or pronounced changes in visual rhythm, there aren't specific moments where the music attempts to synchronize with the visuals in a noticeable way.  Instead, the music provides a steady backdrop to the changing visuals.

Theme and Content: The upbeat, pop-style music doesn't have a clear thematic connection to the video's content, which focuses on a food review at Disneyland. The music could be used for various types of videos and doesn't particularly enhance or detract from the video's core message about the cost and quality of Disneyland food. The lack of a lyrical component in the music further contributes to this thematic disconnect.

Emotion: The video largely presents a neutral emotional tone, primarily focused on delivering information about the food. The creator expresses some reactions, ranging from enjoyment to disappointment, but these emotions are brief and don't dominate the video's overall mood. The music, with its upbeat tempo and major key, has a more positive and energetic feel, which contrasts slightly with the video's primarily informational approach. While the music isn't jarring, it doesn't particularly amplify or deepen the emotional impact of the video's content.

Cultural Relevance: Neither the video nor the music contains particularly strong cultural references. The video's setting at Disneyland might evoke American pop culture for some viewers, but the primary focus remains on the food review.  The music itself is generic and doesn't feature any distinct cultural markers. Therefore, there is neither a clear alignment nor a clash in terms of cultural relevance between the music and the video. They remain largely independent in this regard.
",train,True,data/revision/videos/Kxih4AmspNE.mp4,49.816433333333336,,57351818441fe77f4faa6e8bbef57201f757cc7fae98afae77a0f7962a3f8991
13649,L402imEpzyo,https://www.youtube.com/watch?v=L402imEpzyo,"Rhythm and Synchronization: The fast tempo of the music aligns well with the overall energetic feel of the video. While the video itself is a continuous shot without distinct cuts or edits for much of its duration, there's a noticeable synchronization at the 8-second mark. As the young baseball player throws the ball, the music swells, emphasizing this pivotal moment in the action. This synchronization between the audio and visual cues accentuates the power and determination behind the throw, contributing to the overall dynamic feel of the clip.

Theme and Content: The music, while energetic and driving, isn't directly related to the video's content. The video focuses on a young baseball player preparing to and ultimately throwing a ball. The music, however, doesn't specifically evoke themes of baseball, sports, or competition. Instead, it creates a general sense of momentum and energy, which indirectly complements the video's focus on action and determination. The lack of a clear thematic connection might be because the audio is likely a general trending sound used on TikTok rather than something specifically chosen for this particular video.

Emotion: The video projects a sense of energy and confidence, primarily conveyed through the pitcher’s focused demeanor and determined action of throwing the ball.  The upbeat, driving nature of the music mirrors this energy. While the music doesn't necessarily deepen the specific emotion of ""confidence"" displayed by the pitcher, it does enhance the overall feeling of dynamism and action. It contributes to the emotional impression of the scene without necessarily being emotionally identical to the video's specific message.

Cultural Relevance: Neither the video nor the music appears to contain any specific cultural elements or geographical references. The video features a common childhood sport, baseball, within a typical American setting, but it doesn't delve into any deeper cultural aspects. Similarly, the music is fairly generic and doesn't appear to be associated with any particular culture or location. Therefore, while both elements lack distinct cultural markers, their combination doesn't create any cultural dissonance or misrepresentation. The overall feel is quite universal and accessible to viewers from various cultural backgrounds.
",test,True,data/revision/videos/L402imEpzyo.mp4,17.233333333333334,,2ebb0939a5c0179510b32bf0a12021a431d03c42145b349b202c400cca3ce613
27239,L6aj2ArXJsQ,https://www.youtube.com/watch?v=L6aj2ArXJsQ,"Rhythm and Synchronization: The music maintains a consistent, medium tempo throughout.  The video itself has a steady, deliberate pace as the keyboard shortcuts are demonstrated. While there aren't any abrupt transitions or cuts in the video that would necessitate sharp musical changes, the consistent tempo of the music complements the methodical nature of the video's actions. The overall feel is one of rhythmic coherence; the music neither rushes nor lags behind the visual presentation, creating a relatively smooth and unified experience.

Theme and Content: The video demonstrates a keyboard shortcut function on a computer.  The music, however, is upbeat and playful, with a light, almost whimsical feel.  Thematically, these two elements don't connect.  The music doesn't enhance or relate to the instructional nature of the video; it doesn't tell a story or provide a particular context that would complement the content.  There's a definite thematic dissonance, with the playful music contrasting sharply with the straightforward functionality displayed in the video.

Emotion: The video itself is purely informational and doesn't evoke any particular emotion. It simply presents a set of instructions. The music, on the other hand, has a cheerful and lighthearted quality.  This creates a disconnect; the emotions implied by the music (joy, playfulness) don't align with the neutral tone of the video. The music doesn't necessarily elevate the emotional impact, as there's no inherent emotion in the video to be amplified. Rather, it creates a slightly jarring juxtaposition.

Cultural Relevance: There are no discernible cultural elements in the music itself.  While the video features an image of a Hindu deity on the computer screen, this religious imagery doesn't appear to connect with the music in any meaningful way.  Neither the music nor the brief visual glimpse of the deity provides enough context to establish shared cultural elements.  Therefore, there's no clear cultural connection or relevance between the auditory and visual components.  The image on the screen stands as an isolated element, not reflected or supported by the musical choice.
",train,True,data/revision/videos/L6aj2ArXJsQ.mp4,22.958333333333332,,cadb7fd843167c2b03de1f1af49f7d52218d11e552a744f7b997199065fd6b91
24353,LLye7bG4T-Q,https://www.youtube.com/watch?v=LLye7bG4T-Q,"Rhythm and Synchronization: The video features a series of quick cuts showcasing various scenes and visuals.  The music, a relatively fast-paced electronic track, doesn't seem to be edited or structured to specifically synchronize with these cuts. This creates a sense of detachment between the audio and visual elements. While the fast tempo of the music somewhat mirrors the rapid visual transitions, there isn't a discernible rhythmic connection, creating a somewhat frenetic, but unsynchronized feel.

Theme and Content: The video appears to be promoting ""Inside Out 2,"" using imagery of the characters superimposed onto brightly colored buildings in Burano, Italy. However, the electronic music doesn't share any thematic connection with the movie or the location. The music's modern and somewhat generic feel clashes with the whimsical and family-friendly nature of the film's characters and the picturesque Italian setting. There is a significant thematic dissonance, making the pairing feel somewhat random.

Emotion: The video attempts to evoke a sense of wonder and excitement by showcasing the vibrant buildings of Burano and incorporating the charming characters from ""Inside Out 2.""  However, the music maintains a relatively neutral emotional tone.  It's energetic but doesn't convey any specific emotion like joy or wonder. This lack of emotional alignment diminishes the potential impact of the video. While the visuals hint at the emotional richness of the film, the music doesn't amplify these feelings.

Cultural Relevance: The video clearly references Burano, Italy, a location known for its colorful houses. This visual element gives the video a specific cultural context. However, the music lacks any identifiable cultural elements. It doesn't incorporate Italian musical styles or any sounds that would tie it to the location presented in the video. This disconnect diminishes the cohesive cultural message the video could have potentially conveyed. The lack of cultural relevance in the music creates a mismatch with the video’s strong geographic focus.
",train,True,data/revision/videos/LLye7bG4T-Q.mp4,57.68,,156ccc8a22aaf8c8418521f080620da1a4013bae4d41df7b16c521471fdecb76
12790,LNdZbik0fnI,https://www.youtube.com/watch?v=LNdZbik0fnI,"Rhythm and Synchronization: The music maintains a medium tempo throughout, aligning well with the overall pace of the video, which depicts a romantic setting and a couple's journey through it. The music doesn't change drastically during scene transitions, preserving a consistent rhythmic feel. For instance, as the couple enters the scene at 0:02, and later when their attire changes around 0:17, the music continues its flow without any significant shifts in rhythm or tempo. This continuity contributes to a sense of calmness and gentle progression, mirroring the unhurried pace of the couple's actions. Despite the lack of sharp synchronization at these transitions, the constant tempo of the music provides a steady backdrop to the evolving visuals, creating a sense of harmony rather than dissonance.

Theme and Content: While the music and video share the common ground of romance, they are not directly related in terms of content. The music speaks of a blossoming love story, using poetic language about dreams, glances, and blossoming flowers. The video, on the other hand, showcases a couple celebrating their anniversary, as evidenced by the years ""1996"" and ""2023"" spelled out in flower petals. The heart-shaped floral arrangements, balloons, and canopy further reinforce the anniversary celebration. While the music's romantic theme is generally suitable for the video's context, it doesn't directly narrate or add specific meaning to the couple's story. It serves more as a pleasant backdrop evoking a romantic mood rather than a thematic reinforcement of the video's specific message.

Emotion: The music and video evoke a sense of romance and appreciation. The gentle melody and lyrics of the music create a warm and affectionate ambiance, while the video visually portrays a loving couple enjoying a special occasion. The couple's expressions and actions, coupled with the carefully arranged romantic decor, express appreciation for their shared history and enduring love.  While the video's emotional focus leans towards a quiet, mature love and appreciation, the music's lyrics, dealing with blossoming love and longing glances, tilt towards a more youthful and passionate stage of romance. This subtle difference in emotional tone creates a partial but not complete consistency. The music adds an element of general romantic warmth, but it doesn't precisely mirror the specific nuances of the couple's mature affection displayed in the video.

Cultural Relevance: The video offers glimpses into Indian culture, primarily through the couple's attire. The woman wears traditional Indian clothing, showcasing a cultural specificity that anchors the video within a particular geographical and societal context. The music, however, lacks any distinct cultural markers, sounding more universal in its musical style and lyrical content. This disparity creates a subtle disconnect between the cultural expressions of the two mediums. While the video grounds itself in Indian culture, the music’s broader, less culturally specific nature means it doesn’t particularly amplify or detract from the cultural cues in the video. They exist in separate cultural spheres – the video in the specific, and the music in the general.
",val,True,data/revision/videos/LNdZbik0fnI.mp4,42.333333333333336,,67dc6beb7eabfb75b2bff0217f1cfd7c0aa1d4fed13e32251936cd1b9db3a9a2
34429,LUXve9hfjAc,https://www.youtube.com/watch?v=LUXve9hfjAc,"Rhythm and Synchronization: The music maintains a consistent, upbeat tempo throughout, while the video's pace varies. The video depicts a hair tutorial, with moments of detailed action interspersed with more static shots of the presenter.  Since the video features minimal dynamic transitions or cuts, there aren't distinct points of rhythmic synchronization or dissonance between the audio and visual elements. This lack of rhythmic interplay gives the impression that the music is simply overlaid on the video, rather than being integrated into its structure.

Theme and Content: The upbeat, pop-style music contrasts sharply with the instructional nature of the video.  The song's lyrics, which seem to center on a romantic or playful interaction, don't connect to the theme of creating a specific hairstyle. The music doesn't contribute to the tutorial's message or narrative, resulting in a thematic mismatch.

Emotion: The music evokes a sense of cheerfulness and energy, while the video presents a calm and focused tutorial.  The presenter demonstrates the hairstyle methodically, creating a neutral emotional tone. This disparity in emotional tone creates a disconnect between the upbeat music and the practical, instructional nature of the video. The music doesn't enhance the video's relatively neutral emotional impact; if anything, it detracts from it.

Cultural Relevance:  Neither the music nor the video appear to feature specific cultural elements or geographic references.  Both are fairly generic in their presentation, lacking any discernible cultural context. This absence of shared cultural elements reinforces the overall lack of cohesion between the video and the music.
",train,True,data/revision/videos/LUXve9hfjAc.mp4,52.266666666666666,,9350b4e778c4930c379b8c69baaca6acd96a20cc319e71e7d8adfb0d03be9bf1
43762,Lbf8kM8JDyE,https://www.youtube.com/watch?v=Lbf8kM8JDyE,"Rhythm and Synchronization: The music maintains a consistent, moderately fast tempo throughout. The video, showcasing a craft project, progresses through distinct stages: creating individual components, assembling them, and finally displaying the finished product.  The transitions between these stages, occurring around the 0:13 and 0:30 marks, are smooth but don't coincide with any noticeable shifts in the music's rhythm or melody. This creates a sense of continuity, with the music acting as a backdrop rather than a direct commentary on the video's action.  While the visual transitions aren't directly synchronized to the music, the relatively quick pace of both elements contributes to a dynamic feel, keeping the viewer engaged.

Theme and Content: The video demonstrates the creation of a decorative hanging made from yarn and rings. It's a practical, visually driven process. The music, however, seems to tell a story of longing and unrequited affection. The lyrics express a sense of disappointment and the desire for a connection that remains elusive. Thematically, the music and video don't seem to have a direct connection. The craft project doesn't appear to be related to the emotions expressed in the song.

Emotion: The video evokes a sense of appreciation for creativity and craftsmanship. The meticulous process of creating the decoration is presented in a positive, perhaps even celebratory, light. In contrast, the music carries a melancholic and yearning tone.  The lyrics, expressing disappointment and unfulfilled desire, create a distinct emotional atmosphere that doesn't align with the positive, creative energy of the video.  This emotional dissonance is quite pronounced, with the music and video seemingly existing in separate emotional realms.

Cultural Relevance: The woman in the video is wearing a traditional South Asian outfit known as a salwar kameez. This suggests a specific cultural context. While the music is in a South Asian language, its theme of unrequited love is universal and doesn't necessarily tie into any specific cultural practices or traditions.  The craft project itself, while aesthetically pleasing, doesn't appear to have any particular cultural significance.  So, while the video offers a glimpse into South Asian attire, there isn't a strong or cohesive cultural link between the music and video beyond this visual element.
",train,True,data/revision/videos/Lbf8kM8JDyE.mp4,35.32,,5e8af96aa9915c3e46a8b7292bdedb0193738cdc80d40fe77cf3b3241e1ecc68
32871,LfWSq5dS96g,https://www.youtube.com/watch?v=LfWSq5dS96g,"Rhythm and Synchronization: The music's moderate tempo aligns well with the overall relaxed pace of the video. The video itself doesn't have sharp transitions or dynamic cuts, showcasing a consistent, flowing feel. This lack of distinct visual changes means the music's rhythm doesn't have specific moments to synchronize with, but the steady, upbeat nature of the music complements the video's gentle flow and enhances the easygoing mood.


Theme and Content: The video focuses on a domestic morning routine shared with a partner, highlighting everyday moments like sharing coffee and deciding what to cook for lunch. While the music is pleasant and upbeat, its theme doesn't directly relate to the content of the video. It doesn't tell a specific story or convey a message that complements or reinforces the video's narrative.  Instead, the music provides a positive background atmosphere that doesn't clash with the video's portrayal of a peaceful morning.


Emotion: The video conveys a sense of happiness and relaxation. The narrator's cheerful demeanor and the calming visuals of the rain and plants contribute to this overall feeling.  The music also has a generally happy and optimistic tone. While it may not perfectly mirror the specific nuances of the video's relaxed mood, it does contribute positively to the overall atmosphere. The music's upbeat nature amplifies the joyful aspects of the video, even if it doesn't precisely capture the quiet contentment.


Cultural Relevance: Neither the music nor the video seem to contain specific cultural elements or geographical references. The video depicts a relatable domestic scene, while the music provides a generic positive backdrop. This lack of specific cultural markers makes the combination broadly applicable and accessible to a wide audience.
",train,True,data/revision/videos/LfWSq5dS96g.mp4,51.8,,222f7eed595501edf8f321255c4f66154c235326aeb404a7f5484d92fcefdfe2
3160,LfdNKnFobC0,https://www.youtube.com/watch?v=LfdNKnFobC0,"Rhythm and Synchronization: The music maintains a consistent, medium tempo throughout, featuring a repetitive melodic phrase and rhythmic pattern. The video, while demonstrating the application of door sealing tape, does not have a strong inherent rhythm.  While the music does shift slightly around the 2-second mark, coinciding with the introduction of the door sealing tape in the video (indicated by the B tag at 00:02), this is a minor change in the music and doesn't create a sense of rhythmic synchronization.  The video transitions, especially the close-up on the tape application around the 8-second mark and the subsequent view of the sealed door, don't correspond to any significant rhythmic or melodic changes in the music.  Overall, the music and video exist independently in terms of rhythm, with no real interplay between the two.

Theme and Content: The content of the video, a demonstration of using door seal tape, is practical and informational. The music, in contrast, has a lighthearted and somewhat whimsical tone. There's a disconnect between the functional nature of the video and the more abstract feel of the music.  The music doesn't enhance or relate to the video's instructional message about soundproofing.

Emotion: The video evokes a sense of practicality and perhaps slight appreciation for a helpful household tip. The music, on the other hand, conveys a sense of carefree joy and lightheartedness. This creates a significant mismatch in emotional tone.  The music's bright, major key melody clashes with the straightforward, informational nature of the video. The music doesn't elevate or amplify any particular emotion related to the video's content; instead, it introduces a contrasting emotional layer that feels out of place.

Cultural Relevance: Neither the video nor the music appears to contain any specific cultural references. The video focuses on a universally applicable home improvement technique, and the music itself is generic and doesn't seem rooted in any particular cultural tradition or geographical location. Both lack identifiable cultural markers, so while they don't clash culturally, they also don't offer any meaningful connection in this aspect.
",train,True,data/revision/videos/LfdNKnFobC0.mp4,14.466666666666667,,18b47f529352bae06d3020de42002f2adb3d765d2c0fe0821e5fa7a4315b9deb
35757,LtH-vu9KcUQ,https://www.youtube.com/watch?v=LtH-vu9KcUQ,"Rhythm and Synchronization: The fast-paced, driving rhythm of the hip-hop track feels somewhat disconnected from the video's content. The video depicts a relatively static scene of a ski slope with people skiing, snowboarding, and riding ski lifts. While there is some movement within the frame, the overall pace of the video is more relaxed and observational than the energetic feel of the music. There aren't any distinct transitions or cuts in the video that align with changes in the music's rhythm, contributing to the sense of rhythmic dissonance.

Theme and Content: The themes of the hip-hop track, which centers around material possessions and braggadocio, clash with the winter sports setting of the video. The lyrics about diamonds and expensive items don't seem to have any connection to the activities depicted on the ski slope.  This creates a thematic dissonance that detracts from the overall viewing experience.  The music doesn't add any narrative layer to the video, nor does it enhance any particular message. It feels superimposed on the video rather than integrated into it.

Emotion: The music exudes confidence and boasts a high energy, while the video itself evokes no particular strong emotion. It's a simple observation of a winter scene, not designed to elicit any specific feeling from the viewer. This mismatch in emotional tone further emphasizes the disconnect between the audio and visual components. The music doesn't enhance the emotional impact of the video; if anything, it detracts from it by imposing an incongruous emotional layer.

Cultural Relevance: There are no discernible cultural connections between the music and the video. The hip-hop track doesn't reference winter sports or any activities related to skiing or snowboarding.  Likewise, the video doesn't contain any elements that would suggest a connection to hip-hop culture. The video appears to be a generic depiction of a ski resort, lacking any specific geographic or cultural markers. Consequently, there's no cultural alignment between the music and the visual content.
",train,True,data/revision/videos/LtH-vu9KcUQ.mp4,6.6,,54837cbef48bc04e6fd4d044d3e8b66f25503a755611868f2da426828a1ea2dd
17849,LttyI8x0RVc,https://www.youtube.com/watch?v=LttyI8x0RVc,"Rhythm and Synchronization: The music features a consistent, upbeat tempo, which contrasts with the relatively static nature of the video. The video primarily consists of text-based slides and simple animations, resulting in minimal visual dynamism.  The constant tempo of the music, therefore, doesn't have distinct visual cues to synchronize with. While there's no direct clash, the lack of rhythmic variation in either the video or the music creates a sense of disconnect. The music's pace feels somewhat detached from the video's presentation style, which is more focused on conveying information rather than creating a dynamic visual experience.

Theme and Content: The video focuses on sources of sentiment data for trading analysis, a serious and information-heavy topic. The music, on the other hand, has a light, almost whimsical quality. This creates a thematic dissonance. The music doesn't reinforce or support the video's educational purpose.  Instead, the upbeat and somewhat playful nature of the music clashes with the serious tone of the information being presented.

Emotion: The video maintains a neutral, informative tone, devoid of any strong emotional cues. It aims to convey information clearly and concisely.  The music, while upbeat, isn't particularly evocative of strong emotions. It might be described as generally positive or playful, but it doesn't convey deep joy or excitement. The mismatch arises because the music's lightheartedness doesn't align with the video's neutral and educational intent. The music doesn't enhance or deepen the video's emotional impact; if anything, it might slightly distract from the message.

Cultural Relevance: Neither the video nor the music appears to have specific cultural elements or geographical references. The video focuses on a general financial concept applicable across cultures, and the music is similarly generic in its style.  There's no observable cultural connection or dissonance between the two. They simply exist in separate cultural spheres, neither reinforcing nor contradicting each other.
",train,True,data/revision/videos/LttyI8x0RVc.mp4,55.766666666666666,,b2db04a4623a7a09c08da033032af9bd68e78df4cf449b4573364efd861cf335
31171,LvaxJL5u5ug,https://www.youtube.com/watch?v=LvaxJL5u5ug,"Rhythm and Synchronization: The music maintains a consistent, moderately fast tempo throughout, providing a steady backdrop to the video. While the video itself doesn't have distinct cuts or transitions, the music's internal rhythm aligns with the performance's energy.  The drummer, guitarist, and bassist keep time with the vocalist, creating a cohesive rhythmic feel.  There are no abrupt shifts in the music that would jar against the visual continuity of the performance, making for a smooth and integrated audio-visual experience.

Theme and Content: The song's theme centers on the complex emotions of a difficult relationship, expressing feelings of hurt and vulnerability.  The video, on the other hand, presents a straightforward band performance.  While the vocalist emotes the lyrics, the visual context of the performance doesn't explicitly narrate the song's story.  The warehouse setting and the simple presentation of the band contribute to a more relaxed and informal vibe, which isn’t directly tied to the lyrical content.  The content is indirectly related in that the video is meant to showcase the music that tells this story, but there is no narrative being built within the video itself. The song and video exist independently, rather than working together to convey the same narrative.

Emotion: The music possesses a melancholic undertone, reflected in the lyrics and the minor key tonality. The vocalist's delivery also adds to this emotional weight. However, the video's overall tone is more relaxed and appreciative. The performers seem to enjoy playing together, and the casual setting further softens the mood.  While the vocalist’s expressions convey some of the song's sadness, the overall emotional impression leans more towards appreciation for the music and the performance.  This creates a slight dissonance, where the music's emotional depth isn't fully mirrored in the visual presentation. The music and the video have a different level of emotional intensity. The song itself conveys a single emotion - sadness, which is only partially represented by the visual tone of the video.

Cultural Relevance:  Neither the music nor the video displays overt cultural elements.  The setting is a generic warehouse space, and the band's attire and instruments are common in contemporary music scenes.  The focus is solely on the musical performance, without any specific geographical or cultural references. Thus, while there is no cultural clash, there's also no shared cultural ground between the music and the video. There aren’t any cultural elements to assess or relate to.",train,True,data/revision/videos/LvaxJL5u5ug.mp4,55.5,,8abd0bb2ed7be8804920d1c7ae6298f3a551ce17d40c5a2e31a17aa603beee40
21264,M0YmWZHl7_M,https://www.youtube.com/watch?v=M0YmWZHl7_M,"Rhythm and Synchronization: The music maintains a medium, consistent tempo throughout the video.  Given that the video itself features a series of relatively static shots and transitions, there isn't a strong demand for dynamic musical synchronization. The music's steady beat provides a consistent backdrop to the visuals, even as the video shifts between showing the glowing rock, people searching for it, and the cartoon segments. Although the music doesn’t react to specific visual cues or transitions, its overall tempo aligns well with the general pace of the video. It neither rushes nor lags behind the visual narrative.

Theme and Content: The music's playful, somewhat whimsical nature contrasts with the video's educational and promotional tone.  The video focuses on a unique type of rock that glows under UV light and includes elements like pricing and calls to action. These elements don’t align with the lighthearted, almost childish feel of the music. The cartoon segments further emphasize this thematic disconnect. While the video tries to convey the potential value and intriguing nature of the rock, the music's tone trivializes the message, creating a sense of dissonance.

Emotion: The music has a generally cheerful and lighthearted tone. However, the video largely presents information without attempting to evoke a strong emotional response.  The video shifts from curiosity about the glowing rocks to humor and even a mild appeal to fear with the ghost image. However, none of these emotional cues are reflected or amplified by the music. Instead, the music’s constant upbeat nature creates a disconnect, undermining the potential emotional impact of certain scenes, like the glowing rock on the beach or the suggestion of ghostly apparitions.

Cultural Relevance:  There's no discernible shared cultural connection between the music and the video. The video depicts rocks that glow under UV light, touches on concepts of financial gain, features safety instructions for finding these rocks, and includes seemingly random Japanese cartoon clips. The music, however, lacks any identifiable cultural markers that could link it to the content of the video. This lack of cultural coherence further emphasizes the disjointed nature of the two elements.
",val,True,data/revision/videos/M0YmWZHl7_M.mp4,45.43333333333333,,37011daf6af4d8431d55f54aca7df90451c6fb1685b6bee4a6834a61feb9a665
6247,MMaqUNvj70w,https://www.youtube.com/watch?v=MMaqUNvj70w,"Rhythm and Synchronization: The music maintains a consistent, fast tempo throughout the video. However, the rhythmic relationship between the music and the video is largely disconnected. The choreography doesn't appear specifically designed to align with the beats or melodic phrasing of the song. While the dancers move energetically, their movements don't consistently synchronize with the musical accents, creating a sense of rhythmic independence between the two. The lack of specific timestamps indicating synchronization further reinforces this observation. 

Theme and Content: The video showcases a group dance performance in a studio setting. The lyrics of the song, which center around themes of love, gossip, and interpersonal relationships, don't have a clear connection to the visual content of the dance practice.  The music serves as a backdrop for the dancers' energetic display, but it doesn't enhance or complement any particular narrative or message within the video.

Emotion: The music has a generally upbeat and energetic feel, which aligns somewhat with the dynamism of the dance. The dancers appear cheerful, confident, and engaged in their practice, projecting a sense of positive energy. However, the emotional tone of the music, which hints at a slightly playful or even cheeky mood due to the lyrical content, doesn't fully resonate with the focused and practice-oriented atmosphere of the video.  This creates a slight emotional disconnect.

Cultural Relevance: The music is a contemporary pop song, and the video features a modern dance practice in a generic studio environment. Neither the music nor the video overtly displays any specific cultural elements or geographical references. The visual and auditory elements exist in a culturally neutral space, further emphasizing the absence of any thematic or cultural link between them.
",train,True,data/revision/videos/MMaqUNvj70w.mp4,60.0,,3a1be21919760f9375939ca4939808872c51e0aecb310a33627b7fefe965ef9e
28365,MNh0hvhAC-c,https://www.youtube.com/watch?v=MNh0hvhAC-c,"Rhythm and Synchronization: The music's medium tempo generally aligns with the video's pace, which showcases a car being driven up a ramp and into a showroom.  The overall flow is relatively smooth. While there isn't a pronounced beat that dictates hard cuts or transitions in the video, the music maintains a consistent rhythm that complements the steady movement of the car. There's a subtle shift in the video around the 9-second mark as the car completes its ascent onto the ramp and the camera angle changes, and there is no apparent corresponding shift in the music. This suggests the synchronization is not precise but rather a general alignment in rhythmic feel.

Theme and Content: The music and video content are indirectly related. The video presents a fairly straightforward depiction of a new car, likely being delivered to a dealership. The music, seemingly Punjabi rap, discusses ""Hollywood music"" and ""lyrics."" While both touch on the theme of modern trends and potentially status, the connection is not strong. The music doesn't explicitly enhance the narrative of the car's arrival, nor does it introduce a conflicting message. They co-exist without a direct thematic link.

Emotion: The video is emotionally neutral, simply documenting the car's movement. The music, on the other hand, projects a confident, perhaps slightly boastful tone, typical of the rap genre. While the video doesn't evoke a specific emotion, the music's energy contrasts with the passive nature of the visuals. This creates a degree of emotional dissonance. The music doesn't necessarily elevate the emotional impact of the video, but it adds an element of style and dynamism that the visuals lack.

Cultural Relevance:  The video appears to have been filmed in India, as suggested by the car's license plate and the surrounding environment. The music is likely Punjabi rap, which gives the video a regional cultural context. While both video and audio have potential ties to Indian culture, they aren't explicitly linked. The lyrical content of the music doesn't specifically relate to the car or the act of buying a car, weakening the cultural connection between the two.  The video itself contains no distinct cultural elements beyond its setting.
",train,True,data/revision/videos/MNh0hvhAC-c.mp4,9.44,,929aacb2c178a2b4582f53cf76e93dccc1df4ed3eaa0a9854cd661ce276715af
31027,MOlHd0aYv0w,https://www.youtube.com/watch?v=MOlHd0aYv0w,"Rhythm and Synchronization: The music maintains a relatively slow and steady tempo throughout. The dancers' movements, however, are more dynamic and energetic, creating a noticeable disconnect between the two. There aren't any distinct points where the music changes synchronously with shifts in the choreography. This lack of rhythmic coherence between the music and video makes the overall presentation feel somewhat disjointed. The dancers seem to be performing to their own internal rhythm, rather than being driven by the music.

Theme and Content: The lyrics of the song, while romantic and mellow, do not seem to connect thematically with the energetic dance performance showcased in the video. The song speaks of intimate feelings and personal experiences, whereas the dancers project confidence, energy, and a more outward-focused expression. This thematic dissonance between the audio and visual elements hinders a cohesive narrative.

Emotion: The music conveys a sense of gentle longing and romantic affection. The video, on the other hand, projects an energetic and cheerful vibe. The dancers appear confident and relaxed, enjoying their performance, which contrasts sharply with the more introspective and mellow mood of the song.  This mismatch in emotional tone lessens the overall impact and prevents the music from effectively elevating the video's emotional expression.

Cultural Relevance: Neither the music nor the video exhibit strong ties to any particular cultural tradition. The song, while sung in Hindi, doesn't seem to incorporate any specific cultural references beyond the language itself.  Similarly, the dance style and the setting of the video are generic and lack clear cultural markers.  There is no discernible geographic referencing in either element. This absence of shared or distinctive cultural elements contributes to the overall sense of disconnect between the audio and visual components.
",train,True,data/revision/videos/MOlHd0aYv0w.mp4,25.466666666666665,,77032027c946582df8997c3ee86ec6464da4216fd324c70cf5753377b1f1cdf5
1058,MTObgMtRmnU,https://www.youtube.com/watch?v=MTObgMtRmnU,"Rhythm and Synchronization: The music maintains a consistently fast tempo throughout the video. This upbeat pace aligns well with the quick cuts and transitions between different stages of the makeup application process, creating a dynamic and engaging viewing experience.  Although there isn't a sharp musical change at each video transition, the constant rhythm of the music provides a cohesive backdrop for the visual progression. For instance, around the 43-second mark, the video transitions to the final makeup look, but the music continues its flow without a noticeable shift. This supports the idea that the music functions as a consistent energetic foundation rather than highlighting individual steps in the makeup routine.

Theme and Content: The music's theme doesn’t directly relate to the video's content of a makeup tutorial. The lyrics focus on romantic interest and attraction, while the video demonstrates makeup application.  While the music doesn't explicitly enhance the tutorial aspect, its upbeat nature could be interpreted as setting a positive and confident mood for learning and experimenting with makeup.

Emotion: The music expresses feelings of attraction, confidence, and pursuit. The video, on the other hand, conveys creativity, confidence, and an appreciation for makeup artistry. While there's a shared element of confidence, the specific emotions don't perfectly overlap. The music's romantic overtones contrast slightly with the more practical and artistic focus of the makeup tutorial, leading to a partially consistent emotional connection. The music adds a layer of energy but doesn't necessarily amplify the core emotions expressed by the video itself.

Cultural Relevance: Neither the music nor the video incorporates any readily identifiable cultural elements. The focus remains on the individual performing the makeup tutorial and the general themes of romance in the music, without referencing specific geographical locations or cultural practices. This absence of cultural markers contributes to the video's broader appeal and avoids any potential misinterpretations or misrepresentations.
",train,True,data/revision/videos/MTObgMtRmnU.mp4,46.833333333333336,,78cf7c71983a969afa5f01db4abffee1cdf603004b727782047215768ae289f0
43055,MZu_SveXNuo,https://www.youtube.com/watch?v=MZu_SveXNuo,"Rhythm and Synchronization: The video exhibits a dynamic interplay between scene transitions and musical shifts, creating a strong sense of rhythmic synchronization.  At several points, like 0:03, 0:11, and 0:41, the cuts between different locations and dance sequences align perfectly with changes in the music's tempo, instrumentation, or melodic phrasing. These synchronized moments enhance the video's energy and highlight the dancers' movements, effectively weaving the visual and auditory elements into a cohesive whole.  The variety in pacing, from slower, more deliberate segments to faster, more energetic bursts, keeps the viewer engaged and reflects the shifts in the music itself.

Theme and Content: The video and music share a clear thematic connection. Both exude a vibrant and celebratory atmosphere, with the music's upbeat tempo and lively instrumentation mirroring the dancers' enthusiastic movements. The visuals and audio complement each other, creating a cohesive and unified narrative. The dance, costumes, and overall energy convey a sense of joy and celebration, perfectly matched by the music's festive tone.

Emotion: Both the music and the visuals project a strong sense of happiness, energy, and cheerfulness.  The dancers' smiles and dynamic movements convey an infectious joy that is mirrored in the uplifting melody and rhythmic pulse of the music.  Their confidence and exuberance are reflected in the music's vibrant and driving energy, resulting in a consistently positive emotional experience.  The combined effect is one of contagious enthusiasm and pure joy.

Cultural Relevance:  The video incorporates cultural elements, particularly through the traditional attire worn by the dancers. These clothing choices suggest a specific regional or ethnic identity, grounding the performance in a particular cultural context.  The music, while modern in its production, incorporates rhythmic and melodic elements that further enhance this cultural connection. This harmonious blend of traditional and contemporary elements creates a rich and nuanced cultural statement.
",train,True,data/revision/videos/MZu_SveXNuo.mp4,58.2,,5035724de2b025b2d6d9a5676b414c54f3bec5b7120894fc5658c64f26239443
19803,MhGus_qPGu0,https://www.youtube.com/watch?v=MhGus_qPGu0,"Rhythm and Synchronization: The music's fast tempo effectively matches the overall energetic and playful vibe of the video.  The rhythmic coherence is particularly noticeable at the 30-second mark where a distinct change in the music coincides perfectly with a transition in the video. This precise synchronization emphasizes the shift from the performance with the pot to the closing screen, creating a clear sense of finality. The consistent beat throughout the music also underscores the repetitive nature of the man's actions with the pot, further enhancing the rhythmic connection between audio and visual elements.

Theme and Content:  While the upbeat music contributes to the overall lightheartedness of the video, the thematic connection between the two is indirect. The video primarily focuses on a man playfully using a cooking pot as a musical instrument, while the music, though rhythmic, doesn't specifically relate to cooking, kitchenware, or homemade music.  It simply provides a vibrant backdrop to the man's actions without directly enhancing or shaping the video's core message.

Emotion: The music's upbeat and cheerful style partially aligns with the happy and relaxed tone of the video.  The man’s expressions and actions convey joy and lightheartedness, and the music's energetic rhythm echoes this sentiment to some extent. However, the music lacks the nuances that would fully reflect the more relaxed aspects of the video. The consistent, driving beat maintains a level of intensity that doesn't quite capture the casual, easygoing nature of the man's performance.  While the music contributes to a generally positive atmosphere, it doesn't fully amplify the video's specific emotional blend of happiness and relaxation.

Cultural Relevance: Neither the music nor the video appears to incorporate specific cultural elements or geographical references. The man's actions with the pot could be interpreted as a form of improvised musical expression, but there's no clear indication of any particular cultural context or tradition influencing this performance. The music, similarly, has a generic, upbeat quality that doesn't tie it to any specific region or culture.  The focus remains solely on the visual performance and the accompanying rhythmic soundtrack, without delving into any deeper cultural aspects.
",train,True,data/revision/videos/MhGus_qPGu0.mp4,40.12,,8830ba1b6e304206bbb817c8e127fd8455c896ff52952f9a7fac22ead14996dc
15073,Ms36nO4OZ_o,https://www.youtube.com/watch?v=Ms36nO4OZ_o,"Rhythm and Synchronization: The music's tempo is fast-paced, offering a vibrant and dynamic backdrop. The video, however, employs slow, deliberate transitions and sustained shots. This contrast creates a sense of detachment between the audio and visual elements.  While the music shifts at the 5-second mark, coinciding with the video's transition to a close-up of a whiskey glass being filled, establishing a moment of synchronized emphasis, the lack of subsequent synchronization furthers this disconnect. For example, at 24 seconds, the video cuts to a woman on the phone, but there’s no corresponding change in the music, highlighting the mismatched pacing and rhythmic feel. This ongoing mismatch emphasizes the contrasting energies of the audio and visual components.

Theme and Content: The music, with its upbeat tempo and pop-like feel, seems to convey a message of aspiration and striving for recognition. The video, on the other hand, presents scenes of quiet luxury and interpersonal interaction, like drinking whiskey and having a phone conversation.  These depictions do not directly relate to the themes present in the lyrics, which speak about trying to become ""somebody"". There is a disconnect between the aspirational tone of the music and the serene, established atmosphere portrayed in the video.

Emotion: The video evokes a sense of relaxed confidence, particularly through the leisurely actions of the man pouring whiskey and the woman's composed demeanor during her phone call.  The music, however, carries a sense of striving and perhaps even a touch of anxiety in the singer's voice, which clashes with the calm self-assurance depicted visually. While there might be a shared sense of yearning underneath both the music and visuals, the ways these emotions are expressed are fundamentally different, leading to only partial emotional consistency.

Cultural Relevance:  Neither the video nor the music strongly signal any specific cultural elements.  The settings and attire suggest a general sense of classic elegance, but without specific geographical or historical markers, which makes the overall presentation feel culturally neutral. This lack of distinct cultural cues underscores the disconnect between the video and music, as they do not find common ground in any particular cultural context either.
",train,True,data/revision/videos/Ms36nO4OZ_o.mp4,40.36666666666667,,35ce4b1893a590c475cbd22b307bb847d69d7532971684deb24a347a81660cd4
30284,MuRlAg2jG2g,https://www.youtube.com/watch?v=MuRlAg2jG2g,"Rhythm and Synchronization: The music maintains a consistent medium tempo throughout the video. Since the video involves a simple hand-drawn animation with minimal changes aside from the addition of exclamation marks, there are no distinct transitions or cuts requiring precise synchronization. The steady rhythm of the music creates a backdrop against which the gradual progression of the drawing unfolds, providing a subtle sense of pacing to the overall viewing experience. The music neither detracts nor significantly enhances the visual progression, but offers a constant auditory presence.

Theme and Content: The whimsical, almost circus-like quality of the music contrasts with the video's content, which focuses on a simple perspective puzzle illustrated by two arguing stick figures. The music does not offer any narrative support to the visual story about the perception of a set of steps.  The theme of visual perception and perspective presented in the video is not reflected in the lighthearted music.  

Emotion: The music conveys a sense of lightheartedness and playfulness.  However, the video itself is emotionally neutral.  The stick figures expressing differing opinions don't convey strong emotions, and the act of drawing itself lacks emotional context. Therefore, there's a disconnect between the music's upbeat tone and the video's neutral emotional content. The music doesn't necessarily elevate or diminish the impact of the video, it simply exists as a separate element.

Cultural Relevance: Neither the music nor the video exhibit any strong cultural elements. The simple stick figures and basic drawing style are universal, while the music itself is generic and lacks specific cultural markers. There are no geographical references in either medium. The lack of distinct cultural elements in both the video and music means there's neither alignment nor dissonance in this aspect. They simply exist independently, without any cultural interplay.
",test,True,data/revision/videos/MuRlAg2jG2g.mp4,8.241566666666667,,6bdecafd8d365d0fe638d14d787c2824e165718143d7905428d6e5dcc4456c25
32542,N3rfEFocuvs,https://www.youtube.com/watch?v=N3rfEFocuvs,"Rhythm and Synchronization: The music maintains a consistently fast tempo throughout, featuring a driving, repetitive beat. The video, however, has varying paces.  The two individuals perform various soccer tricks, some with quick movements and others with slower, more deliberate actions.  While the constant rhythm of the music doesn't specifically synchronize with individual actions or transitions within the video due to the lack of any marked transitions, its energetic nature provides a backdrop that doesn't clash with the overall dynamic feel of the soccer tricks being performed. 

Theme and Content: The video showcases soccer skills and playful interactions between two individuals on a soccer field. The music, a Brazilian funk song, has a celebratory, party-like atmosphere.  Thematically, the two don't directly connect.  The music doesn't enhance any particular narrative within the soccer demonstration, nor does it offer any thematic counterpoint or commentary on the video's content. They exist as separate entities, one visual and one auditory, without a cohesive narrative link.

Emotion: The video portrays a feeling of energetic playfulness and confidence, especially as the two individuals seem to be enjoying their soccer practice. The music, with its upbeat and vibrant rhythm, evokes feelings of cheerfulness and energy. While both the video and music share an energetic vibe, the specific emotions aren't a perfect match. The music’s party-like tone contrasts slightly with the more focused, albeit lighthearted, display of athleticism.  The music doesn't necessarily enhance the emotional impact of the video, functioning more as a background track than an emotionally integrated element.

Cultural Relevance: The video, featuring a generic soccer field and individuals in soccer jerseys, doesn't offer any specific cultural cues. While the music is Brazilian funk, a genre with strong cultural roots in Brazil, its presence in the video doesn't create a meaningful cultural connection. There are no visual elements in the video that align with or reflect the music's Brazilian origins.  The lack of shared cultural markers results in the music and video feeling culturally detached.
",test,True,data/revision/videos/N3rfEFocuvs.mp4,23.866666666666667,,24677209cab02aec7762d649783d6fffdb97bbee2a11a41ca41990e9241bbe13
8791,NBDNpwNIZ9Y,https://www.youtube.com/watch?v=NBDNpwNIZ9Y,"Rhythm and Synchronization: The music's fast tempo perfectly matches the energetic delivery and animated gestures of the woman in the video.  The consistent rhythmic drive of the music underscores her impassioned performance.  While there aren't distinct visual transitions or cuts, the music maintains a steady pulse that complements the overall flow and feel of the video.  However, there is a close match between the video and the song's rhythm, almost as if she is reacting to the song’s pace.

Theme and Content: The music's theme doesn't seem directly related to the content of the video, which appears to be a discussion or perhaps a form of social commentary. The song doesn’t offer any narrative enhancement or add to the meaning of the video's message. There’s no clear thematic link between the auditory and visual elements presented. While the absence of a direct thematic connection may seem like a mismatch, the music's energetic rhythm complements the speaker’s expressive style, enhancing the overall impression of conviction and passion.

Emotion: The music's style, with its driving beat and strong vocals, conveys a sense of confidence and energy. This is somewhat contrasted by the video, where the main speaker appears serious and engaged, although there are moments of lighter expression. The overall emotional tone of the video, however, leans towards the serious, focused delivery of what seems to be an important message.  There is no indication of any specific emotion. The music does add a layer of intensity to the video, making it more engaging to watch, even though it doesn't necessarily deepen the emotional impact in a way directly tied to the video's apparent message.

Cultural Relevance: There aren't any overtly identifiable cultural elements in either the music or the video. The setting of the video is quite generic, and the music itself doesn't have any specific instrumentation or lyrical content that would point towards a particular cultural origin. While the speaker's appearance could suggest a certain background, without further information it is impossible to ascertain.  The absence of any clear cultural markers prevents a deeper analysis of this aspect, but it also doesn't introduce any conflicting or inaccurate representations.
",train,True,data/revision/videos/NBDNpwNIZ9Y.mp4,14.933333333333334,,532f973c44d7a7ec410c2e15b9e3901526ea84966f121da6d9ed0f39fe6540ef
16801,NPSnMwGROJg,https://www.youtube.com/watch?v=NPSnMwGROJg,"Rhythm and Synchronization: The music's fast tempo contrasts sharply with the relatively slow pace of the video. While the video features quick cuts and transitions, particularly at the beginning, they don't synchronize well with the music's rhythm. The music maintains a consistent and driving beat throughout, while the video shifts between different scenes and text overlays. The only point of noticeable synchronization occurs at the 18-second mark, where a new visual element is introduced along with a change in the music, creating a momentary sense of rhythmic coherence. However, for the most part, the video and music seem rhythmically disconnected, lacking a shared pulse or flow.

Theme and Content: The upbeat and energetic tone of the music clashes with the video's focus on creating and promoting music. The video showcases the process of music production and seeks to connect with listeners, but the chosen music doesn't directly support this message. There isn't a clear thematic link between the visuals and the audio. The music's relentless energy feels disconnected from the more introspective and creative process depicted in the video.  The video is about finding an audience, but the music doesn't enhance or relate to that thematic goal.

Emotion: The music projects a sense of energy and excitement, while the video maintains a neutral and somewhat informational tone.  The black and white visuals, coupled with text overlays and glimpses of a music production setup, create a sense of seriousness and purpose. The lack of overt emotional expression in the video contrasts sharply with the music's dynamic and stimulating nature. There's a notable dissonance between the emotional tones of the video and the music, with the music failing to enhance the video's emotional impact. The visuals don't reflect the energy of the audio, resulting in a disjointed emotional experience.

Cultural Relevance: There doesn't seem to be any shared cultural elements between the video and the music. The video briefly features Indonesian text, but the music doesn't exhibit any discernible cultural characteristics.  The video promotes music without any specific cultural context, and the music is generic and broadly appealing without any identifiable cultural origins.  No specific geographical references are evident in either the music or the video, further contributing to the lack of cultural connection. The international feel of the music feels mismatched with the localized text elements in the video, suggesting that a more appropriate selection could improve the video's message and impact.
",train,True,data/revision/videos/NPSnMwGROJg.mp4,23.466666666666665,,1fc66c9ae2ebcb8d18ef4257f8c8594d8b4a5312132d17745c4419b3ab86a9d0
2298,NVL4j-sA2og,https://www.youtube.com/watch?v=NVL4j-sA2og,"Rhythm and Synchronization: The upbeat tempo of the music contrasts with the relatively steady pace of the video, creating a sense of rhythmic dissonance. The video primarily focuses on a child skiing down a snowy slope.  While there isn't a consistent synchronization throughout, a noticeable shift in the music occurs around the 15-second mark, just as the adult skier speaks and begins to follow the child.  This shift, however, doesn't feel particularly connected to the visual transition, suggesting a more coincidental rather than intentional relationship between the audio and video rhythms. Overall, the music's dynamic rhythm doesn't align well with the video's more continuous, flowing movement.

Theme and Content: The electronic dance music doesn't enhance or complement the video's content. The video depicts a heartwarming scene of a child learning to ski, while the music evokes a sense of excitement more suited for a party or energetic workout.  The thematic dissonance is quite apparent: the video centers on a quiet, personal achievement in a natural setting, whereas the music suggests a vibrant, social atmosphere.  The two don’t work together to tell a cohesive story.

Emotion:  The video conveys feelings of happiness, relaxation, and confidence as the young skier navigates the slope. The music, on the other hand, projects a more generic sense of energetic excitement. The emotional tones of the video and music don't match.  The heartwarming and proud feelings evoked by the child's accomplishment are not amplified or even reflected in the music. Instead, the chosen music distracts from the genuine emotion of the video.

Cultural Relevance: Neither the music nor the video appears to have any specific cultural elements attached. The scene of skiing could take place in many parts of the world, and the music is a genre with broad international appeal, making it difficult to pinpoint any shared cultural ground.  The video's lack of distinct cultural markers and the music's globalized nature result in a neutral cultural relationship, neither enhancing nor detracting from each other.
",train,True,data/revision/videos/NVL4j-sA2og.mp4,31.2,,014b22810be2f1e84a29fe80b28f343b21e8b0c86abaec6d16171e48b09046be
36405,NVf9t8YETLA,https://www.youtube.com/watch?v=NVf9t8YETLA,"Rhythm and Synchronization: The music maintains a slow, consistent tempo throughout, featuring a steady, repetitive melodic phrase. The video, however, showcases a variety of scenes, some with fast-paced ballet movements and others with static images. This creates a sense of rhythmic dissonance.  The absence of synchronized transitions between the music and video further emphasizes this mismatch. The constant, almost meditative quality of the music contrasts sharply with the dynamic shifts in the video's visual content.

Theme and Content: The video focuses on the Hong Kong Ballet, highlighting its innovative approach to incorporating Chinese culture into the art form.  The visuals depict scenes from ballet performances, promotional materials, and close-ups of dancers. The music, however, lacks any discernible thematic connection to ballet or Chinese culture. Its ethereal and somewhat melancholic tone doesn't reflect the video's message of artistic innovation and cultural adaptation.  

Emotion: The video projects an energetic and appreciative tone, showcasing the beauty and dynamism of the Hong Kong Ballet. The presenter’s enthusiastic delivery further contributes to this feeling. The music, on the other hand, evokes a sense of calm introspection.  While pleasant, it doesn't align with the video's vibrant energy. The emotional disconnect between the two detracts from the overall impact of the video.

Cultural Relevance: The video explicitly centers on the Hong Kong Ballet and its integration of Chinese cultural elements, referencing specific performances and artistic choices. The music, however, doesn't contain any recognizable cultural markers.  Its generic, new-age style doesn't offer any specific geographic or cultural references, which further underscores the mismatch between the auditory and visual components. The music doesn't reinforce or enhance the video's focus on the unique cultural context of the Hong Kong Ballet.
",train,True,data/revision/videos/NVf9t8YETLA.mp4,59.733333333333334,,9c1442c002817027af9b775bd50cccb38e080b8f01e9b7fe98f7db798ed639bc
24288,NY5Yun_dgJ0,https://www.youtube.com/watch?v=NY5Yun_dgJ0,"Rhythm and Synchronization: The music maintains a consistent medium tempo throughout, characterized by a steady, emotive pace. However, there's a noticeable disconnect between the rhythmic flow of the music and the visual transitions in the video. For example, at the 20-second mark, the video cuts away from the singer to a pair of dancers, yet the music continues without any significant shift or change in rhythm. This pattern continues throughout, creating a sense of rhythmic independence between the audio and visual elements.  The music primarily serves as a backdrop, and doesn't seem to respond to the visual shifts within the performance.

Theme and Content: Thematically, the song's focus on longing and the desire for something unattainable clashes with the celebratory and energetic nature of the dance performance. The lyrics speak of longing for a son and imagining a different life, conveying a sense of wistful contemplation.  In contrast, the dance performance exudes vibrancy and joy, with the dancers' expressive movements showcasing enthusiasm and a connection to the moment.  This disparity creates a thematic dissonance, with the music's introspection contrasting starkly with the visual spectacle's exuberant energy.

Emotion: The emotional tone of the music and video differ significantly. The music evokes feelings of wistfulness and contemplation, possibly even sadness, through its slow tempo and heartfelt vocals. The singer's earnest delivery further emphasizes these emotions. Conversely, the dance performance is lively and energetic, expressing joy and celebration. The dancers' smiles and fluid movements radiate positivity.  This stark contrast in emotional expression leads to a lack of cohesion, potentially diminishing the overall impact of the performance.

Cultural Relevance: The video and music don't appear to share any discernible cultural elements or geographical references. The music is a ballad with universal themes of longing and hope, not tied to any specific culture.  Similarly, while the dance incorporates expressive movements, it doesn't appear to draw upon specific cultural traditions. The performance feels contemporary and broadly appealing. This lack of specific cultural touchstones, while not inherently negative, contributes to the somewhat disconnected feeling between the music and the video.
",train,True,data/revision/videos/NY5Yun_dgJ0.mp4,57.7,,0f14e582801a608d1e50b42a9f546cff40940a34d2e2aaa0efd4a22175e680bd
1418,N_sZitZgdys,https://www.youtube.com/watch?v=N_sZitZgdys,"Rhythm and Synchronization: The music and video maintain a fast pace throughout, contributing to a sense of dynamism and excitement. The consistent tempo of the music effectively mirrors the high-energy activities showcased in the video, primarily skiing and snowboarding. While there aren't any abrupt scene changes, the subtle shifts in focus within the video, like the transitions from the helicopter ride to the skiers on the slopes and then to the après-ski moments, align smoothly with the ongoing flow of the music, creating a cohesive and energetic feel. This continuous and harmonious blend enhances the viewer's experience.

Theme and Content: The music and video are strongly related in terms of theme and content. The video focuses on heli-skiing, highlighting the thrill of the sport and the camaraderie of those involved.  The upbeat and adventurous tone of the music perfectly complements the visuals, capturing the essence of exploring pristine mountain slopes and enjoying the social aspects of the experience.  While the music doesn't tell a specific narrative, it underscores the overall message of adventure, freedom, and exhilaration associated with heli-skiing.

Emotion: The music projects a sense of adventure and excitement, matching the awe-inspiring mountain scenery and the high-energy activities portrayed in the video.  While the video doesn't explicitly portray strong emotions, the skiers' smiles and laughter, along with the stunning visuals of the snow-capped mountains, suggest an overall feeling of joy and enjoyment. The music amplifies these implied emotions, creating a more immersive and uplifting experience.  This consistent emotional tone throughout the video and music strengthens the connection between them.

Cultural Relevance: There aren't any prominent cultural elements present in either the music or the video. The primary focus remains on the sport of heli-skiing and the natural beauty of the mountain environment, without any specific cultural references or allusions. The video highlights the universal appeal of adventure and the shared human experience of enjoying nature's splendor. While the location itself might hold cultural significance, neither the visuals nor the music specifically delve into these aspects.",val,True,data/revision/videos/N_sZitZgdys.mp4,58.975583333333326,,5bca9e8157dcb70e1821a1a929edbde672e7f2f9113e897eed69513e316cea3f
15503,NhzzEw0UK6I,https://www.youtube.com/watch?v=NhzzEw0UK6I,"Rhythm and Synchronization: The music maintains a consistent, upbeat tempo throughout, characterized by a driving, repetitive melodic phrase.  The video, demonstrating the process of crafting a paper tulip bouquet, changes pace at different points. For example, at 0:03, the video transitions from showcasing the finished bouquet to focusing on the folding of individual petals, yet the music continues uninterrupted. Similarly, at 0:20, the video shifts from displaying a single completed tulip to a full bouquet, again without any corresponding change in the music.  These transitions, coupled with the constant rhythm of the music, create a sense of disjunction, where the auditory and visual elements don't quite align rhythmically. The consistent, rapid pace of the music feels somewhat at odds with the more deliberate, and at times slower, pace of the paper-folding demonstration.

Theme and Content: The video focuses on the creation of a handmade gift, conveying a sense of care and creativity in the crafting process. The music, a fast-paced electronic track, doesn't seem to enhance or relate to this theme. The repetitive lyrics and electronic beat don’t reflect the delicate nature of the craft or the sentimental value often associated with handmade gifts. Instead, the music has a more generic and detached feel, creating a thematic dissonance between the visual and auditory elements.

Emotion: The video evokes feelings of appreciation for the artistry and effort involved in creating the origami bouquet. There's a sense of gentle satisfaction and quiet creativity conveyed by the careful folding and assembling of the paper flowers. In contrast, the music, with its energetic, driving beat, expresses a more stimulating and lively mood, potentially even excitement or urgency. This stark difference in emotional tone creates a mismatch.  The music doesn't amplify or complement the emotions inherent in the video's content; rather, it introduces a contrasting emotional layer that feels disconnected.

Cultural Relevance: Neither the video nor the music appears to have strong cultural ties. The video presents a universal activity - crafting a paper bouquet - that transcends specific cultural boundaries.  Similarly, the music, a generic electronic track, lacks distinct cultural markers or instrumentation that would link it to a particular region or tradition.  While the video's subject matter of tulips might evoke associations with the Netherlands, where tulips are a cultural icon, this is a subtle reference, and not emphasized in the video's presentation. Overall, there's no significant cultural overlap or dissonance to note between the music and the video.
",train,True,data/revision/videos/NhzzEw0UK6I.mp4,27.01932665368726,,11771f6710f5ed41b3d27157f4cd07ed13675d7fd4b9888c376ef88feb3e13d2
22245,NvgyEAtePGU,https://www.youtube.com/watch?v=NvgyEAtePGU,"Rhythm and Synchronization: The video features a variety of scenes, including a Chinese New Year celebration with a traditional lion dance, a master of ceremonies, and a musical performance. While the individual scenes have their own internal rhythm and pacing, the transitions between these scenes appear fairly even, giving the video an overall steady flow. The accompanying music, which maintains a consistent tempo and melodic character throughout, complements this steady flow. Although the music does not synchronize with every specific visual cut or action, its continuous and upbeat nature provides a rhythmic backdrop that enhances the video's sense of dynamic movement, creating a cohesive presentation of the different facets of the celebration. 


Theme and Content: The video and music are thematically intertwined, both centering around the celebration of Chinese New Year. The visuals depict various aspects of the festivities, showcasing the traditional lion dance, a ceremonial address by the MC, and a musical performance. The upbeat and festive nature of the music strongly reinforces the celebratory atmosphere portrayed in the video, effectively amplifying the themes of joy, prosperity, and tradition associated with the holiday. The music acts as a powerful complement to the visual narrative, heightening the overall sense of excitement and cultural significance.


Emotion: The video exudes a cheerful and energetic vibe, reflecting the excitement and joy of the Chinese New Year celebrations. The visuals of the lion dance, the vibrant traditional attire, and the animated MC all contribute to a lively atmosphere. The music, with its upbeat tempo and joyful melody, perfectly mirrors this positive energy. There's a strong emotional coherence between the audio and visual elements, creating a unified and powerful sense of celebration. The music serves to further elevate the emotional impact of the video, creating an immersive and engaging experience for the viewer.


Cultural Relevance:  The video prominently features several cultural elements specific to Chinese New Year celebrations, including the traditional lion dance, the customary red and gold attire worn by the MC and performers, and the ceremonial aspects of the event. These elements are authentically represented, accurately depicting the rich cultural traditions of this important holiday. The music, while not explicitly traditional Chinese music, possesses a festive quality that aligns with the celebratory spirit of the occasion. The overall combination of the visual and auditory elements creates a culturally relevant and respectful portrayal of a significant Chinese cultural event.
",train,True,data/revision/videos/NvgyEAtePGU.mp4,30.433333333333334,,9f250377dc78271e4557dca3d6f3c5f949ebd817ef7fb451d09b519c872cdcf1
12010,O-M6OLgGwtI,https://www.youtube.com/watch?v=O-M6OLgGwtI,"Rhythm and Synchronization: The music and video maintain a generally aligned pace. The music's medium tempo complements the steady movement of the vehicle traveling through the snowy landscape. This alignment creates a sense of calm and allows viewers to appreciate the scenery.  Noticeable synchronization points occur at the 3-second mark, where a distinct musical shift coincides with a slight change in the camera's perspective as another vehicle passes. Later, at the 19-second mark, another musical shift aligns with the appearance of a roadside stall, further enhancing the rhythmic coherence between audio and visual elements.

Theme and Content: While the video captures a snowy mountain road scene, possibly in winter, featuring passing vehicles and individuals, the music's lyrics evoke a sense of longing and anticipation, hinting at a journey or quest for something precious. Although not directly related, the music's theme of yearning could be interpreted as indirectly reflecting the anticipation one might feel when traveling to a destination, particularly within a beautiful and perhaps remote, environment like the one depicted.

Emotion: The video projects a tranquil and cheerful mood, potentially evoking feelings of relaxation and peace inspired by the snow-covered mountain landscape.  The music, with its upbeat rhythm and hopeful lyrics, also carries a sense of energy and cheerfulness. While the video leans more towards peaceful relaxation, the music adds a layer of gentle dynamism. This creates a partially consistent, yet overall rich, emotional experience.

Cultural Relevance: Neither the video nor the music seems to feature prominent specific cultural markers. The scenery depicted appears generic to mountainous regions in many parts of the world, and the music itself doesn't contain discernible cultural elements.  Therefore, while both elements maintain a neutral cultural stance, they don't offer any direct or specific geographical references or shared cultural elements.
",train,True,data/revision/videos/O-M6OLgGwtI.mp4,20.2,,41c8f885c9795ff7eb81e1a04af5c16c472d011811f340bacdd2d3a519a339c6
15444,OE_FsqTcEjc,https://www.youtube.com/watch?v=OE_FsqTcEjc,"Rhythm and Synchronization: The music's fast tempo contrasts sharply with the relatively static nature of the video. The video primarily showcases still images of Rolls Royce cars and a jet engine, with some slow panning shots.  This creates a sense of rhythmic dissonance, as the energetic beat of the music feels disconnected from the visuals.  The lack of dynamic transitions in the video further emphasizes this mismatch, with no clear points of rhythmic synchronization between the audio and visual elements. The music maintains its constant pace throughout, irrespective of the changes in the visual content.

Theme and Content: The video focuses on the fact that Rolls Royce manufactures jet engines, highlighting the company's engineering prowess and associating it with luxury and high performance. The music, however, is a Spanish language pop song with a theme of romantic pursuit and rejection. There's no thematic connection between celebrating a brand's engineering achievements and the narrative conveyed in the song.  This thematic dissonance weakens the overall impact of the video, as the music doesn't reinforce or complement the intended message about Rolls Royce.

Emotion: The video aims for a neutral, informative tone, showcasing the vehicles and engine without any overt emotional cues. The music, on the other hand, conveys a sense of playful energy and perhaps a hint of romantic longing. The upbeat tempo and melodic vocals contribute to this emotional tone.  Because the video lacks any clear emotional expression, the vibrant emotionality of the music feels misplaced and fails to enhance the viewing experience.  The mismatch in emotional tone contributes to the overall disconnect between the audio and visual elements.

Cultural Relevance: The video presents a global brand, Rolls Royce, with potential references to British engineering and possibly Dubai, given the Arabic script on a street sign.  The music, being a Spanish language pop song, introduces a distinct cultural element that doesn't align with the video's implied geographic or brand-related contexts. This cultural mismatch further contributes to the overall lack of cohesion between the audio and visual components.  The music could have incorporated elements relevant to British culture or the locations depicted to create a stronger sense of unity and purpose.
",train,True,data/revision/videos/OE_FsqTcEjc.mp4,22.021589793915602,,8f73f37edc9eb8bfa152a9cbe97fe9f262f147e7075f03bc40ba4c738c813820
38213,OKR8v9AxZkg,https://www.youtube.com/watch?v=OKR8v9AxZkg,"Rhythm and Synchronization: The video features a series of short clips, each lasting a few seconds.  The transitions between these clips are abrupt, with no smooth transitions or visual effects to connect them. The music, a Punjabi song, maintains a relatively consistent, medium tempo throughout. However, there's no discernible synchronization between the video cuts and changes in the music.  The song plays continuously, irrespective of the changing visuals, creating a sense of detachment between the audio and video elements.  The lack of synchronized moments or rhythmic coherence suggests a coincidental pairing of the video and music.

Theme and Content: The video is a compilation of humorous and lighthearted clips.  The clips range from a woman tripping over a piece of paper, to an elephant playfully trumpeting, to a woman dancing.  The overlay text adds to the comedic nature, often serving as commentary or punchlines to the visual gags.  The music, however, tells a romantic story. Its lyrics express longing and the desire to be with a loved one.  This romantic theme clashes with the humorous, random nature of the video clips. There’s no thematic connection or narrative enhancement between the two.

Emotion: The video evokes predominantly lighthearted emotions like amusement and relaxation.  Each clip aims for a humorous reaction, contributing to the overall jovial tone. The music, on the other hand, conveys a sense of longing and perhaps a touch of melancholy. This emotional tone contrasts sharply with the video's lightheartedness.  The music doesn't elevate or complement the video's emotional impact; instead, it introduces a different emotional layer that feels disjointed.

Cultural Relevance:  The video clips themselves don't seem to share any specific cultural elements. They depict universally relatable situations or actions. The text overlays are in Hindi, a language spoken in India, suggesting an Indian context. The music is clearly Punjabi, a language and culture rooted in the northern regions of India and Pakistan. While both the music and some video elements have a link to the Indian subcontinent, this connection is superficial.  The video content doesn't directly relate to or represent Punjabi culture, and the music's theme doesn't interact with the visual narrative in any culturally significant way. They coexist without any meaningful cultural interplay.
",train,True,data/revision/videos/OKR8v9AxZkg.mp4,24.4,,55c5f8ddd9e8247441db207fb0db56f6fdb3961ea9be7705913832b05f60bd68
11468,ORgEjVt8GZI,https://www.youtube.com/watch?v=ORgEjVt8GZI,"Rhythm and Synchronization: The music's fast tempo is somewhat suited to the energetic movements of the workout video, but there's a distinct lack of synchronization between the two. The music seems to play independently of the actions and transitions in the video. For example, throughout the video, there are no discernible musical changes that coincide with shifts in the workout routine. This lack of rhythmic connection makes the combination feel somewhat disjointed. The video itself shifts between wider shots and close-ups, but these visual changes aren't reflected in the music, further highlighting the rhythmic disconnect.

Theme and Content: The upbeat pop music doesn't particularly complement the workout theme of the video. While the energy levels might align superficially, the lyrical content of the song, which focuses on personal transformation and overcoming obstacles, doesn't seem to directly relate to the workout itself.  The video's emphasis on physical exertion and fitness isn't enhanced or supported by the song's narrative.

Emotion: The music and video project different emotional tones. The music expresses feelings of resilience and determination, perhaps even a hint of melancholy. In contrast, the video showcases a cheerful and enthusiastic atmosphere, with the participants clearly enjoying the workout. This emotional mismatch is noticeable and prevents the music from amplifying the video's emotional impact. Instead, it creates a slightly jarring juxtaposition between the auditory and visual elements.

Cultural Relevance: Neither the music nor the video appear to contain any specific cultural elements. The setting of the video is a modern, generic workout space, and the music is mainstream pop without any discernible cultural markers. This absence of shared cultural references doesn't contribute to a stronger connection between the two but also doesn't introduce any cultural dissonance.  They simply exist on separate cultural planes, further contributing to the overall sense of disconnect.
",test,True,data/revision/videos/ORgEjVt8GZI.mp4,58.833333333333336,,3885f8314e01d5137e52da67cd2c2cbcbb143bfab94eb261935d7cf562333113
3146,OTTkgNbz-aY,https://www.youtube.com/watch?v=OTTkgNbz-aY,"Rhythm and Synchronization: The music maintains a steady, medium tempo throughout the video.  However, the visual transitions don't appear to have a direct relationship with shifts in the music. The video features various scenes of trekking, transitioning between a speaker explaining a common myth, individual trekkers, and groups. These transitions seem to be driven by the narrative rather than by the musical rhythm, giving the impression of a general disconnect in terms of rhythmic coherence.

Theme and Content: The video focuses on debunking myths about DIY trekking, with a specific emphasis on backpack weight and the need for guides. The music, however, seems unrelated to this theme. Its consistent, almost ambient quality doesn't reinforce or reflect the educational, informative nature of the video's content. This thematic dissonance is quite noticeable, as the music doesn't seem to support the video's message about trekking preparedness.

Emotion: The video projects a tranquil and relaxed mood, showcasing beautiful mountain landscapes and trekkers enjoying the scenery. The music also has a calm and ambient quality, contributing to a sense of peacefulness. However,  there isn't a strong emotional coherence between the two. The visuals evoke a sense of awe and adventure, while the music remains rather neutral, lacking the dynamism to match the potential excitement of trekking.  The emotional impact of the video could be amplified with a more thematically relevant music choice.

Cultural Relevance:  Neither the music nor the video has obvious cultural markers. The video focuses on the practical aspects of trekking, showcasing diverse natural landscapes. While the trekkers might represent various cultures, the video itself doesn't emphasize any specific cultural theme. The music similarly lacks distinct cultural identifiers. The absence of strong cultural elements in both creates a sense of universality, but also limits the potential for creating a more nuanced and engaging viewer experience.
",train,True,data/revision/videos/OTTkgNbz-aY.mp4,33.4334,,c9f187d49a25b4a557709c2782ac4c86ca172c44b1affe99b995f9a9b52c71e7
28997,OYNeTbjwNxw,https://www.youtube.com/watch?v=OYNeTbjwNxw,"Rhythm and Synchronization: The music maintains a consistent, upbeat tempo throughout, creating a lively and energetic atmosphere. The video, which showcases a couple interacting playfully, has a dynamic pace with frequent shifts in their movements and expressions. The video's dynamic pace aligns well with the fast rhythm of the music, complementing the energetic feel. While there aren't specific points of synchronization, the consistent energy levels of both the video and the music contribute to a sense of natural flow.

Theme and Content: The music's romantic theme, expressed through lyrics about love and gratitude, aligns partially with the video's content. The video displays affection and playful interaction between a couple, fitting the romantic theme of the music. However, the video's playful, slightly teasing tone doesn't fully capture the depth of emotion often associated with such romantic lyrics. The focus on lighthearted interaction gives a different nuance to the romantic theme, making the relationship between music and video content partially aligned but not perfectly matched.

Emotion: The music conveys a sense of joy and gratitude, reflecting a positive and loving emotional tone.  The video primarily displays cheerfulness and relaxation, evident in the couple's smiles, laughter, and playful interactions.  While both video and music lean towards positive emotions, the video’s focus on lighthearted playfulness doesn’t fully reach the level of heartfelt gratitude expressed in the song.  Therefore, the emotional cohesion is partial. The music adds an additional layer of romantic sentiment to the video, enriching the viewers' interpretation of the couple’s interaction.

Cultural Relevance: While the music is in Hindi and the video likely features individuals of South Asian descent (suggesting a cultural context), the primary focus is on the universal theme of love and playful interaction. There aren't any overtly culturally specific elements present in the video itself.  Thus, while there's a potential cultural background implied, there aren't distinct shared cultural elements actively connecting the video and music. The video's setting appears modern and non-specific, further emphasizing the universal nature of the interaction portrayed.
",train,True,data/revision/videos/OYNeTbjwNxw.mp4,23.182015566021978,,35a5554403701f4ff095f011d4a5b455da24896419eb6187cf5e7281da5c0528
28729,OZjNyJHVhXM,https://www.youtube.com/watch?v=OZjNyJHVhXM,"Rhythm and Synchronization: The upbeat tempo of the music doesn't quite align with the relatively static nature of the video. The video is a montage of short clips showcasing farm life, and while each clip has its own internal rhythm, the overall pacing of the video is not as dynamic as the music suggests. The absence of precisely timed transitions in the video, reflecting its lack of significant changes or a distinct rhythm, further highlights the mismatch between the visual and auditory rhythms.  

Theme and Content: The video portrays the serene and simple pleasures of farm living. We see a child riding a bike, a man relaxing in a hammock, a horse-drawn buggy, interactions with animals, and peaceful landscapes. The music, however, is quite lively and energetic, evoking a sense of playful mischief or lighthearted adventure. This upbeat, almost whimsical tone doesn't directly complement the visuals of quiet farm life. There's no narrative thread in the video for the music to enhance, resulting in a thematic disconnect between the two.

Emotion: The video showcases farm life without heavily leaning towards a specific emotion. It's observational and presents scenes of daily life in a neutral tone. The music, on the other hand, has a joyful, almost childlike quality. This discrepancy creates a sense of emotional dissonance. While the music is pleasant, it doesn't amplify any underlying emotion within the video, nor does it evoke a new emotional response directly related to the visuals.  

Cultural Relevance: Neither the video nor the music possess strong cultural markers. The video simply depicts scenes of rural life, and the music is broadly appealing and doesn't evoke any specific cultural traditions or locations. Therefore, while there are no conflicting cultural elements, there's also no significant cultural connection or reinforcement between the two.
",test,True,data/revision/videos/OZjNyJHVhXM.mp4,15.833333333333334,,9f369c099a395ab04ec17ad91af3d1793bbc5e801d06ea2587b9e882eb024d1f
24628,P6nljMNMASo,https://www.youtube.com/watch?v=P6nljMNMASo,"Rhythm and Synchronization: The music maintains a consistent, upbeat tempo throughout.  The video, however, features a series of quick cuts as the two men change outfits and accessories. While the video itself has a rhythm created by these cuts, there's no discernible synchronization between these visual transitions and the music.  The music doesn't change in tempo or intensity to accentuate the changes in clothing or the brief dance moves performed.  This creates a sense of disconnect, as the visual rhythm and the musical rhythm exist independently of one another.

Theme and Content: The video presents a comparison of similar clothing items from two different brands, Zudio and Zara, highlighting the significant price difference. The music, a generic pop song about dancing, has no thematic connection to the video's content.  The lyrical themes of the music don't relate to fashion, consumerism, or brand comparisons.  This thematic mismatch weakens the overall impact of the video, as the music doesn't reinforce or enhance its message.

Emotion: The video itself maintains a neutral, informational tone. The actors don't express strong emotions, focusing instead on showcasing the clothing. The music, on the other hand, aims for a lighthearted and energetic mood.  This emotional dissonance is noticeable. The music's attempt at creating a fun vibe clashes with the video's purely transactional and comparative nature.

Cultural Relevance:  Neither the video nor the music exhibit any readily identifiable cultural elements. The video's focus is on the clothing items and their prices, and the music is a generic pop track with broad appeal.  The absence of specific cultural markers in both elements further reinforces their unrelated nature. They exist in separate contexts, neither supporting nor contradicting the other in terms of cultural significance.
",train,True,data/revision/videos/P6nljMNMASo.mp4,9.6,,628a8460ee728cf0a8b41d168acb0453c841388dee35aad5a7d3ae98f10058cb
9456,PB72KS3KvwQ,https://www.youtube.com/watch?v=PB72KS3KvwQ,"Rhythm and Synchronization: The music in this video has a varied pace, shifting between slower, more contemplative sections and faster, more intense moments. This aligns well with the overall rhythm of the video, which intersperses dialogue-heavy scenes with action sequences. While there aren't distinct, sharp transitions in the music that perfectly sync with every video cut, the music’s ebb and flow generally mirrors the emotional and narrative shifts in the video, creating a sense of rhythmic coherence.

Theme and Content: Thematically, the music and video have an indirect relationship. The video focuses on a conversation between two characters about betrayal, consequences, and the weight of past actions, with a backdrop of a darker, more serious tone. The music, while not explicitly tied to these specific themes, does contribute to the overall atmosphere. However, it doesn't directly enhance the narrative or convey a specific message related to the plot points.

Emotion: The music evokes a sense of tranquility and melancholy, which partially aligns with the video's emotional tone. While the video contains moments of tranquility, particularly during the dialogue scenes, there's also an underlying tension and sense of impending conflict. The melancholy in the music captures some of the emotional weight of the conversation, particularly the regret and loss expressed by the female character, but it doesn't fully reflect the broader emotional spectrum of the scene.  

Cultural Relevance: Neither the music nor the video relies on specific cultural elements. The setting appears modern and generic, without any clear geographical references. The music, similarly, lacks any distinct cultural markers. This absence of strong cultural elements reinforces the indirect relationship between the audio and visual components.
",train,True,data/revision/videos/PB72KS3KvwQ.mp4,59.46666666666667,,7ddcf4b5344fd0810759940b80c18e778eabf29fdc2cb38b68930d421f473007
15770,PYpGVVhe7fQ,https://www.youtube.com/watch?v=PYpGVVhe7fQ,"Rhythm and Synchronization: The music and video demonstrate a dynamic relationship in terms of rhythm and synchronization. The initial loading sequence, with its changing percentages, is accompanied by a slow, building electronic track. This sets a tense, anticipatory mood. At the 0:09 mark, coinciding with the reveal of a modified Nissan GTR, the music sharply transitions to a faster, more intense electronic track, perfectly synchronized with the shift in the video's visual focus. This sudden change in both the visual and auditory components creates a sense of excitement and energy. The faster tempo of the music then continues to align well with the quick cuts and dynamic movements of the car throughout the rest of the video, enhancing the overall sense of speed and power. 

Theme and Content:  The video primarily focuses on showcasing a modified sports car. The visuals emphasize the car's sleek design and performance capabilities. While the music's energetic electronic style initially seems to complement the visuals of a fast car, there is no inherent thematic connection between the two.  The music doesn't tell a story or offer any deeper meaning related to cars, racing, or modification culture. It serves more as a backdrop that enhances the video's dynamic energy rather than adding a specific narrative layer.

Emotion:  The video aims to convey a sense of energy and excitement, focusing on the raw power and visual appeal of the car. The initial slow build-up of the music creates a sense of anticipation, which is then released with the sudden shift to a faster tempo. This aligns partially with the video's overall energetic tone, intensifying the visuals of the car's dynamic movements. However, the music's style, while energetic, doesn't delve into more complex emotions, keeping the overall emotional landscape fairly one-dimensional.

Cultural Relevance:  Neither the music nor the video appears to draw upon any specific cultural elements. The focus is primarily on the car itself, a universally recognized symbol of speed and performance, without any clear ties to a particular geographical location or cultural context.  The music, while electronic, doesn't incorporate any identifiable cultural instrumentation or stylistic elements. This leaves the cultural aspect largely neutral, with no overt cultural connections or references.
",train,True,data/revision/videos/PYpGVVhe7fQ.mp4,15.6,,ff264350d2386701b05f8cb879d71db3783ba5af9ca9306211a4f8ade4bc9c20
42745,QE4p17gnULA,https://www.youtube.com/watch?v=QE4p17gnULA,"Rhythm and Synchronization: The video maintains a consistent, medium pace throughout, showcasing a leisurely walk towards a temple. The music also holds a steady, medium tempo. While there aren't distinct transitions or cuts in the video, the constant forward motion creates a sense of rhythmic continuity that complements the music's flow. The lack of sharp transitions in the video means there are no specific points of synchronization or desynchronization with the music, further enhancing the sense of a smooth, unified rhythm.

Theme and Content: The video content, focused on a group of people walking towards a temple, hints at a journey or pilgrimage, suggesting themes of exploration, cultural immersion, or perhaps even spiritual seeking. The music, though not explicitly religious, possesses a certain ethereal quality that could be interpreted as reflective or contemplative. This indirect connection creates a sense of peaceful exploration and discovery.  While not a perfect thematic match, the music doesn't clash with the visuals but rather adds a layer of atmospheric depth.

Emotion: The video portrays a cheerful atmosphere. The sunlight, the leisurely pace of the walkers, and the general ambiance suggest a positive, carefree mood.  The music, with its light and airy melody, supports this cheerful vibe. While the music might not elicit overt joy, its gentle and optimistic tone aligns with the visual depiction of a pleasant outing.

Cultural Relevance: The video clearly showcases cultural elements through the prominent display of a distinctive temple architecture, likely indicating a specific cultural or religious significance. The music, while not directly tied to any particular culture, has an almost transcendental quality that could be associated with spiritual practices or a reverence for historical sites. This subtle connection adds a layer of cultural sensitivity to the video without being overly specific or stereotypical. The music supports the video's cultural theme by enhancing the atmosphere of the sacred space.
",test,True,data/revision/videos/QE4p17gnULA.mp4,14.0,,1ac774bf85e7f420eec3ee4dbc99b39b31c3f20b9ad11ddf41d5a1e68d89258f
27580,QHM2XC1-GE8,https://www.youtube.com/watch?v=QHM2XC1-GE8,"Rhythm and Synchronization: The music maintains a medium tempo throughout the video. This lack of visual dynamism means the music's steady rhythm doesn't have distinct points of synchronization or desynchronization with the video. However, the medium tempo of the music complements the presenter's relatively calm and measured delivery. The overall effect is one of rhythmic coherence, where the music acts as a steady backdrop to the information being presented.

Theme and Content: The music's thematic content seems unrelated to the tutorial nature of the video's content. The music maintains a slightly positive and somewhat detached mood, while the video focuses on providing practical instructions for using Pro Tools.  The music doesn't enhance the educational message of the video, nor does it detract significantly. It simply exists as a background element that doesn’t contribute thematically.

Emotion: The video projects an appreciative and helpful tone as the presenter shares Pro Tools tips. The music, while somewhat neutral, has a subtle upbeat quality that doesn't clash with this emotion. There is a partial emotional consistency – the music doesn't amplify the video's emotional impact, but it also doesn't contradict it. The emotional tone remains relatively single-layered, focusing primarily on the helpful nature of the tutorial.

Cultural Relevance: Neither the music nor the video contain any readily identifiable cultural elements. The content focuses solely on the technical aspects of music production software. The video's setting appears to be a generic home or studio environment, and the music itself offers no specific geographic or cultural cues. This lack of cultural signifiers reinforces the universal applicability of the technical information being presented.
",train,True,data/revision/videos/QHM2XC1-GE8.mp4,13.398376156904675,,54ab1ab520d04fac33cc9371dbc2ae122b68cb270d0f9065d12d7332144924f2
13010,QSqvvCIJ1QQ,https://www.youtube.com/watch?v=QSqvvCIJ1QQ,"Rhythm and Synchronization: The music's tempo is medium, featuring a driving beat with electronic elements. The video's pace is also medium, with a series of cuts showing various aspects of using Google Search. However, the synchronization between the music and video is largely unrelated.  While the visual transitions occur at 0:03 and 0:11, the music maintains a constant rhythm and intensity, not changing significantly to emphasize these cuts. This lack of synchronization creates a sense of detachment between the audio and visual elements, making the combined experience feel somewhat disjointed.

Theme and Content: The video discusses the increasing prevalence of ads in Google Search results and the frustration this causes for users. The music, on the other hand, has a neutral and somewhat driving feel. The themes clash; the video's critical commentary on search engine functionality isn't complemented by the music's upbeat and driving tone. There's no thematic connection between the two, which detracts from the overall message of the video.

Emotion: The video aims to evoke a sense of frustration and perhaps a bit of appreciation for how search engines used to be. However, the narrator maintains a relatively neutral tone, and the video lacks strong emotional cues. The music, with its repetitive and somewhat driving beat, doesn't align with the video's message of frustration and annoyance. This mismatch in emotional tone further emphasizes the disconnect between the audio and visual elements. The music doesn't elevate the video's impact; instead, it creates a jarring contrast.

Cultural Relevance: Both the video and the music are culturally neutral. The video focuses on a universal experience – using search engines – and avoids referencing any specific culture or geographical location. Similarly, the music lacks any discernible cultural markers. While the video shows a Google search for ""Tokyo travel,"" this is simply used as an example query and doesn't imbue the video with a particular cultural significance. Thus, there are no shared or mismatched cultural elements between the video and music.
",val,True,data/revision/videos/QSqvvCIJ1QQ.mp4,35.86666666666667,,fad81e093f116b066b0d0a820683aeb72dbaabc187006658c4ab59b40b48577d
34165,QZzJpW266EE,https://www.youtube.com/watch?v=QZzJpW266EE,"Rhythm and Synchronization: The music maintains a consistent, mid-tempo beat throughout. The video features a single, static shot of a man speaking, so there aren't any visual transitions or scene changes. Therefore, the lack of visual dynamism renders synchronization considerations irrelevant in this case. The music neither complements nor clashes with the video's pacing; it simply exists alongside the spoken message.

Theme and Content: The music’s upbeat, electronic style contrasts significantly with the informational nature of the video content. The man in the video delivers what appears to be an invitation or announcement for an event, likely at a nature park. This informational message doesn't align thematically with the festive, party-like feel of the music. There's no narrative connection between the two, and the music doesn't enhance or add to the video's core message.

Emotion: The video conveys a sense of cheerful enthusiasm as the speaker delivers his message. His smiles and expressive tone contribute to a positive, inviting feel. In contrast, the electronic music leans towards a more generalized sense of celebration or excitement. While both are positive in tone, the emotions don't perfectly align. The happy, personal message in the video doesn't need the added layer of electronic music, which evokes a different kind of positive feeling.

Cultural Relevance:  Neither the music nor the video seem to incorporate any noticeable cultural elements. The visuals and music could be from anywhere and do not point to a specific geographical region or cultural context. This lack of shared cultural elements further reinforces the disconnect between the two.
",val,True,data/revision/videos/QZzJpW266EE.mp4,17.9179,,21c4072dd25ba888cfbed528d53c0af399f7768d890c741e413848aefd8732ae
36245,Qf9j8uWHYK0,https://www.youtube.com/watch?v=Qf9j8uWHYK0,"Rhythm and Synchronization: The music's upbeat tempo aligns well with the fast-paced nature of the video, which quickly showcases a series of gaming laptops. This brisk rhythm complements the video's dynamic presentation style, maintaining viewer engagement. Notably, there's a distinct synchronization between the music and the video transition at the 2-second mark, where the introductory screen changes to the first set of laptop options. This precise alignment enhances the sense of rhythm and flow. Throughout the video, the consistent pace of both the visuals and the music contributes to a cohesive and engaging viewing experience.

Theme and Content: The music's generic, upbeat electronic theme doesn't specifically relate to the video's content, which is focused on presenting gaming laptops and their specifications. The music doesn't add a narrative layer or enhance the informational message about the laptops; it serves more as background sound. This thematic disconnect doesn't detract from the video's core purpose, which is to provide information, but it doesn't particularly strengthen it either. A more tech-focused or informational music style could have created a stronger thematic connection.

Emotion: The video's neutral, informational tone doesn't elicit any strong emotions. Similarly, the electronic music, while upbeat, doesn't convey a specific emotional message. It maintains a generally positive, but not particularly emotional, atmosphere. This neutrality in both the video and the music leads to an unusual alignment. While not enhancing the emotional impact, the music doesn't clash with the video's emotionless presentation.

Cultural Relevance: Neither the music nor the video have any noticeable cultural elements or geographical references.  The video's focus on consumer electronics and the music's generic electronic style make it fairly universally applicable. This lack of cultural specificity makes the pairing relatively neutral in terms of cultural relevance.",train,True,data/revision/videos/Qf9j8uWHYK0.mp4,30.133333333333333,,1e39e4b29540a82de6e5b74a22e3af70aef3d7e078b7abbf7589fdd8a96e05ec
37616,Qmyq1N3vy6k,https://www.youtube.com/watch?v=Qmyq1N3vy6k,"Here's an analysis of the provided video and music, incorporating the information conveyed by the labels:

**Rhythm and Synchronization:** The music maintains a consistently fast tempo throughout. The video, showcasing a person manipulating a synthesizer, lacks significant visual transitions or dynamic changes in framing.  Since there are no key timestamps indicating changes in the visual content, the focus remains on the steady rhythm of the music itself. This creates a sense of continuous flow, almost like a live performance capture. While the video doesn't offer visual markers for synchronization in the traditional sense, the constant manipulation of the synthesizer by the individual implies a direct link to the music being produced. Every knob turned, button pressed, and cable adjusted contributes to the soundscape, fostering a sense of inherent synchronization between the visual action and the auditory output.

**Theme and Content:** The video focuses on the technical aspects of music creation, showcasing the hands-on manipulation of a synthesizer. The music, while electronic and likely produced by similar equipment, doesn't necessarily share a direct thematic link with the video's content. The video is more about the process and tools of electronic music production, while the music itself exists independently as a finished product. While one could argue that the video indirectly relates to the music by showcasing the kind of equipment used to create such sounds, there isn't a specific narrative or message being conveyed by both. They exist in parallel, connected by the shared context of electronic music, but not directly reinforcing each other thematically.

**Emotion:** The music possesses a driving, somewhat hypnotic quality, yet remains largely emotionally neutral. The video, similarly, doesn't elicit a strong emotional response. It's observational, focusing on the technical actions of the individual, and lacks elements typically associated with emotional storytelling. Therefore, while there isn't an emotional clash between the two, neither piece contributes to a unified emotional experience. The emotional flatness of the video aligns with the neutral nature of the music, resulting in a sense of detachment from the content.

**Cultural Relevance:** Neither the music nor the video present any overt cultural elements or geographical references.  The video depicts a universal action - a person interacting with a musical instrument - devoid of any specific cultural context. The music, being electronic instrumental, similarly avoids cultural markers or stylistic choices that could be tied to a particular region or tradition. Both the video and audio remain in a neutral cultural space, focusing on the act of creating electronic music without referencing any specific cultural influence.
",train,True,data/revision/videos/Qmyq1N3vy6k.mp4,55.388722055388726,,ea52da062fb3e14ca6d9c7653186a58d8e05e200a331e135a515212f5e74528f
8665,QoC0SzxlkUI,https://www.youtube.com/watch?v=QoC0SzxlkUI,"Rhythm and Synchronization: The music maintains a consistent, upbeat tempo throughout, creating a generally energetic feel. However, the video's pacing and transitions don't align with the musical rhythm. The video features a dialogue and scene changes that are not rhythmically connected to the musical flow.  This lack of synchronization creates a disconnect between the audio and visual components, making the experience feel somewhat disjointed.  For instance, the video cuts between different shots and dialogue without any corresponding changes in the music. This constant musical backdrop, regardless of the visual shifts, further emphasizes the lack of rhythmic coherence.

Theme and Content: The upbeat, almost playful, nature of the music clashes with the video's content, which seems to introduce a travel or historical segment.  The music suggests lightheartedness and fun, whereas the video's context hints at something potentially more informative or documentary-style. This thematic dissonance creates a mismatch. The music doesn't reinforce the video's message but rather distracts from it, making it harder for the viewer to engage with the intended narrative.

Emotion: The music evokes feelings of happiness, energy, and cheerfulness. The video portrays a similar energetic and cheerful tone, particularly with the presenters' enthusiastic expressions. However,  the music's persistent upbeat quality feels mismatched to the purpose of the video. The video aims to introduce a location or event, and while the presenters display enthusiasm, the music's overt cheerfulness doesn't necessarily enhance the video's intended emotional impact.  It could be argued that a slightly more subdued or contextually relevant musical piece could better support the video's message.

Cultural Relevance: Neither the video nor the music prominently features specific cultural elements. The video appears to focus on a particular location, likely in the US based on the language and setting, but doesn't delve into any specific cultural traditions or references. The music, similarly, is generic and doesn't have any discernible cultural ties. Thus, while there's no clash of cultural elements, there's also no meaningful interplay or reinforcement of cultural themes between the two.  The lack of specific cultural references in both makes it difficult to establish any strong cultural connections.
",train,True,data/revision/videos/QoC0SzxlkUI.mp4,15.306958333333332,,cc311d1771d0b35b0ea66279db31415b50192b253876acb8e4e06958db38acd4
21891,QoGpGvPP6RQ,https://www.youtube.com/watch?v=QoGpGvPP6RQ,"Rhythm and Synchronization: The music maintains a slow, consistent tempo throughout the video. This aligns well with the measured pace of the speaker's dialogue and the overall lack of rapid visual changes. The video predominantly features static shots of the speaker, interspersed with a few still images.  There's a slight shift in the music around the 34-second mark, coinciding with a visual transition to a different image. While not a perfectly synchronized beat change, this subtle musical shift occurs near the visual transition point, creating a sense of rhythmic connection, almost as if the music acknowledges the visual shift without drawing undue attention. Overall, the music's steady rhythm provides a calm backdrop to the speaker's words, enhancing the video's overall coherence.

Theme and Content: The music's somber and somewhat contemplative tone doesn't directly relate to the video's discussion of steroid use in bodybuilding and other sports. The video content focuses on the prevalence of steroids in professional bodybuilding, contrasting it with the perceived natural physique of athletes in other sports. While the music doesn't clash with the video's message, it doesn't directly reinforce or enhance the narrative. The lack of thematic alignment creates a neutral backdrop, allowing the speaker's words to take center stage without being overshadowed by the music.

Emotion: The video presents a factual and somewhat matter-of-fact discussion, largely devoid of strong emotions. The speaker maintains a neutral tone, even when discussing controversial topics.  The music, while somber, doesn't convey a specific, strong emotion like joy, sadness, or suspense.  This lack of pronounced emotion in both the video and the music results in a sense of emotional detachment. While the music's subdued nature complements the video's neutral tone, it doesn't particularly amplify any emotional impact.

Cultural Relevance: Neither the video nor the music feature any prominent cultural elements or geographical references. The discussion in the video revolves around a universal topic – steroid use in sports – which transcends specific cultural contexts. The music, similarly, doesn't incorporate any recognizable cultural motifs or instrumentation.  This absence of specific cultural markers allows both the video and the music to maintain a broad appeal, focusing on the subject matter without being tied to a particular cultural perspective.
",train,True,data/revision/videos/QoGpGvPP6RQ.mp4,46.166666666666664,,bf0b76c89094f3bd056bb73ccfdcfcbb050b331d5de968d7c4b540405bd021be
20726,R0I33dC6r4k,https://www.youtube.com/watch?v=R0I33dC6r4k,"Rhythm and Synchronization: The fast tempo of the music aligns well with the energetic pace of the dance.  The dancers' movements are generally synchronized with the rhythmic beats of the music, creating a sense of dynamic coherence. While there aren't distinct transitions or cuts marked by significant musical changes due to a lack of timestamps, the consistent rhythmic interplay between the music and the dance maintains a sense of overall synchronization and keeps the energy high.

Theme and Content: The music's upbeat and playful theme doesn't directly relate to any specific narrative in the video, as it primarily showcases a dance performance. The lyrics, while energetic, don't seem to tell a story that connects to the dancers' movements.  The music serves primarily to provide a rhythmic backdrop for the dance, rather than enhance a specific message or narrative. The video itself seems focused on showcasing the dancers' skill and energy.

Emotion:  Both the video and the music evoke a sense of happiness and joy.  The dancers' smiles and enthusiastic movements project a cheerful vibe, while the music's upbeat tempo and melodic structure contribute to a positive and energetic feeling. Although the emotional tone isn't perfectly matched—the music could be interpreted as generally celebratory, while the video focuses more on the joy of dance—the overall effect is still positive and uplifting.

Cultural Relevance: There aren't any readily apparent cultural elements in either the video or music. The dance style appears contemporary and doesn't exhibit characteristics of a specific traditional or folk dance.  Similarly, the music, while sung in a language that may suggest a specific cultural origin, doesn't incorporate any traditional instruments or musical motifs that would clearly point towards a particular culture. The focus remains predominantly on the performance aspect, without strongly referencing specific cultural contexts.
",train,True,data/revision/videos/R0I33dC6r4k.mp4,20.733333333333334,,9f66bf02b34471d59246238a70cbe31b6a39cb3c9507dc97f09f711f072db90e
28134,RBOj8bQbeeA,https://www.youtube.com/watch?v=RBOj8bQbeeA,"Rhythm and Synchronization: The music's slow, almost hypnotic tempo works well with the relatively static nature of the video, which primarily features a series of still images. The consistent, repetitive rhythm creates a sense of anticipation, especially as each image is revealed. There are clear instances of synchronization between the music and video transitions.  For example, at 0:04, the video cuts to a wedding photo as the lyrics shift, creating a seamless transition.  Later, at 0:10, the music changes in conjunction with the shift to the image of the little girl, marking another moment of precise synchronization.  Finally, the music subtly changes again at 0:17 as the video cuts back to the presenter's profile picture, providing a sense of closure. These synchronized moments emphasize the transitions between images and enhance the video's overall pacing.

Theme and Content: The music's whimsical and repetitive nature doesn't seem to directly relate to the video's focus on scary details in seemingly normal photos. The video aims to create suspense and unease, while the music maintains a lighthearted, almost nursery rhyme-like tone. This creates a contrast that some viewers may find jarring.  The music doesn't add any narrative depth or enhance the video's core message; instead, it functions as background audio.

Emotion: The video attempts to elicit feelings of surprise and perhaps slight unease as the hidden elements within the photos are revealed.  However, the light and playful music generates a very different emotional tone.  This disconnect results in a lack of emotional coherence between the two.  The music doesn't elevate the emotional impact of the video; rather, it creates a contrast that may diminish the intended effect.

Cultural Relevance: Neither the music nor the video seem to be rooted in any specific cultural elements.  The photos presented in the video appear to be from different contexts and potentially different eras, but no particular culture is emphasized. The music itself is generically whimsical and lacks any distinguishable cultural markers. There's no geographical referencing in either the video or the music that suggests any shared cultural context. Therefore, while neither the music nor the video overtly misrepresents any culture, they don't share any discernable cultural connections.
",train,True,data/revision/videos/RBOj8bQbeeA.mp4,18.466666666666665,,8a319d798ee6fe7f77f349b6c01ad85e6ca68f03d6bad93e56169b4baaa5d00a
40463,RK7VgTAMjdQ,https://www.youtube.com/watch?v=RK7VgTAMjdQ,"Here's a detailed analysis of the video and music, incorporating the insights provided by the labels:

**Rhythm and Synchronization:** The music maintains a slow, steady rhythm throughout its duration. The video, however, features a single speaker in a static setting, engaging in a monologue.  Due to the lack of visual dynamism and transitions, there aren't any discernible synchronization points between the music and the video. The man's speech cadence and the music's tempo operate independently, creating a sense of detachment between the auditory and visual elements.

**Theme and Content:**  The video's content revolves around the speaker's personal philosophy of living with a sense of urgency and taking action. The music, on the other hand, exhibits a tranquil and ambient quality, lacking a clear narrative or message. This contrast results in a thematic disconnect, as the music doesn't reinforce or relate to the speaker's message about urgency and action. The relaxed nature of the music seems almost at odds with the speaker's call for proactive living.

**Emotion:**  The speaker delivers his message in a calm and measured tone, devoid of strong emotional displays. The video's overall emotional tone can be characterized as tranquil or even neutral. The music's ambient and mellow style aligns with this tranquil atmosphere. However, this shared tranquility doesn't enhance the emotional impact of the message, as the motivational aspect of the speaker's words might benefit from a more energetic or driving soundtrack. The music's lack of emotional depth reinforces the video's overall neutrality.

**Cultural Relevance:** Neither the video nor the music displays any overt cultural elements or geographical references. The video focuses on a universal theme of personal philosophy, while the music's ambient nature transcends specific cultural contexts. This lack of cultural specificity contributes to the overall neutrality of both the visual and auditory elements.


I hope this detailed analysis is helpful! Let me know if you have more questions.",train,True,data/revision/videos/RK7VgTAMjdQ.mp4,60.0,,6217e3a496df4fd4ba1f110f6e6eee615fe58b8dea8672745e3a1062f3f8fd02
37985,RabjCXB4KXg,https://www.youtube.com/watch?v=RabjCXB4KXg,"Rhythm and Synchronization: The video features a series of cuts showcasing different skincare products.  The background music maintains a consistent, upbeat tempo throughout, irrespective of the visual changes. Since the video lacks dynamic transitions or significant shifts in pacing, the continuous nature of the music doesn't create a sense of rhythmic dissonance. However, the lack of specific synchronization between the music and the visual cuts results in a somewhat detached relationship between the two.  The music acts more as a sonic backdrop rather than an element actively engaged with the video's rhythm.

Theme and Content: The video focuses on recommending affordable skincare products, adopting an informative and practical tone.  The upbeat, almost playful music doesn't particularly align with the video's straightforward and functional purpose. While the music isn't jarring, it doesn't enhance or support the core message of the video, creating a thematic disconnect. The music's lighthearted nature doesn't inherently conflict with the content, but it doesn't contribute to the video's objective of providing skincare advice.

Emotion: The video presents information in a neutral and objective manner, lacking any strong emotional undertones. The presenter maintains a calm and informative demeanor. The music, on the other hand, carries a light, almost cheerful vibe.  This contrast creates an emotional mismatch. The music's upbeat nature doesn't amplify or complement the video's neutral emotional tone, resulting in a slightly disjointed experience. The music doesn't necessarily detract from the video's message, but it fails to establish an emotional synergy.

Cultural Relevance: The video, focusing on skincare product recommendations, doesn't feature prominent cultural elements. While the video references prices in Indian Rupees (₹), suggesting an Indian context, the music lacks any discernible cultural markers. This absence of shared cultural elements further underscores the disconnect between the audio and visual components.  The neutral nature of the music, while not clashing with the implicit Indian setting of the video, doesn't reinforce or engage with any specific cultural context.
",train,True,data/revision/videos/RabjCXB4KXg.mp4,10.566666666666666,,ed4e55a3e6145e316e6a021dcc9c7944300bb092e5bd76bdd821de59a938029a
5705,RvqBYLp8ujQ,https://www.youtube.com/watch?v=RvqBYLp8ujQ,"Rhythm and Synchronization: The video features a series of quick cuts and transitions, creating a fast-paced visual experience. The music, with its upbeat tempo, aligns well with this rapid visual progression. The rhythmic coherence is further emphasized at the 7-second mark, where a distinct change in the music coincides perfectly with a shift in the video's visuals, creating a satisfying sense of synchronization. This precise alignment highlights a key moment in the video, reinforcing the connection between the auditory and visual elements. However, other transitions lack this tight synchronization, contributing to a slightly less cohesive feel in other parts of the video.

Theme and Content: The video showcases a montage of seemingly unrelated clips, featuring individuals in various settings, including an airplane, outdoor locations, and social gatherings. The overarching theme is unclear, appearing more as a collection of moments than a cohesive narrative. The music, with its driving rhythm and celebratory feel, doesn't necessarily enhance or detract from the video's content due to this lack of a clear narrative. The thematic connection between the two is weak, with the music existing as a separate entity rather than a complement to the video's message or story.

Emotion: The video portrays a generally lighthearted and relaxed atmosphere. The individuals featured are often smiling and engaged in seemingly enjoyable activities, creating a sense of happiness and carefree enjoyment. The music, with its upbeat and energetic style, complements this positive emotional tone to some extent. While the music leans more toward excitement than relaxation, the overall emotional coherence is partially consistent. The music's intensity might amplify the video's happy moments, but it doesn't fully capture the more nuanced relaxed vibes present in certain scenes.

Cultural Relevance: Neither the video nor the music appears to contain any readily identifiable cultural elements. The visuals depict everyday scenarios and the music lacks any distinct cultural markers. This absence of specific cultural references contributes to the sense that the video and music are unrelated in terms of cultural context. They exist in a relatively neutral cultural space, without making any specific geographical or cultural statements.
",train,True,data/revision/videos/RvqBYLp8ujQ.mp4,14.166666666666666,,5310572f8d59b25ff5358cb229378ef934d99fc6317e97c4284e336bca3aae4d
37879,SLKJU3cR30Q,https://www.youtube.com/watch?v=SLKJU3cR30Q,"Rhythm and Synchronization: The video features a series of short clips, each showcasing a visual trick or illusion. These clips transition rapidly, creating a fast-paced visual experience. The music, however, maintains a consistent, moderate tempo throughout. This contrast in pacing contributes to a sense of rhythmic disconnect. Specifically, the transitions at 0:03, 0:12, and 0:17, where the video shifts between different illusions, do not correspond with any notable changes in the music's rhythm or intensity. The music continues its steady beat, unaffected by the visual shifts, further emphasizing the lack of synchronization. This constant, almost indifferent, musical backdrop diminishes the impact of the quick cuts and surprising reveals within the video.

Theme and Content: The video's content focuses on visual illusions and unexpected reveals, aiming for a humorous and surprising effect. The music, however, doesn't seem to share this thematic focus. Its generic and somewhat repetitive nature doesn't specifically enhance or relate to the theme of illusions or humor. The absence of thematic connection creates a dissonance between the video's content and the music's purpose, leaving the viewer with a sense of detachment rather than an integrated audiovisual experience.

Emotion: The video aims to evoke humor and surprise through its clever visual tricks. The quick cuts and unexpected reveals are designed to elicit laughter and amusement. However, the music's emotional tone feels neutral, even slightly melancholic, which clashes with the video's lighthearted and playful intent.  The music doesn't heighten the humor or surprise; instead, it creates a slightly jarring contrast. The lack of emotional coherence diminishes the overall impact of the video, as the music doesn't effectively underscore the intended emotional responses.

Cultural Relevance: The video itself features a variety of visual scenarios without a distinct cultural focus.  The music similarly lacks any clear cultural markers or geographic references. While some of the visuals might hint at certain locations or practices, these are fleeting and not developed enough to establish a specific cultural context.  The lack of defined cultural elements in both the video and music contributes to their overall unrelatedness, further reinforcing the sense of disconnection between the two. There is no discernible interplay or shared cultural narrative between the visual and auditory elements.
",train,True,data/revision/videos/SLKJU3cR30Q.mp4,23.333333333333332,,c71a2352edf29a3ab470d6b5689f6fdc8ac6d56e0612ea8f20ed36619b45f3ef
22948,SVZAdWTwza4,https://www.youtube.com/watch?v=SVZAdWTwza4,"Rhythm and Synchronization: The video consists of a series of still images, each transitioning into the next. The music, a pop song, maintains a consistent medium tempo throughout. Since there are no significant changes in the video's visual pace, there's little opportunity for rhythmic synchronization between the music and visuals.  The relatively static nature of the visuals means there are no distinct points where the music could synchronize with cuts or actions. This results in a perceived disconnect between the rhythmic flow of the music and the static presentation of the video.

Theme and Content: The video presents a sequence of images related to fantasy and mythology, showcasing figures like a wizard, demons, and a grim reaper. The pop song's lyrics about love and relationships don't align with the dark, fantastical imagery. The song's theme is contemporary and personal, while the video delves into the realm of the supernatural and mythical. This creates a thematic dissonance, with the music failing to enhance or complement the video's content.

Emotion: The music evokes a sense of longing and perhaps a touch of sadness, typical of a love song.  In contrast, the video evokes a mix of awe, intrigue, and possibly unease, depending on the viewer's interpretation of the fantasy figures. The wizard at the beginning appears tranquil and focused, the demon figures convey a sense of power, and the grim reaper figure introduces a darker, more solemn tone. These varied emotions inspired by the imagery don't align with the more singular emotional tone of longing present in the music.  This emotional disconnect detracts from the overall viewing experience, as the music doesn't amplify or harmonize with the emotional nuances of the visuals.

Cultural Relevance:  The video draws inspiration from various fantasy and mythological archetypes, but doesn't seem to root itself in any specific culture.  Similarly, the music is a generic pop song with no discernible cultural markers. While both music and video touch upon broadly recognized fantastical themes, they don't share any specific cultural elements. The lack of cultural intersection further contributes to the disconnect between the two mediums.
",train,True,data/revision/videos/SVZAdWTwza4.mp4,12.083333333333334,,e6a1995643b9063e226d07bb68eb172da259e7594c8122d1ffd4c42005d899d6
39367,S_ENNrL3lBk,https://www.youtube.com/watch?v=S_ENNrL3lBk,"Rhythm and Synchronization: The music maintains a consistent, medium tempo throughout, featuring a distinct beat. However, this beat doesn't align with the visual rhythm of the video. The video itself is relatively static, showcasing a ferris wheel at a night market, with occasional scene changes. These transitions, occurring around 0:05 and 0:14, don't coincide with any shifts in the music's rhythm or melody. The steady, unchanging nature of the music doesn’t complement the few dynamic moments within the video, like the brief transitions or the spinning ferris wheel.  Overall, the rhythmic relationship between the audio and visual elements is detached.

Theme and Content: The music and video present a stark thematic disconnect. The video portrays a lively, bustling night market scene in India, emphasizing the vibrant atmosphere with bright lights and the festive Ferris wheel. The setting suggests a celebratory, communal experience. However, the music, with its lyrics about a challenging romantic relationship, carries a distinctly different tone. This narrative in the song doesn’t resonate with the visuals of the market, creating a sense of thematic dissonance.  The music doesn’t offer any commentary or enhancement to the video’s content.

Emotion: The video evokes a sense of happiness, tranquility, and appreciation for the colorful market environment. The bright lights, the rotating Ferris wheel, and the presence of people enjoying the festivities contribute to this positive emotional tone. Conversely, the music expresses feelings of frustration and perhaps a bit of sadness regarding a romantic relationship.  This contrast creates a mismatch in emotional tone. While the video elicits feelings of joy and community, the music brings forth a sense of personal struggle. The music, therefore, does not elevate the emotional impact of the video, instead introducing a conflicting emotional layer.

Cultural Relevance: The video clearly showcases elements of Indian culture through the depiction of a typical night market with traditional clothing and signs written in Hindi script. However, the music has no discernible cultural markers tying it to any particular region or tradition. This creates a lack of cultural coherence. While the video grounds itself in a specific cultural context, the music remains detached from any such connection.  The absence of shared cultural elements contributes to the overall mismatch between the video and music.
",val,True,data/revision/videos/S_ENNrL3lBk.mp4,53.266666666666666,,3af48d107244a8deea5b72e474d9051e6d9a9282d8135c669a508c346621f0b5
14108,SafLDPb5-E0,https://www.youtube.com/watch?v=SafLDPb5-E0,"Rhythm and Synchronization: The music maintains a medium, steady tempo throughout the video. While the visuals shift between different jaguar behaviors—walking, hunting a snake, swimming, and attacking a caiman—the music doesn't change drastically to mirror these shifts. This creates a sense of continuous tension and underscores the overall theme of the jaguar's prowess as a predator.

Theme and Content: The music's suspenseful and slightly ominous tone complements the video's portrayal of the jaguar as a powerful predator. The video presents three key facts about jaguars, highlighting their position at the top of the food chain. While the music doesn't directly tell a story, it does enhance the overall presentation of the jaguar's dominance and the inherent dangers of its environment, reinforcing the information provided in the video.

Emotion: The video itself is largely informational and doesn't evoke a strong emotional response other than perhaps a sense of awe and respect for the jaguar. The music, however, introduces a layer of suspense and tension, which arguably doesn't precisely align with the neutral, factual tone of the video. This slight dissonance is not jarring but rather adds a dramatic backdrop to the otherwise straightforward presentation of information.

Cultural Relevance: Neither the music nor the video explicitly references specific cultural elements. The focus remains solely on the jaguar and its natural habitat, which is presented generically as a hostile environment.  The absence of any cultural cues allows the video to maintain a broad appeal and concentrate on the biological aspects of the jaguar's existence.
",train,True,data/revision/videos/SafLDPb5-E0.mp4,19.394375,,28d4c421ca6e6bffaf5ba6270e68646b04c0a0183367cdad8c7f92f8438136e9
13654,SjXB6KcW0aE,https://www.youtube.com/watch?v=SjXB6KcW0aE,"Rhythm and Synchronization: The music's tempo is generally moderate, aligning well with the pacing of the video, which consists primarily of dialogue and emotionally charged interactions. There is a noticeable rhythmic coherence between the music and video, particularly at the 0:41 mark, where a distinct shift in the music coincides perfectly with a dramatic moment in the video. This synchronization emphasizes the emotional intensity of the scene, creating a powerful impact on the viewer. The rest of the video maintains a consistent rhythm and pace that feels natural and complements the unfolding storyline.

Theme and Content: While the music doesn't directly reflect the specific content of the video’s narrative, it effectively enhances the underlying themes of heartbreak, betrayal, and emotional distress. The music’s melancholic undertones amplify the emotional impact of the dialogue and interactions, creating a sense of empathy for the characters involved. While the music does add a layer of emotional depth to the video’s plot by matching the emotional impact of the situation, it does not seem connected specifically to the story itself.

Emotion: The music’s melancholic style and the video’s emotional tone are generally consistent, though not perfectly matched throughout. The video conveys a range of emotions, primarily sadness and anger, as the narrative unfolds. The music, with its somber and reflective melody, primarily evokes sadness and perhaps a sense of longing. The emotional coherence is strongest during the synchronized moment at 0:41, where both the music and the video peak in emotional intensity. While the music doesn't perfectly mirror every emotional nuance in the video, it elevates the overall emotional impact by providing a consistent undercurrent of sadness.

Cultural Relevance: There aren't any readily apparent shared cultural elements between the music and the video. The video appears to depict a contemporary setting with no specific cultural markers. The music, while evocative, doesn't incorporate any discernible cultural elements or geographical references.  Both the music and video seem to focus on universal themes of relationship conflict and emotional turmoil, which transcend specific cultural contexts.
",train,True,data/revision/videos/SjXB6KcW0aE.mp4,59.92,,5a3794e4b4c44eda4f294baac7845c77dd545118386aa5158d3201c72f204153
1100,Sth94PTrQ_I,https://www.youtube.com/watch?v=Sth94PTrQ_I,"Rhythm and Synchronization: The music maintains a constant, medium tempo throughout the video.  Since the video itself doesn't feature distinct transitions or cuts timed to the music, the synchronization is essentially nonexistent.  The video progresses through the crafting process at its own pace, with the music simply existing as a background element. The lack of rhythmic interplay between the two contributes to a feeling of disconnect.

Theme and Content: The video demonstrates how to create a layered heart-shaped pull-out card for Mother's Day.  The music, however, doesn't seem to connect thematically with the video's content at all.  The lyrics of the song speak of personal longing and desire, which doesn't align with the act of crafting a card, especially one for a mother. There's a clear thematic dissonance, with the video focusing on a tangible act of love and appreciation, and the music centered on more romantic, perhaps even yearning emotions.

Emotion: The video itself is rather neutral in its emotional tone. It focuses on the step-by-step process of creating the card, devoid of strong emotional expressions. The music, on the other hand, carries a melancholic and yearning tone.  This mismatch in emotional tone contributes to the disconnect between the audio and visual elements. While the crafting activity might evoke feelings of love and care in the creator or the recipient, these emotions aren't explicitly conveyed in the video itself.  The music's melancholic tone doesn't enhance or reflect the subtle emotional undertones of the craft project.

Cultural Relevance: Neither the music nor the video features readily identifiable cultural elements.  The crafting activity itself could be considered a universal expression of affection, not tied to any specific culture. The music, with its English lyrics and pop style, is similarly broadly accessible.  There's no discernible geographical reference in either the video or the music, further reinforcing the absence of strong cultural connections between the two. They exist as separate entities, without shared cultural anchors.
",train,True,data/revision/videos/Sth94PTrQ_I.mp4,35.53333333333333,,e9162c39fdd4923fbcb97edd9c1c195080c3afebe1c450a10e62db8a56c6dbd9
5421,THxF_w_nYUI,https://www.youtube.com/watch?v=THxF_w_nYUI,"Rhythm and Synchronization: The music's tempo remains consistently slow and steady, providing a backdrop to the skier's actions. The synchronization between music and video is most prominent at the 0:05 mark, coinciding with the skier's launch off the ramp. This precise alignment accentuates the climax of the video, as the music transitions to a heavier beat in perfect time with the skier's airborne flip.  This rhythmic coherence enhances the impact of the trick, creating a sense of anticipation and excitement.  While the rest of the video doesn't feature such pronounced synchronization points, the overall slow tempo of the music does complement the smooth, deliberate movements of the skier leading up to the jump.

Theme and Content: The music's theme, a laid-back electronic beat, doesn't directly relate to the content of the video, which showcases a skiing trick. While the music isn't specifically about skiing or extreme sports, the slow build-up and subsequent drop in the music do mirror the skier's progression towards and execution of the flip. This creates a sense of anticipation and payoff, even though the thematic connection is indirect. The music doesn't necessarily enhance the narrative or message of the video, but it doesn't detract from it either. There is no thematic dissonance, but rather a somewhat neutral relationship.

Emotion: The music evokes a relaxed, almost chill vibe. The video itself, while showcasing an exciting athletic feat, doesn't necessarily convey a strong emotional tone.  The skier appears focused and controlled, but the video doesn't portray overt joy, excitement, or fear.  Therefore, the music's emotional tone, while not directly matching the specific emotions of the skier, doesn't clash with the video's relatively neutral emotional landscape.  The music doesn't significantly elevate the emotional impact of the video, but rather provides a consistent and unobtrusive auditory backdrop.

Cultural Relevance: Neither the music nor the video seems to contain specific cultural elements.  The setting is a snowy mountain slope, but the visuals don't offer specific geographical clues or cultural markers. Similarly, the music itself doesn't evoke a particular cultural style or tradition. Thus, there are no shared cultural elements to analyze, and the question of relevance or accuracy of cultural representation is moot in this instance.
",val,True,data/revision/videos/THxF_w_nYUI.mp4,7.833333333333333,,a25af7de9f0bc3d8390734642ef35f81d337444df84b6ac0afc368a81018923a
20675,TSYNeHGcXn8,https://www.youtube.com/watch?v=TSYNeHGcXn8,"Rhythm and Synchronization: The music maintains a medium, consistent tempo throughout the video. As the video doesn't have any abrupt scene changes or dynamic shifts in visual pacing, the steady rhythm of the music creates a backdrop that feels generally aligned with the unfolding narrative. This constant tempo complements the steady pace of the dialogue and action.

Theme and Content: Thematically, the video and music don't have a direct connection. The video portrays a scenario involving a civilian and a military officer, with themes of suspicion, deception, and ultimately, cooperation against a common enemy. The music, on the other hand, seems to be a lighthearted, romantic Bollywood song, which doesn't directly relate to the video's serious subject matter. The music doesn't enhance the video's narrative and could be perceived as slightly jarring given the context of the scene.

Emotion: The emotional tone of the video and music are quite different. The video evokes a blend of humor, tension, and lightheartedness, particularly in the moments of deception and the unexpected twist at the end. The music, however, has a romantic and somewhat whimsical quality. This creates a disconnect where the music doesn't amplify the video's emotional impact and might even detract from it slightly. For example, the upbeat nature of the music doesn't match the seriousness of the initial confrontation.

Cultural Relevance:  While both the video and music appear to originate from India, judging by the language and the military uniform, there aren't any specific or deeply ingrained cultural elements that connect them. The video focuses on a contemporary situation and doesn't incorporate any traditional customs or iconography. The music, though likely from Indian cinema, is a general romantic theme without distinct cultural markers. So, while a shared geographical origin is apparent, deeper cultural connections aren't evident.
",train,True,data/revision/videos/TSYNeHGcXn8.mp4,59.93333333333333,,e4c0a7fe2ff1350ba86de6b6197436cf71a8cac1f2b213b42c1b172745e5e83c
4876,TUCHmKQTVzc,https://www.youtube.com/watch?v=TUCHmKQTVzc,"Rhythm and Synchronization: The music and video demonstrate a generally harmonious relationship in terms of rhythm and pace. The music maintains a medium tempo throughout, which aligns well with the unhurried pace of the hairstyling demonstration. While there aren't many distinct cuts or transitions in the video, a noticeable shift occurs around the 8-second mark, where the hair stylist finishes placing the hair clips. At this point, the music introduces a new melodic phrase, creating a subtle but effective synchronization that underscores the completion of this stage of the hairstyling process. The overall rhythmic coherence is smooth and contributes to a relaxed viewing experience.

Theme and Content: The upbeat and somewhat whimsical nature of the music contrasts with the primarily instructional content of the video, creating a thematic disconnect. The video focuses on a practical demonstration of a hairstyling technique, while the music suggests a lighter, perhaps more celebratory mood.  The music doesn't necessarily detract from the video's message, but neither does it significantly enhance or support it narratively.

Emotion: The video maintains a relatively neutral emotional tone. The model and stylist both appear calm and focused, conveying primarily practical rather than emotional information. In contrast, the music carries a sense of lightheartedness and gentle energy. This disparity in emotional tone leads to a lack of coherence between the two mediums. While the music doesn't clash dramatically with the video's emotion, it doesn't amplify or complement it either. 

Cultural Relevance: Neither the video nor the music exhibits strong or specific cultural markers. The video features a common hairstyling scenario with no overt cultural references in terms of attire, setting, or actions. Similarly, the music lacks distinct cultural elements or geographical references. This absence of clear cultural markers in both mediums makes it difficult to assess any alignment or dissonance in this respect.
",train,True,data/revision/videos/TUCHmKQTVzc.mp4,19.766666666666666,,4dc6cadc816a4d958f9dacc552f73fe696d0a6750398f12fc71e687fc15b97e5
15721,TUIR2YHiDYE,https://www.youtube.com/watch?v=TUIR2YHiDYE,"Rhythm and Synchronization: The music maintains a consistent, medium tempo throughout, providing a generally relaxed backdrop to the video. However, the synchronization between the music and the video's actions is weak.  For instance, at the 11-second mark, the woman in the video begins her second golf swing. This significant shift in the video’s action is not accompanied by any corresponding change in the music. This disconnect is prevalent throughout the video. The consistent rhythm of the music doesn’t accentuate or reflect the visual shifts or the movements of the golfer's swings. This lack of rhythmic interplay contributes to an overall sense of detachment between the audio and visual elements.

Theme and Content: The video focuses on comparing two golf skirts at different price points, showcasing the wearer performing swings in each skirt.  The music, a laid-back and somewhat melancholic acoustic track, feels thematically detached from the video’s comparative shopping focus. The music doesn't amplify or enhance the video’s core message regarding the value or aesthetic differences between the skirts. The lyrical content, if any, is inaudible and doesn't appear to relate to the visual narrative. Overall, there's a noticeable thematic dissonance between the relaxed, somewhat introspective vibe of the music and the practical, product-focused nature of the video.

Emotion: The video aims for a relaxed and appreciative tone, showcasing the skirts in a casual, real-world context.  However, the music evokes a sense of contemplation or perhaps even a touch of melancholy, contrasting with the generally positive and practical tone of the video. The video’s emotion is fairly straightforward, centered on demonstrating a product, while the music introduces a more complex emotional layer that doesn't seem to align with the video’s intent.  As a result, the music doesn’t particularly elevate the video's emotional impact and, in fact, creates a slightly disjointed emotional experience.

Cultural Relevance:  Neither the video nor the music appear to contain any overt cultural references. The video’s focus is on a product comparison, featuring a relatively generic golfing backdrop, and the music’s style is universally understood without being tied to any specific cultural tradition.  There are no discernible geographic indicators in either the visual or auditory elements. This lack of cultural elements doesn't inherently create a mismatch, but it contributes to the overall sense of detachment between the two elements, as they don't share a common cultural ground.
",train,True,data/revision/videos/TUIR2YHiDYE.mp4,16.366666666666667,,9ad9a1d7d2b911212626b26101e32cb4ad5e36aa476400c5e68e8ff2e8dd62cc
27952,TavTw7hciiM,https://www.youtube.com/watch?v=TavTw7hciiM,"Rhythm and Synchronization: The music maintains a consistently fast tempo throughout, featuring a driving beat and energetic vocals. The video, however, unfolds at a slower pace, focusing on dialogue and emotional expressions rather than fast-paced action.  Because the video lacks significant transitions or dynamic changes, there isn't a discernible synchronization between the music's rhythm and the video's visual elements. This creates a disconnect between the two, with the energetic music feeling somewhat at odds with the more measured pace of the narrative.

Theme and Content: The upbeat and romantic tone of the music clashes with the video's narrative about a wife discovering her husband has spent their savings. The lyrics celebrate love and togetherness, while the video portrays a moment of conflict and disappointment.  This thematic dissonance is stark, preventing the music from enhancing or complementing the video's message. The video's concern with financial struggles and marital trust is completely unrelated to the romantic themes expressed in the song.

Emotion: The video primarily portrays disappointment and frustration from the wife’s perspective, with a hint of regret from the husband.  The music, on the other hand, evokes feelings of joy and excitement, possibly love or anticipation. This mismatch in emotional tone creates a sense of irony, where the upbeat music underscores the seriousness of the situation depicted in the video, but fails to align with or amplify the intended emotions.

Cultural Relevance:  Neither the music nor the video seem to draw upon specific cultural elements or geographical references in a prominent way.  The setting of the video, while suggestive of a rural environment, remains generic, and the music does not incorporate any distinctive cultural instrumentation or lyrical themes.  There is no obvious cultural connection between the audio and visual components.
",train,True,data/revision/videos/TavTw7hciiM.mp4,58.69202535869203,,8a88337a2bf7045854b44e1c9b7db7ca0d0d4f7951e538761c59fe7d8bfa30fd
43590,TnJosaRiUaU,https://www.youtube.com/watch?v=TnJosaRiUaU,"Rhythm and Synchronization: The music's fast tempo contrasts sharply with the initial leisurely pace of the video, creating a sense of disconnect.  The first few seconds show children moving slowly, their actions not synchronized with the energetic beat of the music. However, a shift occurs around the 8-second mark.  As the two older children link arms and begin to walk together, the video takes on a more playful and dynamic feel, aligning better with the music's quick rhythm. This change in the video's energy, coinciding with a shift in the music, creates a moment of rhythmic coherence, adding a layer of lightheartedness to the scene.  Despite this brief synchronization, the overall rhythmic relationship between the video and music remains largely unrelated.

Theme and Content: The music's theme, which seems to revolve around playful banter and perhaps a hint of romantic interest, clashes with the initial content of the video, which depicts three children moving erratically. The lyrics, seemingly referencing a lighthearted argument, don't seem to connect with the first part of the visual narrative. The subsequent scene of two children walking arm-in-arm could be interpreted as flirting, aligning slightly better with the lyrical theme. However, the overall thematic connection between the video and the music remains weak and somewhat random.

Emotion: The music evokes a sense of lightheartedness and playful energy. The video, on the other hand, begins with a somewhat confusing and humorous tone due to the children's unusual movements.  The later scene with the two older children introduces a touch of shy affection.  While both the music and video evoke positive emotions, they don't entirely align. The music's energetic playfulness doesn't amplify the initial humor of the video, and the later scene's subtle affection isn't fully captured by the more boisterous tone of the music.  Overall, the emotional coherence is weak.

Cultural Relevance: The video showcases a cultural landmark, likely a temple or a similar structure, which provides a geographic and cultural context.  However, the music doesn't appear to contain any specific geographic references or share any discernible cultural elements with the video.  While the landmark in the video suggests a specific cultural setting, the music remains detached from this context. This mismatch between the visually presented cultural elements and the generic nature of the music diminishes the cultural relevance of their pairing.
",train,True,data/revision/videos/TnJosaRiUaU.mp4,15.4,,07c4f577e3072a1a08eecc06cc2fddc2fe3c2fe0f09ceed59f305edb41fe79c2
26090,Ts9TByrq478,https://www.youtube.com/watch?v=Ts9TByrq478,"Rhythm and Synchronization: The video features a fairly consistent, medium pace as the camera pans across a cityscape viewpoint from a high-rise building. There aren't any abrupt transitions or changes in the visual pacing.  The music, while also at a medium tempo, doesn't synchronize with any visual elements in the video.  The rhythmic structure of the song, particularly the vocal phrasing and the underlying beat, remains independent of the video's movement. This lack of synchronization contributes to a sense of detachment between the audio and visual elements.

Theme and Content: The video showcases a view from a rooftop garden, capturing the cityscape and people enjoying the space. The theme seems to be around enjoying a moment in a unique urban setting. However, the music's lyrical focus on carpe diem and making the most of life doesn't directly connect with the specific activities or atmosphere presented in the video. While the video implies enjoying a moment, the music's message is more broadly about life in general. This creates a thematic dissonance.

Emotion: The video evokes a sense of calm appreciation and urban energy. The visuals of the cityscape, the relaxed movements of the people, and the overall aesthetic of the setting contribute to a peaceful yet vibrant mood.  The music, however, delivers a more upbeat and motivational message, encouraging the listener to seize the day. The music has an energetic vibe. While both the video and the music contain positive elements, the specific emotions don't quite align. The video's gentle appreciation contrasts with the music's more proactive and enthusiastic tone.

Cultural Relevance: The video's content, depicting a modern cityscape, doesn't have any overt cultural elements or specific geographical references beyond the general urban setting. Similarly, the music's lyrical theme of making the most of life is universally relatable and doesn't lean on any particular cultural influences. While the video likely features specific location identifiable, there is no clear connection between them beyond the urban environment. Therefore, there isn't any notable cultural interplay or shared references between the two.
",train,True,data/revision/videos/Ts9TByrq478.mp4,15.0,,6b92a14edd1d775c19483aab71335c1377a87820cb311c9d4bcf5ca23a93cf2a
24726,U1hPFfRavdA,https://www.youtube.com/watch?v=U1hPFfRavdA,"Rhythm and Synchronization: The music's slow, relaxed tempo contrasts with the fast-paced action of the skier performing tricks. However, there's a subtle alignment between the two.  The music maintains a steady, consistent beat that provides a backdrop to the dynamic movements in the video. This consistent rhythm doesn't directly synchronize with every movement the skier makes. Instead, it creates an underlying sense of anticipation and release. This is particularly evident at the 10-second mark, where the music transitions subtly yet noticeably as the skier lands a trick, marking a point of emphasis and completion in the sequence. This creates a feeling of synchronization even amidst the contrasting paces, making the music feel surprisingly fitting despite its slower tempo.

Theme and Content: The music's chill, laid-back vibe doesn't directly relate to the content of the video, which showcases a high-energy skiing performance. The lyrics of the song revolve around personal themes that don't have an obvious connection to the visual narrative of extreme sports.  While the music doesn't explicitly enhance or supplement the video's storyline, it doesn't clash dramatically either. The laid-back quality of the music acts as a counterpoint to the intensity of the skiing, offering an interesting juxtaposition rather than a jarring mismatch.

Emotion: The music's chill and relaxed mood creates a sense of calm, even while the video portrays excitement and energy. These contrasting emotional tones don't necessarily complement each other, but they don't clash in a disruptive way. The music's calmness creates a unique viewing experience, offering a sense of effortless cool against the backdrop of dynamic skiing. This unexpected combination adds a layer of complexity to the overall emotional impact.

Cultural Relevance: Neither the video nor the music feature particularly strong cultural elements. The video focuses on the athletic feat of skiing, while the music's themes are fairly universal. There are no distinct geographic references or culturally specific visuals or sounds. This lack of specific cultural markers creates a sense of neutrality, allowing both the video and the music to be accessible and relatable to a broader audience.
",train,True,data/revision/videos/U1hPFfRavdA.mp4,10.833333333333334,,590c91382037cb29c9472d9f4625845fd79a1f56136f7fe8f511c0f4ee1f8091
17298,U7iCQO7cI2A,https://www.youtube.com/watch?v=U7iCQO7cI2A,"Rhythm and Synchronization: The music's tempo is medium, maintaining a consistent, gentle pace throughout. The video, primarily consisting of static text and a silhouette image, has minimal dynamic movement. There is a slight shift in the music around the 9-second mark, where a more pronounced percussive element is introduced. This coincides with a subtle darkening of the image, creating a small sense of rhythmic interplay, although the synchronization is not particularly strong.  The overall rhythmic coherence between the music and video is weak, primarily due to the video's static nature.


Theme and Content: The video promotes the benefits of physical fitness with text in Hindi, highlighting how a healthy body contributes to a better life. The music, however, is a light, almost whimsical instrumental piece that doesn't particularly relate to the theme of fitness or self-improvement. The thematic dissonance is quite evident. The music neither enhances the video's message nor adds any further layer of meaning to the text presented.


Emotion: The video, being primarily text-based, conveys little emotion. It focuses on providing information rather than evoking a particular feeling. The music, on the other hand, has a slightly positive, almost ethereal quality. This mismatch in emotional tone contributes to the overall disconnect between the two. The music does not enhance the video's emotional impact, mainly because the video has very little emotional content to begin with.


Cultural Relevance: While the video uses Hindi text, suggesting an Indian cultural context and specifically targeting a Hindi-speaking audience, the music itself lacks distinct cultural markers. The music could be interpreted as having a somewhat generic Western, instrumental style.  This creates a disconnect, as the music doesn't reinforce or relate to the video's cultural specificity. There are no clear geographical references in either the music or the video beyond the language of the text.
",train,True,data/revision/videos/U7iCQO7cI2A.mp4,15.033333333333333,,7e63631f16dd18669f236301a734368c47a4c620350a353b5caf52dd85381e3e
19595,UACN0sH22Ew,https://www.youtube.com/watch?v=UACN0sH22Ew,"Rhythm and Synchronization: The music maintains a medium tempo throughout, which generally aligns with the pace of the dance. The dancers perform a series of choreographed moves, and while their movements are energetic and dynamic, the choreography doesn't feature sharp transitions or sudden shifts in tempo that would necessitate specific musical synchronization points.  Because the video maintains a consistent pace and energy level, there are no discernible points where the music directly synchronizes with specific video cuts or transitions. This absence of precisely timed synchronization doesn’t detract from the overall effect, however, as the consistent rhythm of the music provides a solid backdrop for the dance performance.

Theme and Content: The song's lyrics, focusing on a sense of intoxication and fascination with another person, have a romantic and slightly obsessive undertone.  The dance, on the other hand, conveys a more general feeling of energy and confidence, showcasing the dancers’ skill and coordination. While the music's thematic focus on romantic longing doesn't clash with the energetic vibe of the dance, there isn't a direct narrative connection between the two.  They exist as independent expressions, coexisting without a tightly interwoven narrative thread.

Emotion: The music carries a romantic, almost dreamy quality, reflecting the lyrics' theme of infatuation. The dance, however, projects a different emotional tone. The dancers' sharp movements and confident expressions convey a sense of energy and enthusiasm, perhaps even a hint of flirtation. While the romanticism of the music could be interpreted as partially aligning with the dancers' expressions of confidence and charm, the overall emotional impact is not fully cohesive. The music's dreaminess creates a different mood than the more direct and energetic feeling of the dance performance.

Cultural Relevance: Neither the music nor the video seems to incorporate any specific cultural elements. The music uses a generic pop style without any discernible regional influences.  Similarly, the dance style and the dancers' attire don't appear to draw from any specific cultural tradition. This absence of distinct cultural markers results in a sense of universality, making the performance potentially relatable to a wider audience.  The focus remains squarely on the dance itself and the emotional undertones expressed through both movement and music.
",train,True,data/revision/videos/UACN0sH22Ew.mp4,39.1,,a88d133f9c0deb8121c02a0e1ec94100f4e3c1d480c7c6a066f98c7c86d7abac
25249,UFKA938Z0Xc,https://www.youtube.com/watch?v=UFKA938Z0Xc,"Rhythm and Synchronization: The music maintains a consistent medium tempo throughout, creating a relaxed and steady backdrop for the video.  As there are no significant transitions or changes in the video's visual content, the lack of corresponding musical shifts doesn't create dissonance. The drumming and guitar playing in the video remain relatively constant, mirroring the static nature of the visuals. The video and music, therefore, exhibit a basic level of rhythmic coherence through their shared, unchanging nature.

Theme and Content: The video showcases two friends jamming in a studio. The overlaid text suggests that starting a band with friends is a motivating factor.  While the music itself doesn't directly relate to the theme of friendship or starting a band, it does provide an auditory context for the activity being depicted. The music contributes to the overall atmosphere of a casual jam session, demonstrating the enjoyment the friends experience while playing.

Emotion: The video projects a cheerful and relaxed vibe, showing friends enjoying playing music together. The music's steady rhythm and melodic nature enhance this lighthearted atmosphere. There is a sense of appreciation for music, as conveyed by the text overlay. However, the musical style itself is not overtly cheerful. While it contributes to the relaxed mood, it doesn't add layers of joy or excitement. The music and video, therefore, align emotionally on a basic level, although the music doesn't particularly elevate the video's emotional impact.

Cultural Relevance: Neither the video nor the music contain any overt cultural elements. The scene of friends playing music together in a studio is a fairly universal experience, not tied to any specific culture or geographical location. The focus is on the personal connection and shared enjoyment of music-making.  The music, with its mellow and universal appeal, supports this culturally neutral presentation.
",val,True,data/revision/videos/UFKA938Z0Xc.mp4,19.8,,5dd46130c45be115aa17142a6ee1ab2bc3055f542896731cdb3a83382b483552
13434,UOipctM6oFE,https://www.youtube.com/watch?v=UOipctM6oFE,"Rhythm and Synchronization: The video features a series of quick cuts showcasing two individuals, presumably members of a K-pop group, in various settings and outfits. The pace of these cuts is moderate, creating a sense of dynamism. However, the music, a Hindi song with a distinctive melody and rhythm, doesn't synchronize with the video's edits. The song maintains a consistent tempo and doesn't adjust to the visual transitions. This lack of synchronization creates a disconnect between the audio and visual elements, making the overall presentation feel somewhat disjointed.

Theme and Content: The video appears to be a fan-made compilation celebrating the two individuals, focusing on their charm and appeal. The visuals suggest a lighthearted and playful tone, possibly aimed at highlighting their personalities and interactions. However, the Hindi song's lyrics, which seem to revolve around themes of love and admiration, don't directly relate to the video's content. This thematic mismatch further contributes to the disjointed feel. The music doesn't enhance the narrative or message of the video but instead acts as a separate entity.

Emotion: The video conveys a cheerful and relaxed mood, showcasing the individuals' smiles and playful expressions. This contrasts sharply with the Hindi song's somewhat melancholic and romantic undertones. While both the video and the song evoke emotions, these emotions don't align, resulting in an imbalanced emotional experience.  The music, instead of elevating the video's emotional impact, creates a clash of moods, making it difficult for the viewer to fully engage with either.

Cultural Relevance: The video, with its focus on K-pop idols and Korean text overlays, is firmly rooted in Korean pop culture. The music, however, is a Hindi song, likely from India.  While both are Asian cultures, their specific expressions and artistic styles are quite distinct.  This use of Hindi music in a K-pop fan video feels like a cultural mismatch. There are no shared cultural elements between the two, and the choice of music doesn't seem to have any specific cultural significance or relevance to the video's subject matter. This mismatch contributes to the overall sense of disconnect between the audio and visual components.
",train,True,data/revision/videos/UOipctM6oFE.mp4,17.733333333333334,,7c3c02f1e87267cde15f906dd75470f41208af3807ce0ea0219fc9fc08276a76
986,UvDYnk4I9bg,https://www.youtube.com/watch?v=UvDYnk4I9bg,"Rhythm and Synchronization: The fast-paced, dynamic nature of the video is well-matched by the upbeat tempo of the music. The rhythmic coherence between the two is particularly strong, especially at the 16-second mark where a distinct shift in the music coincides perfectly with a transition in the video. This synchronization accentuates the shift in the video's action, adding a punctuated, dramatic effect. However, the overall synchronization is not perfectly tight throughout. While the general energy levels match, not every cut or action in the video is precisely aligned with a musical beat or change. This looser approach to synchronization creates a sense of natural, spontaneous energy, rather than a rigidly structured feel.

Theme and Content: The video's content, centered around a humorous portrayal of basketball, isn't directly related to any specific theme present in the music. The music itself has a generic upbeat feel that could be used for various scenarios and does not inherently tell a story.  While the music doesn't provide a direct thematic complement to the video's specific narrative, the upbeat and playful vibe of the music enhances the overall comedic tone.

Emotion: The video evokes a sense of lighthearted humor and playful energy. The creator's exaggerated movements and expressions contribute to the overall comedic tone.  The music, with its energetic and upbeat melody, reinforces this sense of playfulness. While the music isn't specifically designed to match the comedic nuances of the video, its positive and energetic nature contributes to a generally positive emotional experience.  It keeps the mood light and reinforces the video's overall feeling of fun. However, the emotional coherence isn't perfect. The music doesn't have the specific emotional depth to reflect the subtle humor present in the video's narrative.

Cultural Relevance: Neither the music nor the video seems to contain any specific cultural references or elements. The scenario presented – playing basketball in a backyard – is a common and relatable activity not tied to any particular culture.  The music, being generic in nature, also lacks any discernible cultural ties. Therefore, while there's no cultural clash, there isn't any significant shared cultural relevance between the two either.  They exist in a neutral space culturally, allowing the focus to remain on the humorous interplay between the video's content and the music's energetic vibe.
",test,True,data/revision/videos/UvDYnk4I9bg.mp4,52.085366666666665,,783a961e4248030e1e4043bf7acec6092b718aba8274db0ef9c7b1781ed5b609
7453,V9N6covkJeM,https://www.youtube.com/watch?v=V9N6covkJeM,"Rhythm and Synchronization: The video showcases a car journey along a scenic road lined with palm trees and greenery. The pace of the video is relatively constant, providing a sense of steady movement. The music has a medium tempo with a distinct rhythmic structure. However, there is a disconnect between the visual rhythm of the video and the auditory rhythm of the music. The video lacks distinct transitions or changes in pace that could synchronize with the musical phrasing or beats.  The continuous, unchanging nature of the video means the steady rhythm of the song does not have any visual counterpoints to interact with.

Theme and Content: The video content, a simple car journey, and the music's theme, a romantic longing for time to stop, are thematically unrelated. The visuals depict a peaceful drive, while the lyrics of the song express a desire for shared moments with a loved one.  The video doesn't tell a story or convey a specific message that the music enhances. The lack of narrative in the video makes it difficult for the music to supplement any meaning.

Emotion: While both the video and the music evoke a sense of tranquility, their emotional tones don't completely align. The video, with its scenic view and steady movement, projects feelings of peacefulness, relaxation, and possibly a touch of cheerful exploration. The music, on the other hand, while calming, is tinged with a romantic longing and a sense of yearning. This creates a partial emotional coherence, with the shared sense of tranquility, but the romantic undertones of the music aren't directly reflected in the video's visuals.

Cultural Relevance: Neither the video nor the music appear to contain any specific cultural elements or geographical references. The visuals of a road trip are universally relatable, and the music's theme of romantic longing is a common human experience. This lack of specific cultural markers contributes to the overall sense of detachment between the video and the music, as there are no shared cultural touchstones to create a connection.
",val,True,data/revision/videos/V9N6covkJeM.mp4,16.766666666666666,,1a8fe6d377d04cd0223af006ba853cda9e9706e5c79736222725ec47e8eb2f2f
5185,VC5PUjn1jHY,https://www.youtube.com/watch?v=VC5PUjn1jHY,"Rhythm and Synchronization: The music has a fast, repetitive, almost frenetic rhythm. However, the video, which depicts a surfing ride at an amusement park, does not have sharp cuts or transitions that align with this rapid beat. The ride's motion is relatively smooth and cyclical, with the surfboard platform tilting and rotating at a moderate pace. This creates a disconnect between the auditory and visual rhythms. The absence of synchronized moments further emphasizes this mismatch, as the music's energy does not find a corresponding visual expression in the video's more leisurely movement.

Theme and Content: The music's theme, with its playful yet slightly chaotic feel, doesn't seem to complement the video's content. The video showcases a surfing ride, evoking feelings of fun, excitement, and perhaps a touch of thrill. The music, while energetic, doesn't inherently evoke these same emotions, and therefore doesn't strengthen the video's narrative. There's a thematic dissonance; the music feels detached from the specific activity being shown, lacking a sense of aquatic or adventurous themes that might have created a better thematic fit.

Emotion:  The video evokes a sense of appreciation for the amusement park ride and the joy of leisure activities. It primarily presents a visual spectacle without strongly conveying specific emotions from the riders. The music, however, carries a more whimsical, almost manic energy. This clash in emotional tone contributes to the overall disconnect between the video and the music.  The music doesn't amplify the viewer's emotional response to the video, but rather creates a separate, unrelated emotional experience.

Cultural Relevance:  Neither the video nor the music appears to have any specific cultural elements or geographical references. The video depicts a common amusement park ride, while the music is generically playful. This lack of cultural markers reinforces the sense that the two elements are unrelated and were not chosen with a particular cultural context in mind.
",train,True,data/revision/videos/VC5PUjn1jHY.mp4,14.92736683920521,,86db6df7822bcd1b331c7603f20dcddb6d25f0f89133e7f4ec82d57b6097b773
11864,VMkuCQNVw9o,https://www.youtube.com/watch?v=VMkuCQNVw9o,"Rhythm and Synchronization: The music and video have a disconnected rhythmic relationship. The music maintains a constant, slow, and meditative tempo, while the video depicts a relatively static scene of a person adjusting their jacket while seated on a motorcycle. There are no significant visual transitions or changes in the video's pacing.  This lack of dynamic movement in the video further emphasizes the rhythmic disconnect between the visual and auditory elements, as the steady beat of the music doesn't synchronize with any particular actions or cuts in the video.

Theme and Content: Thematically, the music and video don't complement each other. The video presents a seemingly everyday scenario with a spoken message about religious beliefs and non-violence. The audio track, however, features a calm, meditative melody that lacks any lyrical or thematic connection to the video's content. This creates a sense of dissonance, as the music doesn't reinforce or enhance the message conveyed by the speaker in the video.

Emotion:  The video projects a neutral and tranquil atmosphere. The speaker's calm demeanor and the static nature of the scene contribute to this sense of peacefulness. The music also conveys a tranquil emotion through its slow, melodic nature.  However, despite both the video and music evoking a sense of tranquility individually, their emotional coherence is limited due to the lack of thematic connection. The music, while calming, doesn't amplify or resonate with the specific emotional nuances of the video's message, resulting in a somewhat detached emotional experience.

Cultural Relevance:  Neither the music nor the video exhibit strong cultural markers.  The visuals present a contemporary, everyday scene with no distinct cultural elements. The music, similarly, has a universal, meditative quality that doesn't point towards any specific cultural or geographical origin. While the speaker in the video references Hinduism, this reference is not visually reflected or supported by the accompanying music, leading to a disconnect in cultural representation.
",train,True,data/revision/videos/VMkuCQNVw9o.mp4,24.236754826090653,,61461b352861bc84fd90ad0a9ec18d649bd2e768096841cfd3b478ac544464e2
4068,VPmey0genvM,https://www.youtube.com/watch?v=VPmey0genvM,"Here is an analysis of the provided video and music, incorporating the insights from the provided labels.

Rhythm and Synchronization: The music maintains a slow, consistent tempo throughout its duration.  However, the video itself includes several transitions, shifting from introductory screens to demonstrations of Google Sheets functionalities, then to web scraping examples and finally to an outro promoting the creator's YouTube channel.  These shifts in the video's content are not reflected in the music, which remains unchanged. This creates a sense of rhythmic disconnect between the audio and visual elements. The consistent and unchanging nature of the music doesn't complement the dynamic nature of the video.

Theme and Content: The music's theme does not align with the video's content. The video focuses on tutorial content explaining how to use certain functionalities of Google Sheets, while the music has a generic, almost ambient quality that doesn’t specifically relate to technology, productivity, or tutorials.  The music doesn't contribute to the video's educational message, nor does it detract from it; it simply exists as a separate auditory layer, resulting in thematic dissonance.

Emotion: The video aims to be informative and practical, conveying a sense of appreciation for the tools being demonstrated. The lack of strongly expressed emotions in the video pairs poorly with the calm, somewhat melancholic tone of the music. While the music itself evokes a single, consistent emotion, this emotion doesn't enhance or complement the intended message of the video.  There's a mismatch between the practical, neutral tone of the video and the music's more introspective mood.

Cultural Relevance: Neither the video nor the music exhibits strong cultural elements. The video focuses on a universally accessible software tool, Google Sheets, and its features. While the web scraping example involves a website with Chinese vocabulary, this is primarily presented as data for demonstration and doesn't imbue the video with a specific cultural significance. The music itself is generic and lacks distinct cultural markers.  Therefore, there is neither alignment nor misalignment in terms of cultural relevance – both elements are essentially culturally neutral.
",test,True,data/revision/videos/VPmey0genvM.mp4,58.86666666666667,,12057a6e50a7a74f3a9fd1bf4a4d22ee0037a2abb257bbf9c0923b9000281f66
18323,VV25QsQz7C8,https://www.youtube.com/watch?v=VV25QsQz7C8,"Rhythm and Synchronization: The video features a live performance, with the singer's movements and the overall energy of the stage and crowd generally aligning with the medium tempo of the music.  The video editing employs various cuts and transitions, showcasing different perspectives of the performance. While there are no distinctly synchronized moments between musical changes and video transitions, the overall rhythmic coherence is decent. The steady beat of the music provides a backdrop for the dynamic visual elements, creating a sense of flow despite the lack of precise synchronization at specific timestamps.

Theme and Content: The music and video present a thematic mismatch. The video appears to capture a live concert performance, potentially with some narrative elements introduced through stage props like a stylized tree and costumed performers. The music, however, offers no clear thematic connection to the video's narrative or message.  There doesn't seem to be any intentional interplay between the lyrical content of the song and the visual elements of the video.

Emotion:  The music has a driving, energetic feel, suggestive of excitement and possibly celebration, reflected in the singer's lively movements and the crowd's enthusiasm. The video's emotional tone, however, is more neutral. While the stage production features vibrant lighting and dynamic performers, the video itself doesn't convey a strong emotional message, appearing primarily as documentation of the performance. This disconnect creates a sense of emotional incoherence.  The music's energy feels somewhat misplaced in the video's more detached presentational style.

Cultural Relevance: The video exhibits minimal cultural elements other than what could be inferred from the performers and their costumes, especially in this type of event. The music also doesn't appear to draw on any specific cultural influences or traditions. Although the tags mention ""landmarks,"" there are none clearly visible in the video, making any assessment of geographical references or their alignment impossible. Thus, while a small cultural disconnect is present due to the nature of this kind of video, the cultural relevance between the music and video is essentially unrelated.
",train,True,data/revision/videos/VV25QsQz7C8.mp4,15.0,,76fa2063715ad2fdb253b53550ef66ca86731af80a2ac82f0dd3655b7d67bd7e
39153,VVygiMwJ4Xo,https://www.youtube.com/watch?v=VVygiMwJ4Xo,"Rhythm and Synchronization: The music maintains a consistent, medium tempo throughout, exhibiting a repetitive and somewhat predictable rhythmic structure. The video, focusing on a cup-stacking challenge, features more dynamic actions and shifts in pace.  However, there isn't any noticeable synchronization between the music's rhythm and the video's actions.  The music doesn't react to key moments in the challenge, such as when a cup tower falls or nears completion. There is a general lack of rhythmic coherence between the audio and visual elements.

Theme and Content: The upbeat, almost whimsical nature of the music contrasts sharply with the focused concentration and lighthearted competitiveness portrayed in the video. The music doesn't provide any thematic enhancement to the cup-stacking challenge, and feels detached from the content presented.  There's a clear thematic dissonance, with the music seemingly chosen without consideration for the video's specific activity or narrative.

Emotion: The video portrays a generally happy and energetic atmosphere, with the participants exhibiting playful competitiveness and appreciation for the challenge. The music, while also upbeat, evokes a different kind of happy emotion—one that is more lighthearted and almost carefree. This mismatch in emotional tone creates a disconnect between the audio and visual experience. The music doesn't amplify the emotions presented in the video, instead creating a separate emotional layer that doesn't integrate effectively.

Cultural Relevance: Neither the video nor the music prominently feature any specific cultural elements. The focus is on the cup-stacking challenge itself, a universally recognizable activity. The video takes place in what appears to be a domestic setting, without any overt cultural markers. The music is similarly generic, lacking any discernible cultural or geographical references.  Therefore, while there's no clash of cultures, there's also no meaningful cultural connection or interplay between the two.
",train,True,data/revision/videos/VVygiMwJ4Xo.mp4,58.0,,02c6fe392d3790af25624066288197ce3f74d996f538e9bb31e3178f8c98bdea
18985,Vjyrn3ANxRw,https://www.youtube.com/watch?v=Vjyrn3ANxRw,"Rhythm and Synchronization: The music's fast tempo contrasts sharply with the relatively static nature of the first part of the video.  While the person in the video is active, applying makeup, the camera remains largely focused on her face, creating a sense of visual stillness.  This mismatch in pace is particularly noticeable. At around the 3-second mark, there's a slight shift in the music—a sort of hiccup or skip—that coincides with a subtle movement change in the video, as the hand applying the makeup moves away.  This near-synchronization, however, is more of a fleeting coincidence than a deliberate rhythmic connection. Overall, the video and the music exist in separate rhythmic realms, each following its own independent tempo and flow. The lack of dynamic changes within the video itself further emphasizes this disconnect.

Theme and Content: The music's upbeat, playful tone is thematically unrelated to the video's content. The music seems to suggest a sense of lightheartedness and perhaps even mischief, while the video focuses on the application of makeup, conveying no particular narrative or message. There is no discernible link between the lyrics and the visual elements; the music doesn't enhance or comment on the video's subject matter in any way. This creates a sense of thematic dissonance. The actions in the video are self-contained, not reacting to or inspired by the accompanying music.

Emotion: The music conveys a bright, almost whimsical emotion, contrasting significantly with the neutral emotional tone of the video.  The video focuses solely on the act of makeup application; the subject displays little to no overt emotion.  This lack of emotional expression creates a significant disconnect between the energetic music and the video's relatively flat affect. The music, despite its vivacity, doesn't elevate or influence the video's emotional impact, as the video remains firmly grounded in a neutral emotional space.

Cultural Relevance: There are no readily apparent shared cultural elements between the video and the music.  The video shows a person applying makeup, a universal practice across many cultures, offering no specific cultural cues or references.  Similarly, the music, while possibly belonging to a particular genre or style, doesn't contain any immediately identifiable cultural markers. Neither the video nor the music features strong geographical references or uses cultural elements in any significant way. This lack of cultural specificity in both mediums contributes to the overall sense of disconnection between them.
",train,True,data/revision/videos/Vjyrn3ANxRw.mp4,13.0,,ba0cb3535a7f472cfadf7f8c0f419cf69f2e1e8aa0d115b36c4bd8e59d5b30f2
12081,Vs_xoLSQerU,https://www.youtube.com/watch?v=Vs_xoLSQerU,"Rhythm and Synchronization: The music maintains a slow and steady tempo throughout the video. This complements the presenter's measured delivery and the overall pacing of the video, which focuses on showcasing the product and its features rather than creating a fast-paced, dynamic sequence.  There's a scene change at the 3-second mark, yet the music continues seamlessly without any noticeable change in tempo or rhythm. This consistency enhances the video's smooth flow and allows the viewer to focus on the product information being presented. 

Theme and Content: The music doesn't appear to share any thematic connections with the video's content. The video focuses on a practical product designed to comfort pets, while the music evokes a different atmosphere unrelated to pet care or comfort. This disconnect means that the music doesn't particularly enhance or detract from the core message of the video, remaining simply a background element.

Emotion: The presenter in the video exudes confidence and appreciation for the product she's showcasing. However, the music's emotional tone doesn't reflect these sentiments. It projects a different feeling that doesn't directly clash with the video's message but fails to amplify or support it emotionally. The video largely maintains a single emotional tone of informative enthusiasm, while the music sits separately, creating an emotional disconnect.

Cultural Relevance: Neither the video nor the music feature any discernible cultural elements. The video's focus is universal – providing comfort to pets – and avoids any specific geographical or cultural references. Similarly, the music is culturally neutral, lacking any elements that might suggest a particular cultural origin or affiliation. This neutrality makes the video accessible to a broad audience without creating any cultural dissonance between the music and visuals.
",train,True,data/revision/videos/Vs_xoLSQerU.mp4,41.43333333333333,,1c26387c5c0d36fa57d06473bda7301bd084bd18436aa2a2e3b6e7f1c12452ea
32518,WLUKaoAhN8Y,https://www.youtube.com/watch?v=WLUKaoAhN8Y,"Rhythm and Synchronization: The music and video maintain a generally aligned rhythm and pace throughout. The music has a medium tempo, complementing the video's moderate pace of cuts and transitions. While not every transition is perfectly synchronized with a musical change, there are moments of notable synchronization.  For example, at the 8-second mark, the transition to a different shot coincides with a shift in the music, creating a sense of rhythmic coherence. The synchronization here reinforces the change in focus from the band's performance to the singer's spoken message, underscoring the importance of her announcement.  Overall, the rhythmic relationship between the audio and visual elements is predominantly smooth and consistent, supporting the overall flow of the video.

Theme and Content: The music and video share an indirect thematic connection. The video primarily focuses on a band’s rehearsal and preparation for a tour. The music, while not directly related to the specific content of the speech or the visuals of band members setting up, serves to create a generally upbeat and optimistic backdrop. This lighthearted ambiance could be interpreted as reflecting the band’s excitement for their upcoming tour, even though the music itself does not explicitly express this sentiment. As such, the thematic link is more suggestive than literal.

Emotion: The music's upbeat style partially matches the video's predominantly cheerful and energetic tone. The video showcases moments of excitement, relaxation, and neutral observation, with the singer’s enthusiastic announcement of the tour being a clear example of the positive energy. The music's relatively constant upbeat feel doesn't fully capture the subtle emotional shifts in the video but creates a consistent background atmosphere that aligns with the overall message of anticipation and enthusiasm. While the music doesn’t necessarily elevate the emotional impact of each specific moment, it does support the general mood of the video.

Cultural Relevance: There are no prominent cultural elements present in either the music or the video. The video features a band in a rehearsal space, and the music itself is stylistically generic, without any particular cultural signifiers. The LA Dodgers baseball cap worn by the singer could be seen as a subtle cultural reference, possibly indicating a connection to Los Angeles, but it doesn't play a significant role in shaping the overall cultural context of the video and its relationship to the music. Thus, any cultural relevance is minimal and does not contribute significantly to the overall interpretation.
",train,True,data/revision/videos/WLUKaoAhN8Y.mp4,42.733333333333334,,490fad888685fc79927e46f563310e2ef9e80f50850f791ef4a05cfece787578
25045,WTw3nuUmL9s,https://www.youtube.com/watch?v=WTw3nuUmL9s,"Rhythm and Synchronization: The music's fast tempo contrasts sharply with the relatively static nature of the video.  The video primarily consists of still images of a drawing, with text overlays changing at intervals.  While there are transitions between these images, occurring around the 1-second, 4-second, and 5-second marks, the music doesn't acknowledge these shifts. The music maintains a consistent, driving beat throughout, creating a sense of disconnect between the visual and auditory elements.  This lack of rhythmic interplay reinforces the impression that the music and video exist independently of each other, rather than working together to create a unified experience.

Theme and Content: The video showcases a progression of drawings, highlighting the artist's skill and anticipating future works. The accompanying music, however, seems entirely unrelated to this theme. Its energetic and intense style doesn't complement the contemplative nature of the artwork being presented. There's no clear thematic connection between the two, resulting in a jarring juxtaposition of artistic expression and musical backdrop.

Emotion: The video itself evokes a sense of quiet contemplation. The close-up black and white portrait encourages viewers to focus on the details of the drawing and appreciate the artist's technique. However, the music's intense, driving rhythm generates a very different emotional response. This energetic and somewhat aggressive feel clashes with the more subdued and reflective tone of the visual content.  The music doesn't enhance or complement the emotions conveyed by the video; rather, it introduces a conflicting emotional layer that disrupts the overall viewing experience.

Cultural Relevance: Neither the video nor the music seems to have any specific cultural elements or geographical references. The focus is solely on the artwork presented in the video and the energetic quality of the music, without any discernible cultural context or connection between the two. This lack of shared cultural elements further reinforces the sense of disconnect between the visual and auditory components.
",train,True,data/revision/videos/WTw3nuUmL9s.mp4,7.974633333333333,,45d22a6363d7de9311d1349e4f9f460d2a9a2a24fbd1efd40b328fb5f1b625d3
18995,WWlkg94_1As,https://www.youtube.com/watch?v=WWlkg94_1As,"Here's a nuanced interpretation of the video and music, informed by the provided labels but expressed without explicitly mentioning them.

Rhythm and Synchronization: The video maintains a consistent, mid-tempo pace throughout, featuring a man playing a guitar.e.  This stable visual presentation creates a smooth backdrop for the guitar music, allowing it to stand on its own rhythmically.  The music itself is fairly even in its pacing, matching the steady visual flow.  While there are no sharp transitions in the video to synchronize with, the overall rhythm between visual and auditory elements feels coherent.

Theme and Content: The video content, focused on a musician performing a fingerstyle guitar arrangement, appears separate from the narrative he conveys in his speech. He shares an anecdote about being asked to play ""Blackbird"" without vocals, and demonstrating his resulting technique. The musical piece performed, however, doesn't appear to be ""Blackbird"" but an original fingerstyle guitar composition. This suggests the music serves a demonstrative purpose, related to the story but not directly telling the same story. Hence, the content doesn’t actively enhance the story's narrative, instead existing as a separate illustrative piece.

Emotion: The video conveys a sense of relaxed confidence. The guitarist appears happy, cheerful, and energetic in his performance, smiling at moments while focusing on his technique.  However, the emotion conveyed by the music, a complex fingerstyle guitar piece, is more difficult to pin down and feels more introspective than explicitly joyful.  While there's no clash between the positive energy of the video and the music's neutral tone, they don't directly complement each other emotionally. The music's style seems to establish a separate emotional space, not necessarily aimed at amplifying the video's overt cheerfulness.

Cultural Relevance: Neither the video nor the music exhibits overt cultural markers or geographical references. The focus is primarily on the individual performance, with a neutral background and guitar music that doesn't rely on any discernible cultural style. This creates a rather universal presentation, not tied to any specific cultural context.
",train,True,data/revision/videos/WWlkg94_1As.mp4,59.893166666666666,,370be8af805b63caccbefeed38a0fe9cd023d28899263c2ee5aa82778ed67535
13415,WuQk3AF5oCU,https://www.youtube.com/watch?v=WuQk3AF5oCU,"Rhythm and Synchronization: The music maintains a consistent, medium tempo throughout, while the video presents a sequence of relatively short clips showcasing different video game titles and consoles.  Since there isn't a singular, continuous narrative in the video, there's no opportunity for the music to synchronize with specific actions or transitions within the gameplay. The video edits occur at varying intervals, and there's no discernible effort to align these cuts with the music's rhythm.  Overall, there's a lack of rhythmic connection between the video and the music.

Theme and Content: The video's content centers on retro gaming, showcasing a diverse collection of older game titles and consoles, while emphasizing the vastness of the collection.  The music, a modern pop song about personal connection, doesn't thematically align with the video's retro gaming focus. There's a noticeable thematic dissonance, as the music's message of love and longing doesn't connect with the video's celebration of gaming history and variety.

Emotion: The video evokes a sense of nostalgia for classic video games, highlighting the excitement and simple fun associated with these titles. It also projects a sense of appreciation for the extensive collection and the creator's passion for gaming. The music, with its upbeat and contemporary sound, conveys a different emotional tone – one of optimistic longing and romantic yearning. While both the music and video possess a certain level of energetic positivity, the specific emotions they convey don't fully align, resulting in a partial emotional coherence.  The upbeat music doesn't necessarily detract from the video's nostalgic sentiment, but it doesn't enhance it either.

Cultural Relevance: The video focuses on the culture of gaming, specifically retro gaming.  It features various classic game titles and consoles that are recognizable to those familiar with gaming history. The music, however, doesn't exhibit any specific cultural elements related to gaming or retro culture. It's a contemporary pop song that lacks any geographical or cultural references tied to the video's content. Consequently, there's a disconnect in cultural relevance between the music and the video.
",train,True,data/revision/videos/WuQk3AF5oCU.mp4,19.9,,94ba045b0e1da2c9cca9248a8cd65bc5d659df6868d11290cd68cbd2f2b3e3cb
11564,X-zhffHbtKI,https://www.youtube.com/watch?v=X-zhffHbtKI,"Rhythm and Synchronization: The music features a consistently fast tempo and a driving, rhythmic beat. However, the video consists of a single, static shot of an airplane wing against a sunset backdrop, with text overlayed.  Given the lack of visual changes or movement in the video, there's no opportunity for rhythmic synchronization with the music. The static nature of the video contrasts sharply with the dynamic feel of the music, resulting in a sense of rhythmic disconnect.  There are no discernible moments of synchronization between the music and visual elements.

Theme and Content: The video presents a ""love fact"" about unexpected connections leading to deep bonds. The visuals of the sunset and airplane wing evoke a sense of journey and possibility. The music, on the other hand, has a driving, somewhat intense energy that doesn't directly relate to the theme of love or connection.  While the music could be interpreted as symbolizing the excitement of new experiences, it doesn't specifically enhance the message of the video and feels somewhat thematically detached.

Emotion: The video itself doesn't evoke a strong emotional response. The visuals are aesthetically pleasing and might subtly suggest a sense of wonder or tranquility, but they primarily serve as a backdrop for the text. The music, with its fast tempo and driving rhythm, evokes a sense of energy and perhaps even urgency. This emotion doesn't align with the rather neutral emotional tone of the video.  The music doesn't necessarily detract from the video's message, but it doesn't amplify any specific emotion related to the love fact either.

Cultural Relevance:  Neither the video nor the music seem to contain any specific cultural references. The imagery of the sunset and airplane is universally understood and doesn't tie into any particular cultural context. The music is similarly generic in its style and doesn't evoke any specific cultural associations. Therefore, while there's no clash of cultures, there's also no meaningful cultural interplay between the two. They exist in separate, culturally neutral spaces.
",train,True,data/revision/videos/X-zhffHbtKI.mp4,6.066666666666666,,546ebaaecf57bacb1480f976457d4ead8692151944808db1cf35c705c50a466d
25119,X4c0D3h3IGU,https://www.youtube.com/watch?v=X4c0D3h3IGU,"Rhythm and Synchronization: The music maintains a consistent medium tempo throughout, which complements the steady pace of the video. The video itself doesn't feature dynamic transitions or cuts, focusing instead on the performance.  Since there are minimal changes in the video's visuals, the music seamlessly integrates into the background, creating a cohesive atmosphere.  The singer's movements and the band's playing are in sync with the music's beat, contributing to the overall sense of rhythmic coherence.

Theme and Content: The video showcases a live performance of a song about complex emotions within a relationship. The lyrics touch upon themes of physical intimacy, longing, and a sense of vulnerability. While the video doesn't explicitly depict a narrative, the focus on the singer's emotive delivery and the energetic atmosphere of the concert amplifies the song's message.  The visual and auditory components work together to create a complete experience of the song, albeit one where the video primarily serves as a platform for the music's message.

Emotion: The music projects a blend of energy and raw emotion.  It has a driving, upbeat quality tempered by the introspective lyrics. The video, with its purple-hued lighting and shots of the engaged audience, captures the electric atmosphere of a live concert. The singer’s performance seems confident and impassioned, reinforcing the emotions embedded in the lyrics. Overall, both video and music convey a sense of excitement and passion that feels genuine and captivating.

Cultural Relevance: The video and music don't seem to rely on any specific cultural elements. The focus is primarily on the universal themes of relationships and desire, expressed through the music and the performance itself. The setting appears to be a standard concert venue, lacking any distinctive cultural markers. The lack of any prominent cultural references allows the focus to remain squarely on the emotional core of the performance.
",train,True,data/revision/videos/X4c0D3h3IGU.mp4,32.9,,3843b888cf7d24fdb25088c90383afd0e15c82ce52fe28ce2e9ab7f6981f1f5d
7972,X7b6CvammSI,https://www.youtube.com/watch?v=X7b6CvammSI,"Rhythm and Synchronization: The music maintains a slow, consistent tempo throughout the video. However, there’s a notable disconnect between the visual transitions and the music. For example, at 2 seconds, the video shifts from the WhatsApp app page to a chat screen displaying deleted messages, but the music doesn't change.  Similarly, the video cuts to a list of deleted messages at 5 seconds, and to the phone's settings menu at 9 seconds, yet the music remains unvaried. These moments of transition without corresponding musical shifts contribute to an overall sense of rhythmic incoherence, with the music seemingly indifferent to the video's changing visuals.

Theme and Content: The video offers a tutorial on how to retrieve deleted WhatsApp messages. It provides a step-by-step guide, utilizing screen recordings to illustrate the process. The accompanying music, however, carries no discernible theme and doesn't contribute to the tutorial's narrative. In fact, the music could easily be replaced without affecting the instructional value of the video. This mismatch suggests a lack of thematic connection between the two elements.

Emotion: The video aims to be informative and helpful, lacking a distinct emotional tone. The music, with its slow tempo, could be perceived as calm or even slightly melancholic. However, this doesn't actively enhance or clash with the video's predominantly neutral emotional presentation.  While the music doesn't detract from the video's purpose, it also doesn't elevate its emotional impact.

Cultural Relevance: The video focuses on a widely used messaging app and a standard phone settings menu.  It doesn't feature any specific cultural references. Similarly, the music itself doesn't appear to draw upon any particular cultural elements. Therefore, while neither the video nor the music embodies a strong cultural identity, they align in their absence of culturally specific elements.
",train,True,data/revision/videos/X7b6CvammSI.mp4,31.266666666666666,,e299e84ad6dcc7dc66c604795f347b2a0fc45d85093fa7c81294a27848c409f0
15329,XLm2llNlGlg,https://www.youtube.com/watch?v=XLm2llNlGlg,"Rhythm and Synchronization: The video features a series of short clips, suggesting a dynamic pace. However, the lack of distinct transitions between these clips and the relatively consistent rhythm of the music create a sense of detachment. The music, a ballad with a medium tempo, maintains a steady, almost unchanging beat.  Because there aren't marked shifts in either the music or the video editing, there's a general lack of rhythmic interaction. The music doesn't underscore the visual cuts, nor does the video editing respond to the musical flow. 

Theme and Content: The video appears to be showcasing a drama or romance, featuring office interactions and possibly a disagreement between two characters. However, the Hindi music seems to have no thematic connection to the apparent story in the video. The song's lyrics likely revolve around themes of love and longing, which are not clearly reflected in the visual narrative presented. The music does not enhance the storytelling, and instead feels superimposed onto the video clips.

Emotion: The video itself does not express a strong overarching emotion. The characters appear to be in a professional setting, with perhaps a hint of tension or mild upset. However, the music conveys a very different emotionality. It seems to be a romantic ballad, possibly expressing feelings of yearning or heartbreak. This romantic tone clashes with the rather neutral emotional register of the video, creating an emotional dissonance. The music's emotional weight does not amplify the video's impact; instead, it introduces an entirely separate emotional layer that feels misplaced.

Cultural Relevance: The Hindi music suggests a South Asian cultural context.  The video, however, appears to be of East Asian origin, possibly Korean or Chinese, judging by the characters' appearance and the on-screen text. These distinct cultural backgrounds don't appear to interact or complement each other in any meaningful way. The combination feels arbitrary, as if the music has been randomly paired with the video. There's no discernible attempt to bridge the cultural gap or create a meaningful cross-cultural dialogue. The elements do not align, contributing to the overall sense of disconnect between the audio and visual elements.
",test,True,data/revision/videos/XLm2llNlGlg.mp4,21.766666666666666,,8142e4f18e6228a8208d0bde7704b4bfcd70d5ee12a57d707cfdfe0174f7d381
18859,Y2wVEybbwV8,https://www.youtube.com/watch?v=Y2wVEybbwV8,"Rhythm and Synchronization: The music maintains a consistent, medium tempo throughout. The video, a comedic skit about the clash between wanting to enjoy Halloween and the ever-present pressure of the impending Christmas season, has a more varied pace, shifting between shorter, quicker reactions and longer, more drawn-out expressions.  Since there are no specified timestamps indicating synchronized moments, it's evident the video's cuts and transitions don't align with the musical phrasing or changes in the song. This lack of synchronization contributes to the sense that the music and video exist in separate realms, each telling its own story without acknowledging the other.

Theme and Content: The content of the video centers around a humorous juxtaposition of Halloween and Christmas, embodying the struggle some feel when one holiday seems to overshadow another. The music, however, appears to be a standard pop song with romantic undertones, bearing no thematic connection to the holiday season or the video's central theme. This thematic disconnect makes the music feel like background noise rather than an integral part of the video's narrative.

Emotion: The video evokes a lighthearted and cheerful mood through exaggerated expressions and witty dialogue. There's a sense of appreciation for both holidays, despite the comedic conflict presented. The music, with its pop sensibilities, conveys a generally positive feeling, but it lacks the specific nuances of cheerfulness and appreciation present in the video.  This difference in emotional tone further contributes to the feeling of detachment between the audio and visual elements.

Cultural Relevance: Neither the music nor the video appears to have any strong cultural ties or specific geographical references. The video's focus is on the familiar, albeit somewhat commercialized, aspects of Halloween and Christmas, while the music remains culturally neutral. This lack of shared cultural elements further emphasizes the unrelated nature of the two components.
",train,True,data/revision/videos/Y2wVEybbwV8.mp4,15.066666666666666,,a0a5b931bd447c22d3c0e7703ddb2908e1ff1d817e88d8ac5213cfd3b4570610
39881,YAJUxEI_B6M,https://www.youtube.com/watch?v=YAJUxEI_B6M,"Here's an analysis of the video and music, incorporating the provided labels:

**Rhythm and Synchronization:** The music maintains a steady, mid-tempo beat throughout, characterized by a repeating guitar riff and consistent drum pattern.  The video, which depicts a man fishing and relaxing by the ocean, unfolds at a leisurely pace, primarily showing static shots of the scenery and the individual's activities.  Since the video has minimal scene changes or dynamic movements, there isn't a strong reliance on synchronized cuts or transitions to match the music. Instead, the moderate tempo of the music forms a suitable backdrop for the overall relaxed atmosphere presented in the video.


**Theme and Content:** The video content, focused on fishing and a tranquil seaside setting, doesn't have a strong narrative or specific message. The music, an indie/alternative rock track, doesn't directly relate to fishing or outdoor activities.  The lyrics, which touch on themes of reflection and self-reliance, don't explicitly connect with the visual narrative of the video.  This creates a sense of thematic independence between the two, where the video and music exist in separate spheres without a direct interplay.


**Emotion:** The video portrays a serene and peaceful atmosphere. The man's actions, including fishing, relaxing in a hammock, and looking at his phone, suggest a state of calmness and solitude. The music, while not emotionally jarring, has a slightly melancholic and introspective tone, conveyed through the vocal delivery and lyrical content. This subtle difference in emotional tone doesn't necessarily clash, but it doesn't create a unified emotional experience either.  The video's peaceful mood contrasts somewhat with the music's more reflective tone.


**Cultural Relevance:** The video showcases a natural setting—a coastal area with trees and rocky shores—but doesn't highlight any specific cultural elements or geographical references. The music, with its English lyrics and indie rock sound, doesn't inherently evoke a particular cultural context.  Therefore, there are no shared or contrasting cultural elements to analyze. The visual and auditory components remain culturally distinct, not engaging in a dialogue or clash of cultures.
",train,True,data/revision/videos/YAJUxEI_B6M.mp4,60.0,,5089b7a0bce1474031d63f174a20f49c77854b4a80a4df5708c8f61d7d548fd1
42545,YpEalauniBk,https://www.youtube.com/watch?v=YpEalauniBk,"Rhythm and Synchronization: The video maintains a steady, medium pace throughout, showcasing a series of images related to Peking Opera. The music, with its traditional Chinese instrumentation and moderately paced rhythm, complements this visual flow. While there aren't sharp, rhythmic cuts in the video, the transitions between scenes are smooth and do not clash with the musical progression. This creates a cohesive experience, with the music acting as a consistent backdrop for the visual narrative.

Theme and Content: Both the video and the music are explicitly focused on the celebration and appreciation of Peking Opera. The visuals depict various aspects of this art form, including costumes, makeup, stage settings, and performers, young and old. The music, with its distinct Chinese opera style, reinforces the visual theme and deepens the viewer’s understanding of the cultural significance of Peking Opera. This tight alignment between visual and auditory content creates a strong thematic cohesion.

Emotion: The video evokes a sense of appreciation and reverence for the artistry and tradition of Peking Opera. This emotion is amplified by the music, which, with its traditional melodies and instrumentation, creates an atmosphere of cultural richness and historical depth.  The music contributes to the feeling of respect and admiration for the art form being portrayed.  There's a subtle joyfulness conveyed through the imagery of the young girl in costume, which, while not perfectly mirrored in the music's tone, is not discordant either.

Cultural Relevance: The video and the music share deep roots in Chinese culture, specifically highlighting the prominent cultural significance of Peking Opera. The visuals prominently display elements like traditional costumes and makeup, conveying the rich history and artistic detail inherent in this performance art. The music, being in a traditional Chinese opera style,  is integral to understanding the cultural context of the video. This creates a potent combination where both elements reinforce each other's cultural relevance. The clothing and visual representations of the opera form, accompanied by its traditional music, provide a strong sense of cultural immersion for the viewer.
",train,True,data/revision/videos/YpEalauniBk.mp4,24.733333333333334,,464905ae62d662c1b8f0f093cc88a3d84a8390fab4ad82d8703c15c1ace518a4
15534,Z06KWXQD4JA,https://www.youtube.com/watch?v=Z06KWXQD4JA,"Rhythm and Synchronization: The music's medium tempo generally aligns well with the pace of the dance tutorial video.  The consistent, driving beat of the music provides a solid rhythmic framework for the demonstrated hip-hop moves. The synchronization, however, is not perfect throughout. Certain transitions in the video coincide precisely with musical shifts, notably at 0:02 and 0:20, where new dance moves are introduced alongside a change in the music’s layering. However, there are several transitions where this precise synchronization is absent. The dance segments flow smoothly from one to the next, even if the musical cues aren’t perfectly aligned, which maintains a sense of rhythmic coherence overall.

Theme and Content:  The music's theme doesn't explicitly relate to the video's content of a hip-hop dance tutorial. The music appears to be a generic hip-hop track without lyrics related to specific dance moves or learning a new skill. While the music sets an appropriate energy level for the demonstration, it doesn't enhance the educational aspect of the tutorial or tell a particular story connected to the dance.  There's no thematic clash, but the music doesn't add a deeper meaning or narrative to the video’s content.

Emotion: The music and the video share a common emotion of energetic engagement, although the video also conveys a sense of relaxation, especially due to the casual nature of the dancers’ expressions and the outdoor setting.  The music’s upbeat and dynamic style creates a sense of excitement and encourages movement, reflecting the energy of the dancers. The overall emotional feel of the video is laid-back and easygoing, aligning with the “basic” nature of the tutorial. While both the music and video lean towards positive emotions, there’s a slight dissonance between the high-energy music and the slightly more relaxed visuals, but not jarringly so. The music likely adds to the viewer’s energetic engagement with the video, encouraging them to try the moves along.

Cultural Relevance: Neither the music nor the video seem to make strong references to specific cultural elements. The video features a hip-hop dance style, but it's presented as a generic tutorial without a strong connection to a specific geographical location or subculture.  Similarly, the music doesn't have distinct cultural markers that could tie it to a specific region or community. The focus remains on the dance moves themselves and the general atmosphere of hip-hop, rather than any deeper cultural exploration.
",val,True,data/revision/videos/Z06KWXQD4JA.mp4,21.333333333333332,,8752608cd1067cefb746e107378d35b00f1b36d5c053496c494c96098cc515e0
27638,Z17uXzdDBc4,https://www.youtube.com/watch?v=Z17uXzdDBc4,"Rhythm and Synchronization: The music's fast tempo perfectly matches the energetic pace of the dance routine.  The dancers' movements are sharply synchronized with the rhythmic beats and accents of the music. There is a consistent rhythmic coherence throughout, creating a unified and dynamic performance. Although there are minimal video transitions in this particular clip, the choreography itself adheres closely to the music's phrasing.  The dancers hit specific poses and execute movements in time with the musical accents, making the performance feel tightly knit and rhythmically precise.

Theme and Content: While the music's hip-hop theme doesn't directly narrate the specific content of the dance, it complements the style and energy of the choreography. The music provides a vibrant backdrop that allows the dancers to showcase their skills and express a sense of confidence and swagger. The video presents a self-contained narrative of a dance performance, existing independently of the music's implied story. However, both share a sense of urban cool, bridging any potential thematic gaps.

Emotion: Both the music and video exude a feeling of confidence and relaxation. The dancers' precise and controlled movements convey a sense of mastery and ease, mirroring the laid-back yet assured vibe of the music. The consistent emotional tone throughout the video is well-matched by the music's steady rhythm and uplifting melody, creating a cohesive and engaging experience. The music enhances the emotional impact of the video by amplifying the dancers' confident expressions and relaxed demeanor, adding an extra layer of coolness to the performance.

Cultural Relevance: The video and music don't appear to share specific, overt cultural elements. The dancers' attire, while potentially drawing inspiration from certain subcultures, doesn't explicitly reference a particular geographical location or cultural tradition.  The focus remains on the dance performance itself and the universal language of hip-hop-influenced movement and music, rather than making any strong cultural statements.  The video emphasizes the shared global appeal of hip-hop culture.
",test,True,data/revision/videos/Z17uXzdDBc4.mp4,16.0,,67df5bc910641e33999d6f37cf58a739a8a765b65f474fef2df40c5ff0ad41a1
11118,Z4C_KUQc9iY,https://www.youtube.com/watch?v=Z4C_KUQc9iY,"Rhythm and Synchronization: The music maintains a consistent, medium tempo throughout, characterized by a steady beat and repetitive lyrical phrasing. The video, however, features a series of distinct exercise demonstrations, each with its own internal rhythm and pace. While the individual exercises have a natural rhythm to their movements, there isn't any deliberate synchronization between these movements and the musical beat.  Since there's minimal visual editing or transitions beyond the shifts between exercises, the consistent flow of the music doesn't align with the segmented nature of the video's visual content, creating a sense of rhythmic detachment.

Theme and Content:  The video focuses on demonstrating glute exercises, offering practical fitness instruction.  The music, a hip-hop track, centers around themes of personal ambition and competition, seemingly unrelated to fitness or exercise.  The lyrical content doesn't complement or enhance the video's instructional purpose; instead, it creates a thematic disconnect. The video is purely informational, while the music introduces a narrative that feels out of place in the context of the workout demonstration.

Emotion:  The video maintains a neutral and instructional tone, devoid of any strong emotional cues. The presenter focuses on executing the exercises correctly, without expressing any overt emotion. The music, on the other hand, carries a confident and assertive vibe, typical of the hip-hop genre.  This emotional dissonance further separates the audio and visual components. The music's energy doesn't amplify any emotional aspect of the fitness demonstration, nor does it contribute to the instructional atmosphere.

Cultural Relevance: The video presents a straightforward fitness routine, applicable across cultures and devoid of specific cultural markers. The music, while representing a particular genre (hip-hop), doesn't contain any overt cultural references that would directly connect to the workout demonstration.  While hip-hop has a rich cultural history, its use here seems purely incidental and doesn't enhance or relate to the cultural context of the video. Both the video and the music exist independently in terms of cultural relevance, without any meaningful intersection.
",val,True,data/revision/videos/Z4C_KUQc9iY.mp4,8.6,,45ea2745a2a1a8630d278d48bf16eaec936b6090b33f8f0785b5339a695f9e92
18972,ZAsbBQpa75M,https://www.youtube.com/watch?v=ZAsbBQpa75M,"Rhythm and Synchronization: The music and video maintain a medium pace throughout. The video transitions smoothly between different scenes, reflecting the flowing, steady rhythm of the music. There's a notable synchronization point around the 5-second mark where the transition to a shot of a bridge at sunset coincides perfectly with a shift in the music. This precise alignment enhances the viewing experience, creating a sense of visual and auditory harmony. While other transitions don't exhibit such precise synchronization, the consistent pacing and smooth flow of both elements maintain a feeling of overall rhythmic coherence.

Theme and Content: The video and music seem thematically unrelated. The music conveys a romantic longing, focusing on physical intimacy and emotional vulnerability. The video presents a series of urban and natural landscapes, transitioning between cityscapes, bridges, beaches, and city streets. This visual journey lacks a specific narrative that directly connects to the romantic theme of the music. The juxtaposition feels random, with no clear thematic link between the audio and visuals.

Emotion: The music evokes a sense of romantic longing and desire, with lyrics focused on the physical and emotional connection between two people. The video, while visually engaging, maintains a neutral emotional tone. The scenes of cityscapes and natural landscapes don't convey any particular emotion, which creates a disconnect with the passionate nature of the music. Consequently, the music doesn't amplify the video's emotional impact, as the video doesn't express a strong emotion to begin with. Instead, the music's romanticism contrasts with the video's neutrality.

Cultural Relevance: Neither the music nor the video showcases any prominent cultural elements. The visuals offer glimpses of different locations, from urban settings reminiscent of large American cities to coastal scenes and Ferris wheels, which could belong to numerous global contexts. The music itself doesn't contain any specific cultural references either, further solidifying the lack of cultural connection between the two elements. This lack of shared cultural grounding adds to the sense of disconnect between the audio and visual experiences.
",test,True,data/revision/videos/ZAsbBQpa75M.mp4,28.3,,8cc1fe03cb0750c3db8195ffa16fbddb53aea23eb83c99bc6192682d6ee6f5fe
38499,ZIrdvAII7-E,https://www.youtube.com/watch?v=ZIrdvAII7-E,"Rhythm and Synchronization: The music maintains a consistent, moderately fast tempo throughout, while the video depicts a series of distinct actions in the preparation of a sweet dish. The video transitions between different stages of the recipe, such as adding ingredients, stirring, sifting, and shaping the final product.  While the music continues uninterrupted, the video progresses through these steps at its own pace.  The lack of synchronized musical changes at video transitions, particularly noticeable at the very end around 0:57, reinforces the sense of rhythmic independence between the audio and visual components. The overall effect is that the music acts as a background track rather than being directly tied to the video’s visual rhythm.

Theme and Content: The video demonstrates the preparation of a sweet dish, seemingly a traditional recipe, given the ingredients and techniques used. The music, on the other hand, is a modern pop song. The lyrical content of the song appears unrelated to the culinary process shown in the video. There’s no evident connection between the song's themes and the act of cooking or the specific dish being prepared.  The music doesn’t enhance the video’s message or narrative about the recipe; instead, it provides a sonic backdrop that doesn’t interact with the video’s core purpose.

Emotion: The video evokes a sense of appreciation for the culinary art and a certain level of creativity involved in making this dessert. The step-by-step process, showcasing the careful handling of ingredients and the transformation of raw materials into a finished product, fosters a positive and appreciative viewing experience.  In contrast, the music carries a more generalized, upbeat pop feel. While not necessarily clashing with the video’s tone, it doesn’t specifically amplify or deepen the emotions related to the culinary process. The music and video exist on separate emotional planes.

Cultural Relevance: The video showcases the preparation of a specific dish, hinting at a particular culinary tradition.  The setting, ingredients, and the way the dish is made may suggest a regional or cultural origin. However, the music, being a generic pop song, doesn’t offer any identifiable cultural markers. There are no distinct musical elements or lyrical references that link it to any specific cultural context. Therefore, there's no discernible cultural connection between the music and the video. They don’t share any common cultural elements or geographical references.  The video’s likely cultural context remains unexplored by the musical choice.
",train,True,data/revision/videos/ZIrdvAII7-E.mp4,58.9,,9aab0e0d92e945064dc11e88b05f6770e4e2439f36666a72288033b2c5b5f40d
2248,ZSFMhf72dP8,https://www.youtube.com/watch?v=ZSFMhf72dP8,"Rhythm and Synchronization: The music's fast tempo perfectly matches the energetic pace of the dance.  The synchronization is generally precise, with the dancers' movements aligning closely with the rhythmic beats of the music.  There's a noticeable shift in the music around the 0:03 mark, coinciding with a change in the dancers' choreography, specifically when they raise their arms.  While not a perfectly sharp transition in the music, it's close enough to enhance the visual impact of the dancers' movements, creating a sense of rhythmic coherence between the audio and visual elements.  

Theme and Content: The upbeat and vibrant nature of the music complements the joyful and energetic content of the video, which features two women dancing. However, the music doesn't appear to tell a specific story or add a deeper narrative layer to the video. The video is primarily a visual expression of joy and energy, and the music serves to amplify that feeling rather than introduce a separate thematic element.

Emotion: Both the music and the video evoke feelings of happiness, energy, cheerfulness, relaxation, and confidence. The dancers' smiles and fluid movements radiate joy, mirroring the uplifting and vibrant tone of the music.  This creates a strong sense of emotional coherence between the two. The music elevates the video's emotional impact by providing a sonic backdrop that perfectly captures and enhances the dancers' positive energy.

Cultural Relevance:  Neither the music nor the video seems to incorporate any specific cultural elements. The focus is on the universal emotions of joy and energetic expression, rather than representing a particular culture or geographical location. The dancers' attire, while possibly traditional in some contexts, doesn't convey any strong cultural cues within the short duration of the video, and the music itself is generic and broadly appealing.
",test,True,data/revision/videos/ZSFMhf72dP8.mp4,4.933333333333334,,04f74b5927be272e8b4e05c184028fb0709d8e1a3a71ce791c3f6548e81f787f
10233,ZWKmGX5E-DI,https://www.youtube.com/watch?v=ZWKmGX5E-DI,"Rhythm and Synchronization: The music's tempo and the video's pace vary throughout, creating a dynamic experience. The music, a Bollywood-style song, generally maintains a moderately fast tempo, fitting the energetic nature of the dance performance. While there aren't specific moments of precise synchronization between the music and the visual transitions due to a lack of sharp cuts or defined choreography changes, the overall rhythm aligns well. The dancer's movements, though not rigidly synchronized with the music's beats, flow with the overall feel and energy of the song, contributing to a sense of rhythmic coherence.


Theme and Content: The video showcases a dance performance at what appears to be a casual outdoor event. The music, a popular Bollywood track, doesn't directly relate to the specific event being held.  The song's lyrics and narrative, likely about romance, don't add to or enhance the event itself, which seems more like a talent show or celebration. There's a thematic dissonance, as the song's romantic themes don't appear to connect with the overall context of the video.


Emotion: The video evokes feelings of excitement and relaxation, a blend fitting a casual outdoor performance.  The music, with its lively tempo and upbeat melody, projects joy and energy.  While both the video and music share a positive, energetic vibe, the specific emotions aren't fully consistent. The video's relaxed, observational nature contrasts somewhat with the passionate romance usually associated with Bollywood music.  Though the music adds energy to the performance, it doesn't necessarily deepen the emotional impact of the video in a thematically resonant way.


Cultural Relevance: The video, filmed in an outdoor setting with a banner in the background, offers little distinct cultural context. The music is clearly Indian Bollywood music, but its specific cultural elements, if any, don't find a direct reflection in the video itself. There are no easily discernible geographical or regional markers in the video that connect with any cultural aspects of the music. The chosen music provides a popular, energetic backdrop, but it doesn't contribute to any particular cultural narrative related to the video's content.
",val,True,data/revision/videos/ZWKmGX5E-DI.mp4,60.0,,e2f25e2599720a1b7ae14164b650d9d73a0aee3266714cde3584c79fbc305782
22779,ZkOTitQogPU,https://www.youtube.com/watch?v=ZkOTitQogPU,"Here's an analysis of the video and music, incorporating the provided labels:

**Rhythm and Synchronization:** The music maintains a slow, consistent tempo throughout, creating a steady, almost meditative backdrop. However, the video's rhythm is more varied. The speaker moves her hands and adjusts her hair, then shows the hair serum bottle. At 0:18, she transitions to holding and demonstrating the product. Notably, despite this shift in the video's visual focus, there's no corresponding change in the music. This lack of synchronization at a key moment, marked by the 'C' at 0:18 in the labels, highlights a disconnect between the auditory and visual rhythms. The music's unchanging nature contrasts with the video's subtle shifts in action, creating a sense of rhythmic independence rather than a unified flow.  The music continues its steady pace while the speaker applies and discusses the product, further emphasizing the lack of direct rhythmic connection.

**Theme and Content:** The video centers on a personal hair-care routine, where the speaker demonstrates a hair serum and shares her experience.  The music, with its tranquil and reflective mood, doesn't align with the informational and somewhat anxious tone of the video. The music doesn't offer any thematic enhancement or narrative support to the video's focus on hair loss and product demonstration.  This mismatch contributes to the overall feeling that the music is simply background noise rather than an integrated element of the video.

**Emotion:** The speaker in the video conveys confidence in the product, and also shows appreciation for the Youtubers who recommended it, aligning with the ""confident"" and ""appreciate"" labels. She expresses concern about her hair loss, but maintains a hopeful demeanor towards the serum's effectiveness.  The music, on the other hand, evokes a calm and almost serene feeling. This contrasts sharply with the mix of concern and hope present in the video. The music doesn't amplify or even complement the emotional nuances of the video's narrative. Instead, it creates a somewhat detached atmosphere.

**Cultural Relevance:**  The video focuses on a personal experience with a hair product. Both the video and the music seem devoid of specific cultural markers or geographical references. The content revolves around a universal experience of seeking solutions for hair loss. The music also appears culturally neutral, lacking any distinct stylistic elements that could be tied to a particular region or tradition.  This aligns with the ""no culture element"" label, reinforcing the idea that both elements exist in a relatively general cultural context.


The combination of a calmly paced, unchanging music track with a video displaying a product demonstration creates a sense of detachment. The music fails to underscore or enhance the video’s rhythm, theme, or emotional nuances, leading to a disjoint experience. Instead of a cohesive audiovisual narrative, the viewer is left with the impression that the music and video exist in separate spheres.",train,True,data/revision/videos/ZkOTitQogPU.mp4,59.03333333333333,,672c415f4a070bdd3e7dc02d5788e21de8664e9080b67284e42e7918dd11dc88
19849,ZkykYoo1lVQ,https://www.youtube.com/watch?v=ZkykYoo1lVQ,"Rhythm and Synchronization: The music maintains a consistently fast tempo throughout, which generally aligns with the video's pacing. The video itself features minimal dynamic changes, primarily showcasing a procession with a Hindu deity statue.  The steady rhythm of the music creates a sense of continuous movement, mirroring the procession's ongoing progress.  This consistency provides rhythmic coherence, as the unchanging nature of both music and video reinforces a sense of stability and uniformity. While there aren't specific moments of synchronization between musical changes and video cuts due to the lack of dynamic transitions in the video, the overall effect is one of steady, rhythmic alignment.

Theme and Content: The video centers on a Hindu religious procession, likely during a festival. The music, while lively and upbeat, doesn't directly depict or narrate the specific event in the video. The lyrics appear to focus on personal reflections and hopes, possibly related to devotion or seeking blessings.  Therefore, the thematic connection is indirect. The music provides a general atmosphere of celebration and joy which is fitting for a festive occasion, but it doesn't explicitly enhance a specific narrative or message related to the deity or the procession itself.

Emotion: The video evokes a feeling of joy and communal celebration, evidenced by the people carrying the statue and the general atmosphere of the procession. The music, with its fast tempo and upbeat melody, primarily conveys happiness. While there’s a certain degree of emotional coherence between the joyful mood of the video and the cheerful tone of the music, the music does not noticeably elevate the emotional impact of the video. It acts more as a celebratory backdrop rather than an integral part of the video's emotional narrative.

Cultural Relevance: The video features explicit cultural elements related to Hinduism, specifically the statue of a Hindu deity and the customs surrounding religious processions. The music, being in Bengali, anchors the video within a specific regional context within India, further strengthening the cultural relevance.  The combination of visual and auditory elements accurately portrays a religious celebration, particularly from a Bengali cultural perspective. The attire of the participants in the procession, though not elaborate, contributes to the overall cultural portrayal. The elements are used appropriately, creating a believable and authentic depiction of a cultural event.
",train,True,data/revision/videos/ZkykYoo1lVQ.mp4,60.04,,626e95b4793142d82e05c1db9b23d73595590f69d7dc76a29dd74a8f57ea7b71
20228,_5i1nmFTjnU,https://www.youtube.com/watch?v=_5i1nmFTjnU,"Rhythm and Synchronization: The music's tempo is generally upbeat and consistent, while the video's pace is more varied. The video features a series of quick cuts showcasing different beauty products.  While the majority of these transitions don't align with musical shifts, there is a noticeable synchronization at the 6-second mark where a change in the music coincides with the video transitioning to a new product. This brief moment of synchronization creates a slight emphasis, but overall, the rhythmic relationship between the video and the music is largely disconnected due to the video's rapid, almost frantic, display of products and the music's continuous flow.

Theme and Content: The music's theme, which seems to center around confidence and self-assuredness, doesn't seem to complement the video's content, which is a straightforward presentation of various beauty products. The lyrics, focusing on personal experiences, don't enhance or relate to the visual narrative of the beauty product showcase. There's a thematic dissonance as the video lacks a specific narrative or message beyond displaying the products, making the music's thematic presence feel out of place.

Emotion: The music conveys a sense of confidence and even defiance, while the video is emotionally neutral. It primarily focuses on showcasing the products visually, without any attempt to evoke particular emotions.  This mismatch creates a disconnect between the upbeat, confident tone of the music and the purely informational nature of the video. The music doesn't necessarily elevate the emotional impact, but rather imposes an emotional layer that feels unrelated to the video's purpose.

Cultural Relevance: Neither the music nor the video exhibit any discernible cultural elements or geographical references. The video features a common array of beauty products, devoid of specific cultural markers, and the music similarly lacks any cultural identifiers.  Therefore, there's neither alignment nor misalignment in terms of cultural relevance, as both elements remain culturally neutral.
",train,True,data/revision/videos/_5i1nmFTjnU.mp4,20.566666666666666,,e80a1d0829ed43e45adf5ec8f34a6e1149b70efe6f2e0919f3eb9246b187fd6c
29117,_6p8u8SDhvA,https://www.youtube.com/watch?v=_6p8u8SDhvA,"Rhythm and Synchronization: The music maintains a consistent medium tempo throughout, aligning well with the video's pace. The video itself doesn't feature many transitions or cuts, giving it a static feel.  The music’s steady rhythm provides a backdrop to the woman’s speech, creating a sense of continuity. The lack of sharp visual or auditory changes reinforces the steady, consistent nature of the video and music combined.

Theme and Content: The video focuses on a woman narrating a story about a village ritual. The music, however, has a more lighthearted, uplifting tone. While not directly related to the story's specific content, the music creates a sense of casual conversation, perhaps making the video more approachable and less serious. This indirect relationship could be considered a mismatch, but the music's presence doesn't distract from the narrative; it simply adds a different layer of interpretation. 

Emotion: The video’s emotional tone is somewhat ambiguous. The woman expresses mild frustration and exasperation, but there's also an element of storytelling and lightheartedness in her delivery. The music, on the other hand, has a cheerful and energetic quality. This creates a partial disconnect, where the music doesn't directly mirror the speaker’s subtle frustration but instead creates a slightly more upbeat atmosphere. This contrast could be intentional, perhaps designed to make the video more engaging by adding a layer of positive energy.

Cultural Relevance: Neither the music nor the video contain explicitly identifiable cultural elements. The woman speaks in a language (Tamil, as per audio) which could be a cultural reference, but the music itself is generic and doesn't tie to any specific region or tradition. This lack of shared cultural markers doesn’t necessarily detract from the video, as the focus remains primarily on the woman’s narrative.  It does, however, limit the potential for deeper cultural understanding through the combined audio-visual experience.
",val,True,data/revision/videos/_6p8u8SDhvA.mp4,38.64540500785611,,7aa2969f6f467c0e4f43a042bf03aa8060e45102bef895a50949c15c30841d63
17899,_BqZgHJI3BU,https://www.youtube.com/watch?v=_BqZgHJI3BU,"Rhythm and Synchronization: The music maintains a consistent, medium tempo throughout the video.  While there aren't drastic shifts in the music's rhythm, the steady pulse aligns well with the consistent pace of the models walking down the runway.  The video cuts between different models at a fairly regular interval, and while not perfectly synchronized with the music, the cuts don't clash with the underlying beat.  The overall effect is one of rhythmic coherence, where the music provides a steady backdrop for the visual progression of the fashion show.

Theme and Content: The minimal electronic music doesn't seem to directly relate to the theme of the fashion show itself. The video showcases a variety of clothing styles and aesthetics, from sleek, minimalist dresses to more avant-garde ensembles. The music doesn't seem to enhance or comment on any specific design or narrative within the collection, acting more as a neutral auditory element.

Emotion: The music evokes a sense of cool detachment and modernity. It's not particularly emotional, but it contributes to the overall atmosphere of the fashion show, enhancing the sense of sophistication and high fashion. The video, on the other hand, is more about showcasing the clothing and the models' expressions of confidence. While the music's emotional neutrality doesn't clash with the video's emphasis on the visual presentation, it also doesn't necessarily amplify the emotions typically associated with a fashion show, such as excitement or anticipation. There is a partial consistency between the coolness of the music and the stoicism some models display.

Cultural Relevance: Neither the video nor the music make any overt cultural references. The music is generic electronic music, and the video focuses solely on the fashion presented. This lack of explicit cultural elements in both mediums makes them culturally neutral in relation to each other. The focus remains entirely on the designs of the clothing and the presentation of the fashion show itself.
",test,True,data/revision/videos/_BqZgHJI3BU.mp4,12.166666666666666,,68c84c9b99979b896b936c20a583a2ab9228db3667ccf886cfacb1658645faf2
30093,_I-EChB2Oig,https://www.youtube.com/watch?v=_I-EChB2Oig,"Sure, here's an analysis of the provided video and music, taking the labels into account.

**Rhythm and Synchronization:** The music's rhythm and the video's pace are largely mismatched. The music maintains a consistent tempo and beat throughout, while the video alternates between a speaker addressing the camera and static screens with text and graphics. There's no direct synchronization between visual transitions and musical changes.  The video's changes in pacing, driven by shifts between the speaker and static visuals, do not coincide with any shifts in the music.  This lack of synchronization contributes to a disjointed feeling.  The visual rhythm of the video itself is also somewhat erratic, as the length of time spent on each segment varies considerably.

**Theme and Content:** The upbeat, electronic music feels disconnected from the video's subject matter, which focuses on financial planning and time management. The music's energetic and almost celebratory tone doesn't align with the pragmatic, advisory tone of the speaker and the on-screen text. The music doesn't enhance the narrative or message in any significant way, and the thematic disconnect is quite stark.  The video is focused on practical financial advice, while the music suggests a more lighthearted or celebratory theme.  

**Emotion:** The music conveys a sense of lightheartedness and perhaps a subtle feeling of excitement or anticipation, while the video maintains a neutral, informative tone. The speaker displays little emotion, focusing on delivering the advice clearly.  The visuals are similarly straightforward, consisting of the speaker against a blurry background, intercut with text-based slides.  This mismatch in emotional tone is quite prominent and creates a jarring juxtaposition. The music’s light and somewhat playful quality clashes with the serious and practical nature of the advice offered in the video.  

**Cultural Relevance:** Neither the video nor the music exhibit any clear cultural elements. The advice provided in the video is generally applicable, not tailored to any specific cultural context. The music is also quite generic in nature, without any discernible cultural markers.  Therefore, while no mismatches exist, there's also no sense of shared cultural relevance that strengthens the connection between the two.  The video focuses on broadly applicable financial tips, and the music is a common style of royalty-free background music often heard in online videos.


I hope this analysis is helpful! Let me know if you have any other questions.",train,True,data/revision/videos/_I-EChB2Oig.mp4,60.03333333333333,,c6eca407f1f2c81c99d0494966cff55c7be18d2cc4b27c0bdd18552e39644a50
3317,_KoW39iRbAk,https://www.youtube.com/watch?v=_KoW39iRbAk,"Rhythm and Synchronization: The video features a series of relatively static images, transitioning smoothly between various scenes depicting a mother and child in different settings.  The lack of sharp cuts or significant changes in visual pacing means there aren't many distinct moments for the music to synchronize with. The music itself maintains a consistent, moderate tempo throughout, without noticeable shifts or changes in intensity that would correspond to specific visual cues. This steady pace in both the video and music results in a sense of calm and gentleness, though without a strong sense of rhythmic interplay between the two.

Theme and Content: The video centers around the theme of a mother's love, showcasing various tender moments between mother and child, including dressing up, applying makeup, tying shoelaces, and baking. These scenes convey the mother's constant presence and support in her children's lives. The music, however, doesn't directly relate to this specific theme. It has a rather general and somewhat uplifting feel, not particularly tailored to depict motherhood or familial love.  Thus, while pleasant, the music doesn't strengthen or add depth to the video's core message.

Emotion: The video evokes a sense of warmth and affection, capturing the simple yet powerful bond between a mother and her children. The monochrome presentation adds a touch of nostalgia and timelessness.  The music, while pleasant and soothing, remains emotionally neutral. It doesn't specifically convey joy, sadness, or any other strong emotion.  This neutrality contrasts with the heartfelt visuals, creating a slight disconnect. The music doesn't detract from the video's emotional core, but it doesn't amplify it either.

Cultural Relevance: The video appears to be set in a contemporary, possibly urban, environment without overt cultural markers. The mother and children's attire and activities don't suggest a strong association with any particular cultural tradition.  The music, similarly, lacks any distinct cultural characteristics. It’s fairly generic and could be applied to a variety of contexts.  Therefore, there are no clear cultural connections or mismatches between the video and music; both remain relatively neutral in this aspect.
",train,True,data/revision/videos/_KoW39iRbAk.mp4,35.06666666666667,,a13cafd84315b098deb7dee795de8d47e57eb9102b1e2bbc2f99098104a307e4
26174,_M653aFEotw,https://www.youtube.com/watch?v=_M653aFEotw,"Rhythm and Synchronization: The music maintains a slow, consistent tempo throughout the video. Since the video primarily showcases a step-by-step cooking process, which involves many subtle actions, the lack of distinct visual transitions means there are no points of synchronization or desynchronization between the music and the video.  The continuous and uniform rhythm of the music doesn't particularly enhance or detract from the video's pace, resulting in a neutral, if somewhat detached, rhythmic relationship.

Theme and Content: The video demonstrates how to make Shakarpare, a traditional Indian sweet. The music, however, lacks any discernible connection to the video's culinary theme. The absence of cultural cues in the music, like traditional Indian instruments or melodies, creates a thematic disconnect. The music doesn't tell a story or convey a message related to food, festivals, or Indian culture, making it feel out of place with the video's content.

Emotion: The video evokes feelings of creativity and appreciation for the culinary art, showcasing a careful and methodical approach to making the sweet treat.  The music, however, doesn't amplify or mirror these sentiments.  Its steady, perhaps even somewhat ambient tone, doesn't possess the richness or nuance necessary to align with the video's focus on detailed preparation and the implicit satisfaction of creating something delicious.  Therefore, the emotional coherence between the video and music is low.

Cultural Relevance: The video centers around Shakarpare, a sweet specifically associated with the Indian festival of Diwali.  This cultural context is crucial to understanding the video's significance. The music, however, doesn't contain any recognizable cultural elements related to India or Diwali. There are no geographic references either implicitly or explicitly conveyed through the music, further contributing to the disconnect between the two mediums. This lack of shared cultural elements detracts from the overall viewing experience, failing to reinforce the cultural importance of the food being prepared.
",train,True,data/revision/videos/_M653aFEotw.mp4,58.43333333333333,,83b541f9b29999136c58f9b52ead5e386aebf96b96c75c0f369dd91ef9d62cb6
17088,_RbGzpj8fxQ,https://www.youtube.com/watch?v=_RbGzpj8fxQ,"Rhythm and Synchronization: The music in this video maintains a fast tempo throughout its duration. Because the video showcases a single, continuous shot of a guitarist playing, there aren't any distinct video transitions or cuts to analyze in terms of synchronization with musical changes. Instead, the focus shifts to the consistent rhythmic interplay between the visual performance and the auditory track.  The guitarist's finger movements and strumming pattern align precisely with the melody's rhythmic phrasing.  This creates a cohesive and unified experience, as the visual and auditory elements reinforce each other without competing for attention.

Theme and Content: The music and video are strongly related in terms of theme and content. The video plainly depicts a guitarist performing a piece of music, while the audio track provides the very music being played. This direct correlation creates a clear and cohesive message centered around the act of musical creation and performance. There is no narrative being supplemented by the music; rather, the music itself is the primary content being presented and visualized by the video.

Emotion:  The video presents a relatively neutral emotional tone. The guitarist's focused expression doesn't convey strong emotions, creating a sense of objective observation of the performance. The music itself also leans towards a neutral emotional tone. It's technically proficient and engaging, but doesn't evoke a distinct feeling like joy, sadness, or suspense. This consistent emotional tone between the video and the music enhances the overall coherence of the presentation.  The music supports the video by providing a sonic counterpart to the visual performance, but it doesn't necessarily amplify or alter the emotional landscape established by the visuals.

Cultural Relevance: Neither the music nor the video contain any overt cultural elements or geographical references. The focus remains solely on the musical performance itself, making cultural relevance not applicable in this particular instance. The lack of cultural signifiers allows the viewer to engage with the music and performance on a purely aesthetic level, without any additional contextual interpretations.
",train,True,data/revision/videos/_RbGzpj8fxQ.mp4,60.0,,93b13c58905c90d334901a1414305c3c65dd58b95c48b5601d535d9efaccfc39
35569,_Wy4rNRQL1A,https://www.youtube.com/watch?v=_Wy4rNRQL1A,"Rhythm and Synchronization: The music's tempo is relatively fast, characterized by a constant, driving beat. The video, on the other hand, features a series of relatively slow, deliberate actions showcasing the creation of a layered paper diorama. Due to the video's static nature, there are no significant transitions or dynamic moments requiring synchronization with the music. Therefore, the rhythmic relationship between the video and the music feels disconnected. The music's consistent pace doesn't align with the stop-and-start nature of the video, creating a sense of rhythmic dissonance.

Theme and Content: The video focuses on the artistic process of assembling a charming paper diorama of a sunflower-covered house, demonstrating meticulous craftsmanship. The music's theme, however, appears unrelated to this visual narrative. The lyrics convey a message of romantic longing and devotion, which doesn't seem to connect with the video's theme of creativity and meticulous assembly. This thematic dissonance creates a disconnect between the audio and visual elements, preventing a cohesive narrative experience.

Emotion: The video evokes a sense of appreciation for the intricate detail and patience involved in crafting the paper diorama. It primarily presents a neutral emotional tone, focusing on showcasing the artistic process rather than expressing strong emotions. In contrast, the music expresses a strong sense of romantic longing and desire. This stark difference in emotional tone further contributes to the mismatch between the audio and visual components. The upbeat and passionate nature of the music doesn't enhance the video's rather contemplative and appreciative emotional core.

Cultural Relevance: Neither the video nor the music seems to emphasize any particular cultural elements. The video focuses on a universal theme of creativity and craft, while the music's lyrics revolve around personal romantic feelings. The absence of specific cultural references in both the audio and visual elements further reinforces the sense of disconnect between them. There are no discernible geographical or cultural cues in either medium that could create a sense of shared cultural identity or relevance.
",train,True,data/revision/videos/_Wy4rNRQL1A.mp4,19.633333333333333,,55a2b1e915dd45400efa2173c81c69ca8f83e29fe6eef46aa4892ee24504f0fb
13286,__K1Xr4g-Hc,https://www.youtube.com/watch?v=__K1Xr4g-Hc,"Rhythm and Synchronization: The music and video maintain a generally aligned pace. The music has a medium tempo, which complements the video's showcasing of a preppy outfit. While the video features a sequence of clothing items and poses, there aren't distinct, sharp transitions where one would expect hard cuts in the music. The transitions are smooth, with each piece of clothing being layered onto the previous one, creating a sense of flowing movement rather than abrupt changes. This continuous, relatively steady flow of visual information aligns well with the consistent rhythm of the music.


Theme and Content:  While the music’s lyrics about enjoying life and keeping the music going don't directly correlate with the video's focus on fashion and outfit presentation, they create a subtly fitting backdrop. The upbeat and positive tone of the song aligns with the overall presentation of confidence and self-expression through clothing choices. However, the themes aren't intertwined narratively. The video isn't telling a story that the music enhances. Rather, the music serves as an uplifting sonic environment for the fashion display.


Emotion: The video exudes a sense of relaxed confidence. The model's poses and actions are smooth and deliberate, demonstrating a comfortable ownership of the presented style. The music, with its carefree and positive vibe, complements this relaxed confidence. However, the emotional connection isn't deeply intertwined. The music doesn't heighten the video's emotional impact dramatically but rather supports the existing mood with a fitting sonic atmosphere.  It maintains a relatively consistent emotional tone throughout, which aligns with the 'single' emotional level indicated by the tags.


Cultural Relevance: Neither the music nor the video heavily relies on specific cultural elements. The video focuses on presenting a preppy aesthetic that has a broad, somewhat international, appeal, particularly among younger demographics. The music, similarly, maintains a relatively generic pop sound without strong ties to a specific culture. This absence of pronounced cultural elements in both video and music results in a neutral, almost universal appeal, although it does not actively contribute to any specific cultural narrative or representation.
",test,True,data/revision/videos/__K1Xr4g-Hc.mp4,14.233333333333333,,c3caf3c4a5b98be3f4fd290646374a191bb76812bda8442f39697df9dea4b4c1
44049,_aHLLLmYCjI,https://www.youtube.com/watch?v=_aHLLLmYCjI,"Rhythm and Synchronization: The music, with its medium tempo and upbeat feel, generally matches the overall pace of the video.  The music maintains a consistent, cheerful tone throughout, providing a lighthearted backdrop to the bride’s unique entrance.  Around the 22-second mark, as the bride begins her descent, the music subtly shifts, introducing a slightly more energetic feel, which works well, though isn't perfectly synchronized with her movement. This change coincides with the climax of the video – the bride's descent – adding a touch of heightened excitement to the scene.  Otherwise, the lack of sharp cuts or distinct actions within the video means there aren't many opportunities for precise rhythmic synchronization.


Theme and Content:  The video showcases a bride making a memorable entrance by rappelling from the upper floor of a house. The music, which is generally joyful and upbeat, forms an independent narrative. It doesn't directly relate to the specific action of rappelling but creates a celebratory and positive atmosphere appropriate for a wedding.  While there's no direct thematic link (the music isn’t about rappelling or brides), the overall mood of celebration and joy complements the content.  The video’s focus is on the unique and memorable entrance, while the music provides a fittingly upbeat and joyous backdrop.


Emotion: The video conveys a range of positive emotions, including happiness, excitement, romance, energy, cheerfulness, relaxation, confidence, and appreciation. The bride's beaming smile and the enthusiastic reactions of the onlookers contribute to this overall sense of joy.  The music, being primarily cheerful and upbeat, aligns seamlessly with the joyful and celebratory mood of the wedding entrance.  The music enhances the video's emotional impact by amplifying the feeling of happy anticipation and excitement surrounding the bride’s unconventional arrival.


Cultural Relevance:  Neither the video nor the music appears to feature any specific cultural elements or geographical references. The focus is solely on the unique bridal entrance and the celebratory atmosphere surrounding it. The video captures a modern wedding celebration, and the chosen music reflects a general celebratory mood without specific cultural connotations.
",train,True,data/revision/videos/_aHLLLmYCjI.mp4,30.066666666666666,,1a27d4c318d88c6b23b4dccc5d157aa54a991f1e44272621c4d3d218232844d7
43831,_eTBObC7rVY,https://www.youtube.com/watch?v=_eTBObC7rVY,"Rhythm and Synchronization: The music's fast tempo effectively mirrors the energetic pace of the self-defense demonstration. While there aren't distinct transitions in the video marked by sharp cuts, the continuous flow of the martial arts movements maintains a sense of rhythmic coherence with the driving beat of the music. The consistent tempo and energy level of the music create a backdrop that complements the physicality displayed in the video.

Theme and Content: The music's theme, while not directly related to self-defense, does contribute to the overall feel of the video. Its driving, intense nature reinforces the idea of power and control, which are relevant to the concept of self-defense.  However, it doesn't specifically enhance a particular narrative or message beyond the general idea of empowerment. The music could be interchangeable with other similar up-tempo tracks without significantly altering the video's core message.

Emotion: The music's energetic and driving style partially aligns with the video's demonstrably energetic tone.  The video portrays a sense of focused determination and power as the woman executes the self-defense moves. While the music amplifies the sense of dynamism and action, its intensity might overshadow the more nuanced aspects of the demonstration, such as the precision and control involved. The music evokes a feeling of general excitement and intensity, while the video primarily conveys determined energy.

Cultural Relevance: Neither the music nor the video appear to have any specific cultural elements or geographical references. The self-defense techniques themselves might have origins in specific martial arts traditions, but these are not explicitly highlighted. The music is generic and lacks any discernible cultural markers. As a result, the aspect of cultural relevance is neutral; neither enhancing nor detracting from the other.
",test,True,data/revision/videos/_eTBObC7rVY.mp4,12.333333333333334,,ce5ed9ae1af59d6c4ac9eca2d3b9ebcee80c92aeb05039e356027aabcdc87845
37236,_lvDZdZfIZc,https://www.youtube.com/watch?v=_lvDZdZfIZc,"Rhythm and Synchronization: The music maintains a consistent, medium tempo throughout, characterized by a repetitive, almost cyclical melody. The video, however, features a series of distinct actions, creating a visual rhythm that feels somewhat disjointed from the music. This is particularly noticeable at the 22-second mark, where the video transitions to a wider shot of the desk setup. While there's no discernible change in the music at this point, the video shift introduces a significant change of pace visually, highlighting the lack of rhythmic synchronization between the two. The overall effect is one of rhythmic independence, where the music and video progress along separate paths, not enhancing each other.

Theme and Content: The video depicts the setting up of a workspace, a practical and mundane activity. The music, on the other hand, has a light, almost whimsical feel, suggesting a more playful or imaginative theme. These thematic elements don’t complement each other, creating a dissonance.  The music doesn’t narratively support or enhance the video’s straightforward portrayal of workspace organization.  Instead, the music’s airy and somewhat abstract quality contrasts sharply with the video’s functional focus.

Emotion: The video presents a neutral, unemotional depiction of workspace organization, lacking any strong emotional cues.  The music, while upbeat and pleasant, doesn’t elicit any particularly strong emotions either. Rather, it projects a sense of gentle, almost background lightness. While there are no conflicting emotions, the music doesn't amplify or deepen the video's neutral emotional tone. It simply exists alongside it, without contributing to any heightened emotional impact.

Cultural Relevance:  Neither the video nor the music contain overt cultural references. The video showcases universal elements of a modern workspace – laptops, desk organizers, and plants. The music, similarly, is generically pleasant and lacks any distinct cultural markers. Thus, while there isn't a cultural clash, there's also no shared cultural foundation or interplay between the two. They coexist in a culturally neutral space.
",val,True,data/revision/videos/_lvDZdZfIZc.mp4,35.083333333333336,,742618195936c67d275a6c5f4b6175fab65f17a1bedf73d620fc623fd311d5fb
43840,_oj7FUL8x3k,https://www.youtube.com/watch?v=_oj7FUL8x3k,"Rhythm and Synchronization: The video features a series of quick cuts, changing scenes approximately every five to six seconds. The music, however, maintains a consistent, upbeat tempo without any noticeable shifts or breaks that correspond to these visual transitions. This creates a sense of rhythmic disconnect. The lack of synchronization between the music and video edits diminishes the overall impact and flow of the combined presentation. The consistent tempo of the music becomes almost monotonous against the rapidly changing visuals. 

Theme and Content: The video discusses various parenting scenarios and questions, ranging from discipline to allowing children to have cell phones at the dinner table. The music, a generic upbeat track, doesn't specifically relate to parenting or any of the particular scenarios presented. The music's lack of thematic connection to the content doesn't enhance the narrative or add any deeper layer of meaning to the video's message. Instead, it feels like a superficial addition that doesn't contribute to the overall message.

Emotion: The video presents a relatively calm and conversational tone as the speaker discusses parenting-related questions. While the images within the video present different emotional situations, the overall video remains tranquil. The music, on the other hand, has a consistently upbeat and somewhat energetic feel. This doesn't directly clash with the speaker's tone, but it doesn't amplify any particular emotion within the video either. The mismatch between the upbeat music and the neutral tone of the video creates a slight disconnect, making the combined presentation feel somewhat disjointed.

Cultural Relevance: Neither the music nor the video seems to have any specific cultural elements or geographical references. The video showcases diverse families in various situations, but these portrayals are generic rather than culturally specific. The music is likewise generic and lacks any discernible cultural markers. Therefore, while there's no cultural clash, there isn't any meaningful cultural connection either. The absence of cultural relevance in both makes the pairing feel rather arbitrary.
",test,True,data/revision/videos/_oj7FUL8x3k.mp4,53.666666666666664,,3cab6f133304306bfb0d0cd8dcd67b97ce04a82787a9570b275bea82bb5f8b25
41614,a71S5JxDR54,https://www.youtube.com/watch?v=a71S5JxDR54,"Rhythm and Synchronization: The music maintains a consistent, medium tempo throughout.  The video, primarily featuring a static shot of a person speaking, lacks dynamic visual changes or transitions. Consequently, there is no discernible rhythmic relationship or synchronization between the audio and visual elements. The steady, somewhat repetitive nature of the music does not enhance or detract from the largely static visual presentation.

Theme and Content: The lyrical content of the song, focusing on the nature of togetherness and its challenges, does not directly relate to the visual content of the video. The video appears to be a snippet of a spoken word piece or monologue, possibly exploring personal reflections or philosophical questions. The music, while emotionally evocative, does not directly complement or enhance the message or narrative presented in the video. They exist as separate entities, each conveying their own distinct meaning.

Emotion: The music carries a melancholic and introspective tone, evoking a sense of longing or questioning.  The video, however, presents a rather neutral emotional tone. The person's facial expression and delivery appear calm and contemplative, without overt displays of emotion.  Thus, there is a disconnect between the emotionally charged music and the more subdued emotional tone of the video. The music, while beautiful, does not necessarily elevate the emotional impact of the video due to this mismatch.

Cultural Relevance: Neither the music nor the video exhibit any readily identifiable cultural elements. The language spoken in the video is French, but in this brief clip, it doesn't provide enough context to draw conclusions about specific cultural references or connections.  Both the visuals and the music possess a universal quality, making it difficult to pinpoint specific geographical or cultural origins.  Their lack of distinct cultural markers further contributes to their disconnection in this particular pairing.
",train,True,data/revision/videos/a71S5JxDR54.mp4,23.56,,0277a688e2ca5624d372ae1ec8f5c1d39e53a562d7bf3e6ab66942b5ca4c60ec
4528,aOVzOBnyemE,https://www.youtube.com/watch?v=aOVzOBnyemE,"Rhythm and Synchronization: The video features a varied pace, shifting between slower, more contemplative shots and quicker cuts. The music generally aligns with these changes, though there isn't constant, precise synchronization.  The music begins with a slower, melancholic tone that suits the reflective nature of the opening scenes. However, a noticeable shift occurs at 0:25.  As the video transitions to a new scene showing the character Judith, the music takes on a slightly more uplifting and determined feel, creating a clear synchronization between the visual and auditory elements. This rhythmic shift enhances the impact of the character's introduction, underscoring her resilience and strength.  While there are other transitions in the video, this particular moment stands out due to the distinct change in both visual and musical atmosphere.

Theme and Content: The video's content centers on the character's narration about her family and the themes of loss, survival, and hope in a post-apocalyptic world. While the music doesn't directly reflect the specific narrative, it does enhance the overall message. The music's melancholic opening complements the feelings of loss and longing expressed in the narration.  The later transition to a slightly more hopeful tone mirrors the character's eventual acceptance of her circumstances and her determination to persevere. This creates a thematic enhancement, with the music amplifying the emotional core of the video without explicitly retelling the story.

Emotion: The video evokes a complex range of emotions, primarily centered around hope, tinged with sadness and reflection.  The music mirrors this emotional complexity. Its initial somber tone matches the character's contemplation of her lost family members and the challenges she faces. This establishes partial consistency between the video and the music's emotional tones. However, as the music evolves, it introduces a layer of resilience and strength, which aligns with the underlying theme of hope within the video. This nuanced interplay of emotions creates a rich and impactful viewing experience, elevating the video's emotional impact.

Cultural Relevance:  Both the music and the video seem to avoid any specific cultural references.  The video's focus is on universal themes of family, loss, and survival, making it relatable across cultures. Similarly, the music uses a generally neutral style that doesn't evoke any specific cultural traditions or geographical locations. This lack of explicit cultural markers allows the video and music to connect with a wider audience without relying on potentially limiting or inaccurate cultural representations.
",train,True,data/revision/videos/aOVzOBnyemE.mp4,46.53333333333333,,6e6b793a58fa166996ae797bbc3596f1062b35420b4eb699fbd7ad99b375aaab
8465,aQlJoh01yGg,https://www.youtube.com/watch?v=aQlJoh01yGg,"Rhythm and Synchronization: The music maintains a medium, consistent tempo throughout the video. While the video itself features frequent scene changes every few seconds, showcasing different honeymoon destinations, the music doesn't consistently synchronize with these transitions.  There are moments of alignment, most noticeably at the 6-second mark, where the transition to a beach scene coincides with a distinct shift in the music. The overall impression, however, is that the musical rhythm serves as a constant backdrop to the changing visuals, only occasionally highlighting specific transitions, such as when the video shifts at approximately 34 seconds to the Maldives with no change in the music. This approach creates a sense of continuous flow while subtly emphasizing key visual changes.

Theme and Content: The video focuses on showcasing top honeymoon destinations, presenting visually appealing landscapes and romantic settings.  The music, however, has a distinctly different thematic focus.  Its electronic, somewhat ambient style doesn't directly relate to the concept of romance, travel, or specific cultural experiences. It provides a pleasant auditory experience, but doesn't enhance or reinforce the video's core message about ideal honeymoon locations.  The music doesn't actively detract from the video's purpose, it simply exists as a separate element without a strong thematic connection.

Emotion: The video evokes a sense of relaxation and appreciation for the beauty of the showcased destinations. The visuals of stunning beaches, luxurious resorts, and romantic moments create a tranquil and aspirational atmosphere. The music, while pleasant and relaxing, has a more neutral emotional tone.  It doesn't specifically evoke joy, romance, or any strong emotion associated with honeymoons. The music doesn't amplify the emotional impact of the video, nor does it clash with it. Instead, the music simply offers a generally positive and easy-listening backdrop that doesn’t interfere with the intended emotions.

Cultural Relevance: The video features a diverse range of locations across the globe, each representing a unique cultural context. However, the music doesn't incorporate any discernible cultural elements.  Its style remains consistent throughout, regardless of the specific geographical location displayed in the video.  There's no attempt to use music that reflects the local culture of Hawaii, Paris, Fiji, or any other featured destination. This disconnect creates a sense of universality in the music but also misses the opportunity to create a deeper, more culturally nuanced experience for the viewer.
",train,True,data/revision/videos/aQlJoh01yGg.mp4,37.46666666666667,,383fb53b87236c336d4c956c6a2dda052d6d7ee8249942bcf5c9bb8f4f9a7671
5791,aS80bu6rVys,https://www.youtube.com/watch?v=aS80bu6rVys,"Rhythm and Synchronization: The video features a speaker delivering a message, with minimal visual changes or dynamism throughout. The background remains static, and the speaker's movements are subtle. The music, with its consistent tempo and lack of significant shifts in rhythm or melody, doesn't synchronize with any particular visual cues in the video. The lack of visual dynamism means there aren't distinct transitions or points of emphasis for the music to synchronize with. Consequently, the music feels detached from the video's pacing, existing as a separate auditory layer rather than an integrated element.

Theme and Content: The video focuses on the importance of preserving cultural heritage. The speaker discusses the influence of other cultures, using the example of learning English, while emphasizing the need to understand and appreciate one's own culture. The music, on the other hand, doesn't appear to have any thematic connection to cultural heritage or language preservation. It doesn't add any narrative layer to the video or reinforce the speaker's message. Instead, its presence feels arbitrary and doesn't enhance the core message of the video.

Emotion: The speaker's delivery is calm and measured, conveying a sense of earnestness and conviction, yet also a tranquility in the message being conveyed. The video lacks strong emotional cues, focusing primarily on the speaker's message. The music's style doesn't match the video's emotional tone. The disconnection between the audio and visual elements contributes to an overall sense of dissonance.

Cultural Relevance: The video contains explicit cultural references through the speaker's words, touching upon the influence of English language and culture and the importance of preserving one's own cultural heritage.  However, the music itself doesn't seem to possess any discernible cultural elements or geographical references. There's no apparent link between the music's style and the cultural themes addressed in the video, resulting in a lack of cultural coherence between the two. The music could be from anywhere, and its placement doesn't offer any cultural context to the video's message.
",val,True,data/revision/videos/aS80bu6rVys.mp4,27.433333333333334,,39d8eb12682ca60f6527cdc3831ac8168651361efc2dae362ce9447c2b9f8d27
35667,aflWMI5B8Iw,https://www.youtube.com/watch?v=aflWMI5B8Iw,"Rhythm and Synchronization: The music maintains a consistent, medium tempo throughout, featuring a repetitive melodic and rhythmic pattern. The video, however, presents a series of relatively static shots with minimal dynamic movement or abrupt transitions. While the music's steady rhythm provides a backdrop to the vlog-style video, there's no discernible synchronization between musical changes and visual edits. This lack of synchronization doesn't necessarily create a jarring effect, but it also doesn't enhance the visual narrative.  The consistent rhythm of the music could be perceived as slightly monotonous in relation to the shifting scenes of the video.

Theme and Content: The upbeat, almost whimsical nature of the music clashes with the everyday, personal content of the video. The video depicts a simple daily routine, starting with morning prayer, enjoying a cup of tea, making breakfast, and receiving a bouquet of flowers. The music, on the other hand, suggests a more lighthearted and perhaps even celebratory tone, which doesn't directly relate to any specific event in the vlog.  The music doesn't reinforce or supplement the video's storyline; rather, it exists as a separate auditory layer.

Emotion: The video conveys a sense of calm and cheerful contentment, particularly during the morning tea scene and while showcasing the flowers. This relaxed and pleasant mood is not mirrored in the music, which evokes a sense of lightheartedness and even whimsy. This difference in emotional tone creates a disconnect. The music doesn't amplify the video's emotional impact but rather introduces a different emotional layer that doesn't quite integrate with the visuals.

Cultural Relevance: Neither the music nor the video exhibits overt cultural elements or geographical markers. The video's content, depicting daily routines, is generally relatable across cultures.  The music itself is also stylistically generic, lacking distinct cultural influences. This absence of shared cultural elements further reinforces the overall disconnect between the audio and visual components. While the video does show a moment of prayer in front of Hindu deities, this fleeting glimpse doesn't find any resonance in the accompanying music.  Consequently, there's neither a clash nor a harmony in terms of cultural relevance. They simply exist independently.
",test,True,data/revision/videos/aflWMI5B8Iw.mp4,44.96666666666667,,a3f54d43765fd50b0ce65fcfe16db33c2dfb78c6535465246aac3ca8b7af2f65
36921,axS1q6KO44w,https://www.youtube.com/watch?v=axS1q6KO44w,"Rhythm and Synchronization: The video depicts a static scene of students in a computer lab, and there are no significant visual transitions or changes in the video's pace. The music, a recitation or prayer, maintains a consistent, moderate tempo. Since the video lacks dynamism, there isn't an opportunity for synchronization between visual changes and musical shifts. The overall effect is one of detachment, where the music exists independently of the visual content.

Theme and Content: The video portrays a classroom setting focused on learning, possibly a test or practice session. The audio seems to be a prayer or religious recitation, likely in Arabic or a related language. Thematically, these elements are disparate. The video's focus on education and the audio's religious nature don't complement each other, creating a sense of disconnect. The music doesn't enhance or relate to the video's implied narrative of learning and academic activity.

Emotion: The video itself is emotionally neutral, showcasing a routine activity with no discernible emotional expression from the students. The audio, while potentially evoking reverence or contemplation for those who understand the language and its religious context, doesn't convey a strong emotion within the context of this video.  The combination results in an overall emotionally flat experience where the audio doesn't add to or detract from the video's inherent lack of emotional expression.

Cultural Relevance: While the audio's language likely points to a specific cultural or religious context, it doesn't directly relate to the cultural elements visible in the video. The video's setting appears relatively generic, without clear cultural markers.  The mismatch reinforces the sense of separation between the audio and visual elements. There's no apparent shared cultural ground, nor are there specific geographical references that could create a bridge between the two.
",train,True,data/revision/videos/axS1q6KO44w.mp4,11.0,,6bba8f6afc183d08b25d7903c7a44eb268bc3ed5c4c106df28235854824de282
43688,b29ONyPjBJY,https://www.youtube.com/watch?v=b29ONyPjBJY,"Rhythm and Synchronization: The music maintains a consistent, upbeat tempo throughout the video, creating a dynamic backdrop for the rapidly changing visuals. While the overall pacing is brisk, the video incorporates moments of varied rhythm, particularly noticeable during the transitions between characters.  For example, the transition at 0:03 shows a distinct visual shift without an accompanying change in the music. This, along with similar instances throughout the video, indicates that while the energy levels are consistent, precise synchronization between musical shifts and visual transitions is not the primary focus.  Instead, the music's steady beat serves to unify the series of quick cuts and diverse character portrayals.

Theme and Content: The content of the video revolves around a makeup transformation showcasing different characters, presumably inspired by the film ""Inside Out 2."" The music, however, doesn't directly relate to the film's narrative or its thematic elements. The musical choice seems geared towards creating a vibrant and engaging atmosphere rather than providing specific thematic reinforcement.  There isn't a discernible narrative link between the visuals and the audio, suggesting an independent coexistence rather than a cohesive thematic pairing.

Emotion: The video exudes a playful and energetic vibe, punctuated by humorous expressions and quick transitions. The upbeat tempo of the music amplifies this energy, creating an overall sense of cheerfulness. However, the specific emotions depicted through the character portrayals, like sadness, anger, and disgust, are not mirrored in the music.  The music's consistent tone doesn't reflect the nuanced emotional range presented in the video. While the energetic music complements the overall lively presentation, it doesn't align with or enhance the specific emotional expressions of the characters being portrayed.

Cultural Relevance: Neither the video nor the music exhibit any overt cultural references or elements. The focus remains solely on the makeup transformation and the energetic auditory backdrop.  There's no discernible cultural connection between the two, suggesting a neutral and broadly appealing approach.  The absence of specific cultural markers allows for a wide range of interpretations and engagements, unconstrained by cultural specificity.
",val,True,data/revision/videos/b29ONyPjBJY.mp4,43.63333333333333,,7aab8e10162b13080ba5ca1eccd985f578c448df139b8a989c268ff157b5d9c4
24270,b8dNnTiYo00,https://www.youtube.com/watch?v=b8dNnTiYo00,"Rhythm and Synchronization: The video features a constantly rotating spiral, creating a consistent, hypnotic visual rhythm. The music, on the other hand, has a distinct, fast-paced electronic beat.  There's a fundamental disconnect between the two. The unchanging nature of the visual, lacking any transitions or shifts in pace, doesn't offer any points for the music to synchronize with. The music progresses independently, with its own rhythmic structure, but it doesn't align with any visual cues. This makes the pairing feel somewhat detached.

Theme and Content: The visual theme of a simple, rotating spiral doesn't convey a specific narrative or message. It's more of an abstract visual experience. The electronic music, while energetic, doesn't have any obvious thematic connection to the spiral. It doesn't tell a story or add a layer of meaning to the visual.  This lack of thematic interplay contributes to the feeling of disjointedness between the audio and visual elements.

Emotion: The video itself is emotionally neutral. The rotating spiral is visually engaging, but it doesn't evoke any particular emotion. The music has a somewhat driving, energetic feel, but it doesn't convey a strong, defined emotion like joy, sadness, or suspense.  While the music adds a layer of intensity, it doesn't necessarily enhance or complement the emotional tone of the visual. The emotional disconnect further emphasizes the mismatched nature of the pairing.

Cultural Relevance: Neither the video nor the music exhibits any discernible cultural elements or geographical references.  The video's abstract nature and the music's generic electronic style make it difficult to identify any cultural connection between them. The lack of cultural markers contributes to the overall sense that the video and the music exist in separate realms, not enriching or informing each other.
",test,True,data/revision/videos/b8dNnTiYo00.mp4,30.151266613230934,,84642b37c947be6bc5e04cd7f563d2ecca1a7a15a5c4a5eb26ca9008f429d62d
19699,bA5ejXkMSLg,https://www.youtube.com/watch?v=bA5ejXkMSLg,"Rhythm and Synchronization: The music maintains a slow and steady tempo throughout the video.  Since there are minimal transitions in the video itself, there isn't a strong opportunity for sharp synchronization between the music and video cuts.  The video showcases a series of short clips of ballet instruction, and the consistent pacing of the music acts as a gentle backdrop to these actions.  The lack of abrupt changes in either the visuals or the audio creates a sense of fluidity, allowing the viewer to focus on the supportive nature of the ballet teacher's interactions with the students.

Theme and Content: While the music and video aren't directly related thematically, there is a subtle connection. The video emphasizes the dedication and discipline of ballet training, showcasing the teacher's attentive guidance. The music, with its calm and focused tone, indirectly supports this theme.  It doesn't specifically tell a story of mentorship or artistic pursuit, but the music's serene atmosphere complements the focused practice depicted in the video.

Emotion:  The video evokes a sense of energetic dedication, showcasing the focused efforts of both the teacher and the students. The music, while not overtly energetic, possesses a quiet intensity that aligns partially with the video's emotional tone. It creates a sense of calm focus, which could be interpreted as reflective of the concentration required in ballet. However, it lacks the vibrant energy that might be expected to accompany a montage showcasing passion and dynamism. This creates a slight disconnect, making the pairing not completely emotionally coherent but not jarringly dissonant either.

Cultural Relevance:  Neither the video nor the music heavily emphasizes specific cultural elements. The video depicts a standard ballet class environment, and the music is relatively genre-neutral.  There are no discernible geographic references or distinct cultural markers in either the music or the visuals. This lack of specific cultural references creates a sense of universality, allowing the video's message about mentorship and support to resonate across cultural boundaries.
",test,True,data/revision/videos/bA5ejXkMSLg.mp4,8.1081,,621a835e7643068e94649b7bff3ea96a355c72b619f65e072514333f1bda16e6
163,bUCULGEmgTo,https://www.youtube.com/watch?v=bUCULGEmgTo,"Rhythm and Synchronization: The music's tempo is slow and consistent, while the video features a series of quick cuts and actions as the presenter unpacks, examines, and demonstrates the miniature phone. This creates a dissonance between the video's pace and the music's rhythm. There isn't any noticeable synchronization between the video's transitions and the music.  For example, at the 36-second mark, where the video abruptly cuts to a different shot, there's no corresponding change in the music. This further emphasizes the unrelated nature of the music and video in terms of rhythm and synchronization.

Theme and Content: The music doesn't complement the video's content, which is a tech review and unboxing of a miniature smartphone. The calm and somewhat atmospheric music doesn't enhance the video's message of novelty and product demonstration. In fact, the contrast is quite striking.  There is a thematic dissonance – the video is dynamic and focused on a specific product, while the music seems unrelated and creates a different, calmer atmosphere.

Emotion: The video conveys feelings of relaxation, confidence, and appreciation, particularly when the presenter expresses excitement and enthusiasm for the miniature phone's features. However, the music's style, which leans toward a more ambient and mellow feel, doesn't match the video's upbeat and enthusiastic tone.  The emotional cohesion is lacking due to this mismatch.  While the video intends to inspire interest and excitement in the product, the music evokes a different emotional landscape altogether, not necessarily elevating the intended emotional impact of the video.

Cultural Relevance:  Neither the music nor the video appears to contain any specific cultural elements or geographic references. There's no connection between the two in terms of cultural significance.  The focus is purely on the product and its features, and the music provides a neutral backdrop without any discernable cultural context.
",train,True,data/revision/videos/bUCULGEmgTo.mp4,50.817484150817485,,aeb63af1dd0b09bac05459832ab652e87bf099b3ad85f1e81ff90d21f3ccf20f
26581,bgvr-OVzh-0,https://www.youtube.com/watch?v=bgvr-OVzh-0,"Rhythm and Synchronization: The music has a distinct, upbeat tempo, with a clear and consistent rhythmic structure.  The video, featuring two individuals dancing, has its own internal rhythm established by their movements. However, the two rhythms don't quite mesh.  The video's pace feels somewhat slower and less dynamic than the music would suggest. The absence of synchronized moments further emphasizes this disconnect, creating a sense that the music and video exist in separate rhythmic spheres. The overall effect is a lack of rhythmic coherence.

Theme and Content: The music's playful and energetic tone doesn't seem to directly relate to the content of the video. The video appears to be a casual dance performance, possibly for entertainment or social media. There's no clear narrative presented, making it difficult to connect the music's implied theme with the video's purpose. The music could accompany various lighthearted video content but doesn't specifically enhance or support the meaning of this particular dance.

Emotion: The music projects a cheerful and lively vibe. The video, on the other hand, seems emotionally neutral. The individuals dancing don't express strong emotions through their facial expressions or body language. This creates a mismatch between the music's vibrancy and the video's lack of pronounced emotional tone. The music doesn't necessarily elevate the emotional impact of the video, as the video doesn't appear to aim for a specific emotional response.

Cultural Relevance: Neither the music nor the video appear to contain any readily discernible cultural references.  The setting and attire of the individuals in the video are contemporary and non-specific. The music also lacks any distinct cultural markers. Therefore, there are no shared cultural elements to analyze, nor any questions of relevance or accuracy to address.  The video and music both exist in a relatively culturally neutral space.
",train,True,data/revision/videos/bgvr-OVzh-0.mp4,8.9,,43319aea7e4d62159344f4aa239eca712deb0808bc1adb488b531158a06e8cef
32822,c4dv2hsmG10,https://www.youtube.com/watch?v=c4dv2hsmG10,"Rhythm and Synchronization: The video features a crayfish in an aquarium, with minimal movement and no distinct transitions or cuts. The music, a pop song with a medium tempo, plays continuously without any noticeable changes in rhythm or melody that correspond to the crayfish's actions.  Since the video lacks significant dynamism, there isn't a discernible rhythmic relationship between the visual and auditory elements.

Theme and Content: The video's content, a simple observation of a crayfish in its habitat, doesn't align thematically with the upbeat and emotionally charged pop music. The song's lyrics about feelings and dancing have no connection to the aquatic scene depicted in the video.  This creates a thematic dissonance, as the music doesn't enhance or relate to the video's content.

Emotion: The video evokes a neutral emotional response, as it simply presents a crayfish in its environment without any particular narrative or emotional cues. The music, however, carries a more positive and possibly romantic tone, which clashes with the unemotional nature of the video. The lack of emotional alignment further contributes to the disconnect between the audio and visual elements.

Cultural Relevance: Neither the video nor the music seems to contain any specific cultural elements or geographical references. The video depicts a common aquarium setup, and the music is a generic pop song with no discernible cultural ties. Therefore, there is no cultural connection or dissonance between the two, as they both lack specific cultural markers.
",train,True,data/revision/videos/c4dv2hsmG10.mp4,13.066666666666666,,8ab9cd1360ce7629899298d2e458682d73595399afc0b8f194df328367f422c1
41450,cMpT90l4nzs,https://www.youtube.com/watch?v=cMpT90l4nzs,"Rhythm and Synchronization: The music maintains a consistently fast tempo throughout, characterized by a driving beat and energetic feel. However, the video's pace varies.  The video features dialogue and interactions between characters, interspersed with moments of heightened action, like when one character hits the other two with a stick. These shifts in the video's pace don't correspond with any changes in the music's rhythm. The lack of synchronization between the video cuts and the musical beats further contributes to a sense of rhythmic disconnect.

Theme and Content: The video portrays a comedic school scenario involving students and a teacher. It touches on themes of friendship, mischief, and the consequences of not doing homework. The music, on the other hand, seems to be a romantic pop song, focusing on themes of love and devotion.  This thematic mismatch creates a dissonance.  The music doesn't enhance or complement the video's narrative; instead, it feels superimposed and irrelevant to the storyline.

Emotion: The video evokes humor and lightheartedness.  The characters' expressions and actions are exaggerated for comedic effect.  The music, however, conveys a different emotional tone. The romantic lyrics and the singer's passionate delivery suggest feelings of love and longing.  This emotional incongruity is further emphasized by the absence of any emotional shift in the music to align with the video's comedic moments. As a result, the music doesn't elevate the video's emotional impact but rather detracts from it.

Cultural Relevance: Neither the video nor the music exhibit strong cultural markers.  The school setting and the characters' attire are generic and could be found in many different cultural contexts.  Similarly, the music's style and instrumentation don't have specific cultural ties.  While the video features a picture of Chhatrapati Shivaji Maharaj in the background suggesting a probable Indian origin, this is a minor detail and not central to the video’s theme, and the music remains culturally neutral. Therefore, there’s no meaningful cultural connection between the video and the music.
",train,True,data/revision/videos/cMpT90l4nzs.mp4,58.75875875875876,,09658830a3427296f5650f9d7f180ceaa03b9aed7c5380e2beea84f265f0e7cb
33680,cXULxgvctI4,https://www.youtube.com/watch?v=cXULxgvctI4,"Rhythm and Synchronization: The music has a medium, steady tempo with a distinct rhythmic pulse. However, it doesn't synchronize with the movements or transitions within the video. The video itself has minimal changes; the model subtly shifts her pose and weight, and runs her hand through her hair, but these actions are not emphasized by cuts or transitions. Therefore, the lack of defined transitions in the video means there are no points to directly synchronize with the music's beat or rhythmic changes.  This results in a perceived disconnect between the visual and auditory elements, where the music acts as a separate backdrop rather than an integrated component of the video.

Theme and Content: The video showcases a model displaying a floral dress against a wooden backdrop.  It aims to highlight the clothing and perhaps the model's style. The music, however, lacks a discernible theme that connects to fashion or modeling.  Its rhythmic electronic style doesn't particularly enhance or complement the visual narrative of showcasing a dress.  This creates a thematic dissonance where the music feels arbitrary and doesn't contribute to the core message of the video.

Emotion: The video projects an energetic and appreciative vibe, with the model's confident poses and subtle movements conveying a sense of self-assuredness and satisfaction with the attire.  The music, on the other hand, has a more generic, upbeat electronic feel. While it isn't necessarily melancholic or jarring, it doesn't specifically enhance the emotional tone established by the video. The music's emotional impact is relatively flat and doesn't amplify the energy or appreciation present in the visual aspect. This leads to an emotional disconnect between the two.

Cultural Relevance: Neither the music nor the video have strong cultural markers. The video's setting and the model's attire don't point to a specific cultural context. Similarly, the music is generic and doesn't contain recognizable elements from a particular culture. Thus, there is no cultural alignment or dissonance to analyze, as both elements remain culturally neutral. This lack of cultural specificity contributes to the overall impression that the music and video exist independently of each other.
",test,True,data/revision/videos/cXULxgvctI4.mp4,7.1,,a151df387fdde5fdf208c3abedf394dfbf8d9eabf89bb67b476e1a82364db8e9
8526,cYMOjDQFItY,https://www.youtube.com/watch?v=cYMOjDQFItY,"Rhythm and Synchronization: The upbeat tempo of the music contrasts with the relatively calm pace of the video. The little girl methodically examines and plays with her Valentine’s Day gifts, creating a gentle, unhurried rhythm. The music, however, maintains its brisk pace throughout, and the video transition at 0:47, where the camera angle shifts to show the gifts spread on the table, doesn’t coincide with any change in the music.  This lack of rhythmic synchronization contributes to a sense of disconnect between the audio and visual elements.

Theme and Content: The video showcases a young girl happily exploring her Valentine’s Day gifts. The focus is on the simple joy of receiving and playing with presents. The music, on the other hand, presents a romantic, flirtatious theme. This thematic mismatch is quite apparent, as the childish innocence of the video doesn't align with the mature romantic undertones of the song.  The music doesn’t enhance the video’s narrative, instead creating a sense of disjunction.

Emotion: While both the video and music exhibit positive emotions, their specific nature differs significantly. The video portrays childlike happiness, curiosity, and excitement. The little girl's expressions and actions radiate genuine joy as she interacts with each gift. The music, however, evokes romantic excitement and flirtation, a more complex emotional landscape that doesn’t resonate with the innocence of the video. This partial emotional coherence creates an interesting juxtaposition. The music's energy adds a layer of dynamism, but it doesn't necessarily elevate the video's inherent emotional impact, which is already quite strong due to the child's natural charm.

Cultural Relevance: The video primarily reflects the common cultural practice of exchanging gifts on Valentine's Day, a celebration of love and friendship observed globally. The music's theme also aligns with the broader cultural associations of romance and Valentine’s Day. However, there are no specific geographical or cultural elements beyond the general theme of Valentine's Day present in either the video or music. This shared, yet broad, cultural context forms a weak link between the two elements.  Neither the music nor video delve into any specific cultural nuances, creating a superficial level of cultural relevance.
",val,True,data/revision/videos/cYMOjDQFItY.mp4,57.2,,a3927a4dc9fc9c4444d98ab4da5980128d7b44f0d0c85a2112152dbc38c82d3e
33671,cbYHfzcKgNg,https://www.youtube.com/watch?v=cbYHfzcKgNg,"Rhythm and Synchronization: The music maintains a consistent, moderately fast tempo throughout, while the video's pace varies.  The video progresses through a series of actions showcasing a recipe—adding ingredients, mixing, and frying.  Since there are no distinct transitions marked by cuts or significant changes in the visuals, there’s no opportunity for synchronization with the music. This leads to a sense of rhythmic detachment between the audio and visual elements, where the music acts as a backdrop rather than an integral part of the video's rhythmic structure.

Theme and Content: The video centers on the preparation of a chicken dish, presenting a step-by-step visual guide.  The music, a Bollywood-style song, carries a romantic or emotional theme, which is entirely unrelated to the culinary focus of the video. There is a clear thematic dissonance, as the music doesn't reinforce or relate to the video's message of creating a specific dish. The music neither adds narrative depth nor enhances the cooking demonstration.

Emotion: The video evokes feelings of appreciation and creativity, as viewers observe the process of creating a delicious-looking dish. It likely inspires a desire to try the recipe, fostering a positive and engaging viewer experience. The music, however, presents a different emotional landscape. Its Bollywood style often expresses love, longing, or other intensely emotional themes. The upbeat and melodious nature might evoke joy or excitement, which clashes with the more practical, appreciative tone of the video. Consequently, there is a disconnect in emotional coherence, with the music's emotional intensity contrasting the video's more subdued, creative spirit.

Cultural Relevance:  The video focuses on a cooking process, potentially hinting at the cuisine it represents through the spices and ingredients used. While these might suggest a specific cultural context, the video itself doesn't explicitly highlight any particular cultural elements. The music, with its Bollywood sound, clearly points to Indian culture. However, this connection isn't reinforced within the video, creating a cultural mismatch. The lack of visual cues linking the food to the music's cultural origin diminishes the opportunity for a cohesive cultural narrative.
",train,True,data/revision/videos/cbYHfzcKgNg.mp4,23.566666666666666,,0e51c4fb3997d44c3c5e9a1a9498fbf2868db3032e7ba65355ac65ba396643ca
8221,cnqoN3ZpQ-4,https://www.youtube.com/watch?v=cnqoN3ZpQ-4,"Rhythm and Synchronization: The music and video in this piece exhibit a dynamic and generally well-aligned rhythmic relationship. The music's tempo varies, seamlessly shifting between slower, more reflective passages and upbeat, celebratory sections. This variation in tempo effectively mirrors the changing pace of the visuals. For instance, at the 0:04 mark, a distinct shift in the music coincides with the transition to a scene of children playing in the snow, creating a lively, joyful atmosphere. Similarly, at 0:46, another marked change in the music accompanies a shift to a calmer, more intimate scene of puppets gathered around a table, reflecting the shift in the visual narrative. The rhythmic coherence between audio and visual elements contributes significantly to the overall effectiveness of the video.

Theme and Content: The music's theme strongly complements the video's content. The cheerful, celebratory melody and the lyrics, even without understanding the specific language, clearly evoke the spirit of a festive occasion. This thematic alignment is further reinforced by the visuals, which depict various scenes associated with Chinese New Year celebrations, including traditional decorations, festive gatherings, and cultural performances. The music enhances the video's message of joy, hope, and renewal associated with the New Year, creating a cohesive and engaging viewing experience.

Emotion: Both the music and the video convey a predominantly happy and optimistic tone, creating a strong sense of emotional coherence. The upbeat melody and celebratory lyrics of the music evoke feelings of joy and excitement. This emotional tone is mirrored in the visuals, which depict scenes of cheerful celebration and togetherness. The music effectively elevates the emotional impact of the video, amplifying the sense of happiness and anticipation associated with the New Year. A brief, more reflective passage in both music and visuals around the 0:20 mark adds a layer of depth to the overall emotional landscape, hinting at the passage of time and memories of the past, but the overall mood remains positive and uplifting.

Cultural Relevance: The video and the music share explicit cultural elements related to Chinese New Year customs. The music, presumably in Mandarin Chinese, reinforces the cultural context of the video, which features traditional decorations like lanterns and red envelopes, symbolic imagery like the dragon and lion dances, and depictions of family gatherings and festive activities, all essential aspects of Chinese New Year celebrations. The accurate and respectful portrayal of these cultural elements adds depth and authenticity to the video, further enhancing its impact and resonance with viewers familiar with the cultural context. The inclusion of Indonesian translations in the lyrics hints at broader cultural exchange and outreach.
",train,True,data/revision/videos/cnqoN3ZpQ-4.mp4,59.733333333333334,,1c1ced606d5a23244d750673bfcdfebcdbaf975cff4206db6a8468fb1e4fe81d
41751,d_SceusUbYc,https://www.youtube.com/watch?v=d_SceusUbYc,"Here is an analysis of the provided video and music based on the given labels:

Rhythm and Synchronization: The video features several distinct scenes depicting ballet performances with different tempos and styles. These scenes transition at approximately 0:04, 0:10, 0:17, 0:24, 0:31, and 0:34. While the music maintains a consistently fast pace, it doesn't adjust to the changing visual rhythm of these scene transitions.  For instance, the transition at 0:40, a point where the video moves from performance footage to promotional material, occurs without any corresponding shift or emphasis in the music. This sustained tempo creates a disconnect between the auditory and visual elements, making the pairing feel rhythmically mismatched.  The music feels imposed rather than integrated, particularly as the scenes shift and showcase diverse styles of ballet.


Theme and Content:  The music and the video are thematically unrelated. The video showcases various ballet excerpts, seemingly from different classical productions including ""Swan Lake"" and ""The Nutcracker."" The visual content centers around the art of ballet itself, highlighting both ensemble work and solo performances. However, the music lacks any discernible thematic connection to the ballet. It doesn't evoke any specific story or character from these classic ballets, nor does it create a broader atmosphere related to dance or performance.  Instead, it seems disconnected, neither supporting nor contradicting the video's message of showcasing the grace and artistry of ballet.


Emotion: The video aims to evoke a sense of appreciation and admiration for the elegance and technical skill of the ballet dancers.  The performances shown, with their graceful movements and dramatic poses, are likely intended to inspire awe and respect in the viewer. However, the fast-paced, almost frenetic, nature of the music creates a sense of urgency and excitement which clashes with the intended emotion. This dissonance hinders the emotional impact of the video. The music doesn't enhance the viewers' appreciation but rather introduces an unrelated emotional layer, potentially distracting from the ballet itself.


Cultural Relevance: Neither the music nor the video strongly emphasizes cultural elements. The video focuses on ballet as an art form, featuring excerpts likely from classical European ballets like ""Swan Lake"" and ""The Nutcracker,""  but doesn't delve deeper into the specific cultural context of these works. The music, too, seems devoid of any particular cultural markers. This lack of cultural specificity creates a sense of detachment and doesn't provide any broader geographical or historical grounding for the video's subject matter. The video snippets of ""Swan Lake"" and ""The Nutcracker"" hint at the rich European tradition of ballet, but these cultural elements remain unexplored and unexploited by the music.
",train,True,data/revision/videos/d_SceusUbYc.mp4,46.93333333333333,,597d32d07d9e9e4fcfec51170d100aaaad78ff9ff7e6ace0e9c9d2a3d0ea3140
22365,dbKqeHQ44kk,https://www.youtube.com/watch?v=dbKqeHQ44kk,"Rhythm and Synchronization: The music maintains a consistent, moderately fast tempo throughout, while the video progresses through a series of distinct cooking steps. Since there are no specific synchronization points indicated, the rhythmic relationship between the audio and video appears generally unrelated.  The video's pace, dictated by the actions of food preparation, doesn't synchronize with the music's rhythm. This creates a sense of detachment between the two, where the music plays as a background track rather than an integrated element.

Theme and Content: The music's lyrics express a devotional theme, focusing on a relationship with a higher power. The video, on the other hand, presents a straightforward cooking demonstration. This thematic disparity contributes to a sense of disconnect. The music doesn't enhance or relate to the video's culinary focus, offering no narrative supplement or thematic connection.

Emotion: The music conveys a sense of reverence and devotion, while the video aims to evoke feelings of creativity and appreciation for the cooking process.  While both music and video possess a positive emotional tone, the specific emotions they express differ significantly. This partial consistency in emotional valence doesn't create a strong emotional coherence. The music, due to its unrelated thematic content, doesn't elevate the emotional impact of the cooking demonstration. Instead, it serves as a separate emotional layer, distinct from the visual content.

Cultural Relevance: Neither the music nor the video exhibit any explicit cultural markers.  While the cooking style might suggest a particular regional cuisine, it's not explicitly identified. The absence of defined cultural elements in both audio and video prevents any meaningful analysis of shared cultural relevance or geographical references. They remain culturally unrelated.
",train,True,data/revision/videos/dbKqeHQ44kk.mp4,56.1,,b4ad4bc549c4efdb776f490266b35438d41667edb34dd8c24cc8968454f71925
13856,dpzrkxKcZsk,https://www.youtube.com/watch?v=dpzrkxKcZsk,"Here's a detailed analysis of the video and music, incorporating the provided timestamps and labels:

**Rhythm and Synchronization:** The video features frequent transitions, showcasing various in-game screens and elements. The music, a fast-paced, energetic track, doesn't synchronize well with most of these transitions.  However, at the 25-second mark, there's a noticeable alignment as the music shifts subtly just as the video transitions to displaying the accumulated coins. This single point of synchronization, though brief, creates a momentary sense of rhythmic cohesion.  Overall, the rapid pace of the video edits and the constant energy of the music, despite their largely independent progressions, create a somewhat frenetic overall feel.

**Theme and Content:** The video centers on a mobile game, displaying shop offers, character upgrades, and reward screens.  The upbeat, possibly motivational tone of the music doesn't particularly enhance or relate to the specific content displayed in the video. The visuals focus on the mechanics and progression within the game, while the music seems more suited for general excitement or action. The thematic disconnect is further evident by the lack of any shared narrative or messaging between the audio and visual components.

**Emotion:** The video primarily presents information and gameplay elements without a distinct emotional tone.  There is no narrative or character interaction to evoke specific feelings. While the overlaid crying emoji attempts to inject a sense of frustration or disappointment, this feeling clashes with both the upbeat nature of the music and the generally neutral presentation of the game interface. The music expresses energy and drive, feelings that don't align with the intended emotional message of the emoji. This misalignment results in an emotionally incoherent experience.

**Cultural Relevance:** Neither the music nor the video exhibits any discernible cultural elements. The game's visuals are generic and don't reflect any specific cultural context. The music is also stylistically neutral, lacking any instrumentation or lyrical content that would suggest a particular cultural origin.  As a result, there's neither a shared cultural ground nor any cultural dissonance between the two. They simply exist in separate realms of cultural neutrality.
",train,True,data/revision/videos/dpzrkxKcZsk.mp4,60.0,,2383ceb83586622e398fa11d88cccc30a00e17be16528c4e7cd935610dfb75b9
37386,e1LUxuvHGhE,https://www.youtube.com/watch?v=e1LUxuvHGhE,"Rhythm and Synchronization: The music maintains a fast tempo throughout, creating a lively and energetic backdrop. However, the synchronization with the video is largely inconsistent. While the music and video cuts align briefly at the 0:03 mark with a shift in both the visual and the music, for the remainder of the video, the fast-paced cuts don't have corresponding changes in the music. This disconnect between visual and auditory rhythms results in a lack of overall rhythmic coherence. The rapid succession of video clips, showcasing various individuals and settings, feels disjointed from the steady flow of the music. This suggests that the music wasn't specifically chosen or edited to synchronize with the video's transitions, resulting in a mismatch.

Theme and Content: The music's lyrical content, touching on themes of love and connection, doesn't appear to directly relate to the diverse array of video clips presented. The video features individuals in various contexts, from casual hangouts to solo performances, none of which seem to explicitly connect to the romantic undertones of the music. The absence of a clear narrative thread in the video further emphasizes this thematic dissonance.  The video aims for a dynamic showcasing of personalities, while the music maintains its own separate narrative. This separation creates a feeling of disconnection between the two elements.

Emotion: The music exudes a generally upbeat and cheerful vibe. However, the emotional tone of the video is more complex and multifaceted. While some clips portray cheerfulness and confidence, others lean towards more relaxed or appreciative expressions. This variety in emotional portrayal creates a mismatch with the consistently upbeat music. The music doesn't necessarily elevate or enhance the emotional impact of the video due to this discrepancy. While both video and music have positive elements, the range of emotions displayed in the video isn't mirrored by the music, preventing a unified emotional experience.

Cultural Relevance: Neither the music nor the video seem to emphasize any specific cultural elements. The video features individuals from diverse backgrounds, yet lacks specific cultural markers. Likewise, the music doesn't incorporate distinct cultural instrumentation or lyrical themes. This absence of a shared cultural context doesn't inherently create a mismatch, but rather contributes to the overall impression of the two elements existing independently. The focus is on individual expressions and general moods rather than specific cultural narratives, creating a sense of universality but without a distinct cultural anchor.
",train,True,data/revision/videos/e1LUxuvHGhE.mp4,12.0,,0301826d6960d3f40c173dcf07131951ebb26b47847f29a8d24299ca918cf6bd
18764,eHgAG7Fy3-4,https://www.youtube.com/watch?v=eHgAG7Fy3-4,"Rhythm and Synchronization: The music maintains a medium tempo throughout, which aligns reasonably well with the overall relaxed and leisurely pace of the video depicting people enjoying a park. The video itself doesn't have distinct transitions or cuts that would require specific synchronization with musical changes. The steady rhythm of the music complements the continuous, flowing nature of the video, creating a sense of calm and continuity.

Theme and Content: The video showcases a slice of everyday life in a park with people engaging in various recreational activities like volleyball, slacklining, and relaxing on the grass. The music, however, doesn't have a clear thematic connection to these activities. It lacks specific musical cues or changes that would directly correspond to or enhance the events unfolding in the video. As such, there is a thematic disconnect between the two.

Emotion: The video primarily evokes a sense of tranquility and casual enjoyment, with people appearing relaxed and engaged in their activities. The music, on the other hand, doesn't convey a strong emotional tone. While not jarring, it doesn't particularly enhance or complement the peaceful atmosphere of the video. The emotional impact of the video would likely remain largely unchanged even without the music.

Cultural Relevance: Neither the video nor the music presents any discernible cultural elements. The video simply depicts a common scene in a public park, while the music is generic and doesn't carry any specific cultural connotations. There are no explicit geographical references in either, and no cultural connection between the two is apparent. The video could be from anywhere in the world, and the music doesn't provide any cultural context.",test,True,data/revision/videos/eHgAG7Fy3-4.mp4,60.0,,f97b5421f4178be634047aad4637e3fd05e15fcca333dfb8cf46a061e9425e0a
18877,eMv-qz21wlQ,https://www.youtube.com/watch?v=eMv-qz21wlQ,"Rhythm and Synchronization: The music has a fast tempo and a distinct beat, while the video is a single, static image. This creates a significant mismatch in rhythm and synchronization. The lack of visual movement or transitions in the video means there are no points of synchronization with the musical beats or changes. The music's energy contrasts starkly with the video's stillness, leading to a sense of disconnection.

Theme and Content: The music's theme appears to be about the creation process and gratitude, possibly referring to a musical project. The video portrays a child gazing upwards at floating particles, which might be interpreted as wonder or contemplation. These themes don't have an obvious connection. The spoken word element in the music doesn't relate to the visuals in any discernible way.  The music discusses personal experiences, while the video offers a generalized image of childhood awe.

Emotion: The music conveys a sense of excitement and thankfulness through its fast tempo and positive lyrics. In contrast, the video evokes a feeling of quiet wonder and peace. The child's expression is serene, the colors are muted, and the overall atmosphere is calm. This disparity in emotional tone creates a disconnect between the audio and visual elements. The music's energy clashes with the video's tranquil atmosphere.

Cultural Relevance: There are no apparent cultural elements in either the music or the video. The music focuses on the creator's personal experience, while the video depicts a universal human emotion – childlike wonder.  There are no specific geographical references or cultural cues in the video or lyrics. The absence of any shared cultural elements further emphasizes the unrelated nature of the two media.
",train,True,data/revision/videos/eMv-qz21wlQ.mp4,21.166666666666668,,740e564e986ced2514419c90c7cf0c3525f9546e784bc160e857ef2d4fd8bb8b
23002,eOORXsl_oz0,https://www.youtube.com/watch?v=eOORXsl_oz0,"Here's an analysis of the video and music, incorporating the provided labels:

Rhythm and Synchronization: The music's tempo is generally upbeat and dynamic, varying between more relaxed sections and moments of heightened energy. This varied pace is mirrored in the video's choreography, which shifts between slower, more deliberate movements and faster, more energetic sequences. A clear example of this alignment is at the 10-second mark, where a distinct change in the music coincides perfectly with a transition in the dance routine.  While the bulk of the choreography doesn't rely on sharp transitions, the music does a good job of supporting the overall feel and energy level of the dance.


Theme and Content: The video features two individuals performing a choreographed dance routine. The music, with its lyrics centered around self-assuredness and independence, doesn't directly relate to the dance itself.  The video's primary focus is the visual presentation of the choreography, and the music serves mainly as a rhythmic backdrop rather than a narrative enhancement. While not explicitly dissonant, the themes of the music and video exist independently.


Emotion: The video projects a generally happy, energetic, and cheerful mood through the dancers' expressions and the dynamic choreography. The music's upbeat tempo and confident lyrics contribute to a similar feeling of energy and self-assurance. However, the specific emotional tones aren't perfectly aligned. While both are positive, the video focuses on the joy and dynamism of the dance, while the music leans more towards an attitude of sassy independence. This creates a partially consistent emotional experience, enhancing the energetic aspect but not entirely matching the nuances of the video's cheerfulness.

Cultural Relevance:  Neither the video nor the music features prominent cultural elements. The dancers' attire and the dance style are contemporary and don't specifically tie into any particular culture. The music similarly lacks distinct cultural markers.  Both elements are relatively culturally neutral, without any specific geographical references or cultural themes.
",train,True,data/revision/videos/eOORXsl_oz0.mp4,59.166666666666664,,3c6fa9e38513d45baeb8969bf1bba08c1962ee986ba9a6a8199747703ae19c71
39278,ePIcPf9ec5c,https://www.youtube.com/watch?v=ePIcPf9ec5c,"Rhythm and Synchronization: The music maintains a medium tempo throughout, which generally aligns with the video's overall pace. The video itself has two distinct sections: a conversational intro and a promotional segment showcasing a tour poster. While the music doesn’t drastically shift at the transition to the poster at 0:06, the lack of a prominent musical change corresponds with the smooth visual transition, creating a sense of rhythmic coherence. The consistent energy of the music complements the energetic dancing in the second half of the video. However, the music itself does not feel intrinsically connected to the specific movements of the dance or any other visual cues.

Theme and Content: The video primarily promotes a music tour in Australia. The music, however, doesn't appear to share any thematic connection with the tour, Australia, or the genre of music the artist performs.  The music's upbeat and somewhat repetitive nature doesn't particularly enhance or detract from the video’s message, functioning more as a sonic backdrop than a thematic complement.

Emotion: The video exudes happiness, energy, and cheerfulness. The creator’s expressions and enthusiastic dance moves contribute to this lively atmosphere. While the music has an upbeat quality that could be interpreted as energetic, it doesn’t specifically evoke happiness or cheerfulness in the same way as the visuals. The chosen track feels somewhat emotionally detached from the vibrant and expressive nature of the video.

Cultural Relevance:  The video clearly references Australian culture by highlighting the tour locations within the country. However, the music itself doesn't contain any discernible cultural elements or geographical references. There is no apparent cultural connection between the chosen music and the video's Australian theme, creating a disconnect in cultural relevance.
",train,True,data/revision/videos/ePIcPf9ec5c.mp4,11.033333333333333,,542ff0fa966e4c9b3041a2a7f3ebdf6d410acb195b206854e469e7cf5cf02935
28204,efAaz96wATQ,https://www.youtube.com/watch?v=efAaz96wATQ,"Rhythm and Synchronization: The video showcases a series of percussion instruments being played, each for a short duration. The music maintains a medium tempo throughout, consistently aligning with the visual pace.  Since there's a lack of dynamic video transitions or cuts within each instrument segment, there isn't a noticeable synchronization or desynchronization between visual and auditory changes. The rhythmic flow remains steady, creating a sense of continuous exploration of different sounds.


Theme and Content: The video's content centers on presenting a variety of percussive instruments. While the music itself is percussive in nature, it doesn't directly relate to the specific instruments being showcased. Instead, it functions as a backdrop, creating a rhythmic atmosphere that supports the visual demonstration. It could be argued that the music's percussive nature broadly matches the video's theme of exploring various percussion sounds, but there isn't a direct thematic connection between the specific music played and the instruments shown on screen.


Emotion: The video evokes a blend of energetic curiosity and relaxed observation.  The consistent tempo and rhythmic quality of the music complements the relaxed observation of the instruments. The music itself maintains a generally neutral emotional tone, neither particularly joyful nor melancholic. This neutrality allows the visual focus to remain on the instruments and their unique sounds, contributing to a sense of exploration and discovery. However, it could be considered that the music doesn't fully capture the energetic curiosity hinted at by the rapid showcasing of different instruments.


Cultural Relevance: Neither the video nor the music explicitly presents any distinct cultural elements. The focus remains firmly on the instruments themselves, with no discernible geographical references or cultural associations. This lack of cultural specificity gives the video a broader appeal, allowing viewers to engage with the sounds without being influenced by any specific cultural context. However, one could argue that the inclusion of instruments like the Thai nipple gongs introduces a subtle cultural element that could have been further explored in the music.


",test,True,data/revision/videos/efAaz96wATQ.mp4,58.166666666666664,,7068737753a4ea99e7dcc1ee967848edc2ea2000eb0955b3e62b96b3d96a07bb
15214,emEwb62b6Dg,https://www.youtube.com/watch?v=emEwb62b6Dg,"Rhythm and Synchronization: The music maintains a consistent, moderate tempo throughout its duration. The video, however, features a series of cuts between different robots and perspectives. Since there's no clear rhythmic synchronization between the music and these visual transitions, the overall effect feels somewhat disjointed. The lack of significant dynamism or major changes in the video further emphasizes this disconnect.

Theme and Content: The video presents a conversation between a group of robots, seemingly discussing a technical issue or malfunction. The content of their dialogue focuses on problem-solving and the implications of overriding programmed instructions. The music, on the other hand, doesn't appear to relate to themes of artificial intelligence, technology, or programming. It lacks a clear narrative or thematic connection to the video's content.

Emotion: The robots in the video speak in a matter-of-fact tone, with little emotional expression. Their dialogue relays information about a technical problem, but there's no sense of urgency, panic, or other discernible emotion. Similarly, the music has a neutral emotional tone, and it doesn't evoke any strong emotions. While the lack of strong emotion in both the music and the video creates a sense of coherence, the music doesn't particularly elevate or amplify any underlying emotional subtext within the visual narrative.

Cultural Relevance: The video primarily portrays a futuristic or technologically advanced setting, with no specific cultural elements readily apparent. Similarly, the music doesn't appear to be rooted in any particular culture or geographic location. It doesn't contain any readily identifiable cultural markers or references, which reinforces the overall sense of thematic and cultural detachment between the two elements.
",train,True,data/revision/videos/emEwb62b6Dg.mp4,50.63333333333333,,24f2fb966ccce1982f8802fd6d0b1d0c4448e43c1ff6bb665dede15d5bca4e5a
38069,epUxv41JPYg,https://www.youtube.com/watch?v=epUxv41JPYg,"Here is an analysis of the provided video and music, incorporating insights from the labeled tags:

Rhythm and Synchronization: The video maintains a consistent, medium pace throughout, primarily displaying text on a static black background. The music, a tranquil, instrumental piece with a steady rhythm, aligns well with this unhurried visual presentation. The absence of significant visual transitions or scene changes means there's no opportunity for complex synchronization between music and video.  However, this lack of dynamism doesn't detract from the overall sense of rhythmic coherence. The music’s steady tempo complements the measured unveiling of the text, creating a unified, contemplative atmosphere.

Theme and Content: The video presents text, presumably poetry or lyrics, in the Tamil language. The music, while calming and pleasant, doesn’t appear to directly relate to the specific content of the text.  It functions more as a backdrop, setting a general mood rather than specifically illustrating or interpreting the narrative within the text. This suggests an independent narrative where the music and video coexist but don’t actively enhance or detract from each other's message.

Emotion: The video itself is largely neutral in its emotional tone. The focus on text presentation doesn't evoke any specific emotion. The music, however, has a distinct tranquil and peaceful quality.  This creates a slight dissonance in terms of emotional coherence.  While the music’s tranquility doesn’t clash with the video, it also doesn’t necessarily amplify or complement any inherent emotional content within the video's text.  The overall emotional impact is primarily driven by the music.

Cultural Relevance: The text within the video clearly points to Tamil culture through the language used. However, the music itself doesn’t contain any discernible cultural markers. It has a universal, rather than culturally specific, feel.  Therefore, there's no strong cultural connection between the two elements. The video’s cultural relevance stems solely from the Tamil text, while the music remains culturally neutral.
",train,True,data/revision/videos/epUxv41JPYg.mp4,60.0,,24c009e7d18abcc1396d7b189607293974c8a3bd1e39f62b53b0f75b2b7819ef
20657,f1Cys2Pa9yQ,https://www.youtube.com/watch?v=f1Cys2Pa9yQ,"Here's a detailed analysis of the provided video and music, taking into account the nuances of the labels:

Rhythm and Synchronization: The music maintains a consistent, mid-tempo groove throughout. This aligns well with the video's relatively steady pace, presenting a series of gadget showcases without rapid or jarring cuts.  The music doesn't react specifically to every individual transition, instead providing a consistent sonic backdrop. This creates a sense of smooth progression as the video moves from one gadget to the next, preventing a disjointed feel that could arise from overly-synced music.  

Theme and Content: The music possesses a modern, electronic feel.  While not directly related to the video's specific content about gadgets, it contributes to a general atmosphere of technological advancement. However, the music doesn't specifically underscore the features or functionalities of each gadget presented. There's no sense that the music is designed to highlight or narratively enhance the video's core message. The connection is more ambient than thematic.

Emotion: The music conveys a neutral, almost unemotional vibe, focusing on rhythmic drive rather than melodic expressiveness.  This aligns with the video's straightforward, informational presentation style. The video itself lacks strong emotional cues, prioritizing product showcasing over evoking specific feelings. Therefore, while the music and video exist in a similar emotional space, the music doesn't necessarily amplify the emotional impact; rather, it coexists with the video's neutrality.

Cultural Relevance:  Neither the music nor the video exhibits any overt cultural signifiers. The focus remains firmly on the technology being presented, without any attempt to connect it to specific cultural contexts or geographical locations. The visuals and sound remain generalized and universally applicable, making the overall presentation neutral in terms of cultural relevance.
",train,True,data/revision/videos/f1Cys2Pa9yQ.mp4,48.333333333333336,,4ed01c4e1e86d726ee321b2980426208253d79c58c7138afb37618991b2c42a6
28019,f87o8tu4cGk,https://www.youtube.com/watch?v=f87o8tu4cGk,"Rhythm and Synchronization: The music maintains a consistent, mid-tempo beat throughout the video. Given that the video consists primarily of the presenter speaking and graphic overlays appearing on screen, there's no significant action or rapid transitions for the music to synchronize with. This lack of dynamic visuals necessitates a simpler, less variable music track to maintain coherence. The steady rhythm of the music provides a neutral backdrop for the information being presented, avoiding distractions and allowing the viewer to focus on the speaker's words. While not explicitly synchronized to visual changes, the music's steadiness supports the overall flow of information, creating a somewhat harmonious relationship.

Theme and Content: The upbeat, almost generic feel of the electronic music contrasts with the informational content of the video. The video focuses on providing factual details about a specific mobile phone.  This creates a slight dissonance between the lightheartedness of the music and the practical nature of the content. While the music isn't entirely inappropriate, it doesn't directly support or enhance the video's message. A more neutral or even slightly technical soundtrack might have been a more natural fit for a product review.

Emotion: The video maintains a neutral and informative tone, with the presenter conveying information without any significant emotional expression.  The music, on the other hand, possesses a subtle upbeat and positive undertone typical of electronic music. This creates a disparity in emotional expression between the two elements. The music's subtle emotion doesn't clash directly with the video's neutrality but fails to elevate or amplify any particular emotion.  It serves primarily as background filler rather than a tool to heighten emotional engagement.

Cultural Relevance: The video, focused on a product review, has no discernible cultural elements. The music, likewise, is a relatively generic electronic track devoid of specific cultural markers. Therefore, there are no shared cultural elements between the two, and no cultural references to analyze in terms of relevance or accuracy. This absence of cultural connection is not surprising, given the video's focus on product features and the music's background role. Neither seeks to establish or explore any cultural identity or context.
",train,True,data/revision/videos/f87o8tu4cGk.mp4,49.0,,1fba7fa6b5d23d0c849164d4f6908f8f2021fc840e40cee04d3d59ac9266e20f
22477,fKJG4I4nx3U,https://www.youtube.com/watch?v=fKJG4I4nx3U,"Rhythm and Synchronization: The music maintains a slow, gentle tempo throughout, mirroring the unhurried pace of the video. The animation itself is simple, with minimal movement except for a few key transitions. At approximately the 16-second mark, there’s a noticeable shift in the video as the camera zooms in on the bear hugging the heart. This transition coincides precisely with a change in the music, creating a sense of rhythmic coherence and emphasizing the bear's contentment. The consistent slow tempo of both the music and the visuals contributes to a peaceful and calming atmosphere.

Theme and Content: The music and video are indirectly related in terms of theme and content. The video focuses on a cute bear interacting with a digital heart image, possibly received on a phone, which is then embraced physically. This suggests a longing for affection or the cherishing of a loving message. The music, while not directly mirroring this narrative, provides a gentle, almost lullaby-like backdrop that doesn't clash with the video's message. While the music doesn't explicitly advance any particular story, its soothing nature underscores the overall feeling of gentle affection presented visually.

Emotion: The video portrays a rather neutral, or perhaps mildly positive emotional tone, primarily conveyed through the bear's subtle expressions.  There is a sense of quiet contentment as the bear hugs the heart. The music's style aligns with this subdued emotionality. Its gentle melody and slow tempo evoke a sense of peace and tranquility. While the music doesn't dramatically amplify the video's emotional impact, it maintains a consistent mood that's complementary to the video's gentle and heartwarming visuals.

Cultural Relevance: There aren't any overtly identifiable cultural elements in either the music or the video. The focus is on a universal experience of affection, represented by the heart imagery and the bear’s actions. The simplicity of the animation style and the music avoids any specific cultural references, allowing the message of gentle affection to resonate across a broad audience. Both the visual and auditory elements are culturally neutral, which makes the overall piece quite versatile and universally appealing.
",train,True,data/revision/videos/fKJG4I4nx3U.mp4,20.533333333333335,,47d9dc482fc0f61b02786ce9d29d4ed565bccb4aedda8bf6e83a31ff02186c92
24953,fLW-TTZqST8,https://www.youtube.com/watch?v=fLW-TTZqST8,"Here is a detailed analysis of the provided video and music based on the given labels:

**Rhythm and Synchronization:** The video maintains a fast pace, swiftly transitioning between images of different animals. The music's tempo aligns well with this rapid visual progression, creating a sense of dynamic energy.  The music changes synchronously with the video at the 6-second mark, coinciding with the shift from an introductory montage to a focused image of a sailfish. This synchronization accentuates the introduction of the first animal on the list.  Around the 27-second mark, as the video transitions from the bat to the needletail, there's a shift in the music. While not perfectly synchronized, this near-transition musical change adds subtle emphasis to the video's quick cuts. 

**Theme and Content:** The video presents a countdown of the top 10 fastest animals, offering a factual and educational perspective. The music, however, doesn't explicitly relate to this theme.  While the music's fast tempo somewhat aligns with the idea of speed, it doesn't specifically enhance the video's educational message. It does create an air of excitement and intrigue. It could be seen as indirectly related in the sense that fast music evokes fast movement, although there is no clear thematic connection to the animal kingdom.

**Emotion:** The video primarily focuses on presenting factual information, with the visuals of the animals not evoking strong emotional responses. Similarly, the music is more rhythmic and energetic than emotionally charged. This emotional neutrality in both the video and the music leads to a sense of coherence, albeit in a neutral way. The music does not enhance the video, as neither one elicits a very strong emotional response.

**Cultural Relevance:** Neither the music nor the video incorporates notable cultural elements. The video features animals from various geographical locations, presented in a purely factual manner, and the music is not specific to any culture. There are no evident geographical references in the music, and the diverse habitats of the animals shown in the video don't appear to influence the music's style or content. The music appears to be a generic royalty-free piece that does not express any cultural element.
",train,True,data/revision/videos/fLW-TTZqST8.mp4,36.766666666666666,,6be129332f514f19ce40983873d4ce3c42c73a842ba2e23b7761f9bea218c106
10017,fVO-2l00MkU,https://www.youtube.com/watch?v=fVO-2l00MkU,"Rhythm and Synchronization: The music maintains a consistent medium tempo throughout, which generally aligns with the video's pace.  The video progresses through a series of steps in modifying a toy car, and the steady beat of the music provides a backdrop without directly synchronizing with each individual action. Since there aren't significant shifts in the visual pacing or editing, the music doesn't need to adapt its rhythm. This creates a somewhat detached but not jarring rhythmic relationship.


Theme and Content: The video demonstrates how to upgrade a toy car's battery, while the music has a generic, upbeat feel. There is no thematic connection between the practical, instructional nature of the video and the music. The music doesn't enhance the video's message or narrative; it simply serves as background audio. 


Emotion: The video primarily evokes a sense of surprise as the viewer witnesses the transformation of the toy car. The music, on the other hand, conveys a sense of general positivity. This creates a dissonance between the two. The surprise generated by the car modification isn't reflected or amplified by the music.


Cultural Relevance: Neither the video nor the music features any discernible cultural elements. The focus is solely on the technical modification of the toy car and generic background music, respectively. There are no specific geographical references in either, so there's no basis for assessing cultural alignment or misalignment.
",val,True,data/revision/videos/fVO-2l00MkU.mp4,38.938900000000004,,df8b249d8576715b6daa68db10be0a0b2c30409c59189fc7838a60a6f4ec14e9
9649,f_fKXAvmXyk,https://www.youtube.com/watch?v=f_fKXAvmXyk,"Rhythm and Synchronization: The music's tempo is moderate, creating a relaxed yet emotive atmosphere. While the video primarily features the singer performing, there's a noticeable shift in the music around the 5-second mark, coinciding with the start of the lyrics.  This shift isn't perfectly synchronized with any distinct visual change but aligns with the lyrical phrasing, enhancing the song's introduction. The overall synchronization is loose, with the music driving the experience rather than being tightly coupled to visual cues. The lack of dynamic visual transitions contributes to this feeling of loose synchronization, as the video focuses on the singer's performance against a static background.

Theme and Content: The song's lyrics express a sense of longing and regret, focusing on a lost relationship. This contrasts with the singer's relatively cheerful and confident demeanor in the video. This creates a thematic dissonance. The visual presentation of the song doesn't seem to directly support or amplify the message conveyed by the lyrics, resulting in a disconnect between the two. The Nike t-shirt and casual setting seem unrelated to the emotional weight of the lyrics.

Emotion: The music conveys a wistful and melancholic mood through its acoustic melody and the singer's expressive vocal delivery. However, the singer’s facial expressions and confident posture in the video project an air of cheerfulness, which clashes with the song's emotional core. This discrepancy creates a disconnect, preventing the visuals from effectively reinforcing the song's emotional depth.

Cultural Relevance: The video and music don't appear to share any distinct cultural elements. The focus remains solely on the singer's performance and the song itself, without referencing any specific geographical or cultural context. The visual elements, such as the singer's clothing and the setting, are contemporary and generic, lacking specific cultural markers. This lack of cultural specificity contributes to the video's neutral and universal presentation.
",test,True,data/revision/videos/f_fKXAvmXyk.mp4,17.166666666666668,,34211bec67093584b91977f9a794a144ff5e5ca836921a3d946bc0c089cd68de
21480,fgA9zCip39c,https://www.youtube.com/watch?v=fgA9zCip39c,"Rhythm and Synchronization: The video features a series of quick cuts showcasing different scenes from a musical performance.  The pace of these cuts is moderate, not excessively rapid but dynamic enough to convey a sense of energy. However, the background music maintains a consistent tempo and melody throughout, lacking any significant shifts or changes that would directly correspond to the visual transitions.  This creates a disconnect between the visual rhythm and the auditory rhythm. The music doesn't accentuate the cuts or changes in scene, resulting in a feeling of rhythmic independence rather than a unified, synchronized flow.

Theme and Content: The video appears to be centered around a female character in a period piece musical, possibly expressing a desire for escape or change.  The visuals suggest themes of longing, introspection, and perhaps a touch of defiance.  However, the overlaid music has a distinctly different character. Its upbeat, almost celebratory tone clashes with the apparent yearning and emotional complexity conveyed by the video clips. This thematic dissonance detracts from the narrative implied by the visuals, as the music doesn't reinforce or complement the story being told.

Emotion: The video evokes a complex range of emotions. The female character's expressions shift from yearning and hope to moments of quiet despair and contemplation. The visuals, particularly the close-ups on her face, suggest an internal struggle and emotional depth.  In contrast, the music projects a sense of carefree joy and excitement, creating an emotional imbalance. The music's cheerful tone undermines the more nuanced and melancholic emotions presented in the video, lessening the overall impact of the character's emotional journey.

Cultural Relevance: The video’s period costumes suggest a specific historical or cultural context, likely 18th or 19th century, based on the style of dress. This provides a visual anchor for the narrative. However, the contemporary pop music overlaid on the video has no discernible connection to this historical period. This cultural mismatch further disconnects the music from the video's content. The music doesn't reinforce or comment on the cultural setting depicted visually, leading to a sense of detachment between the auditory and visual elements.
",val,True,data/revision/videos/fgA9zCip39c.mp4,15.6,,362efe0d74a114ef9299831c2bf4565cc6ad9c4808fed93629bea7a9cad39b07
24376,fwV6M8acpsI,https://www.youtube.com/watch?v=fwV6M8acpsI,"Rhythm and Synchronization: The music's tempo is medium and generally aligns well with the video's pace. While the video mostly consists of screen recordings demonstrating the BandLab app's functionality, there are specific points where the music noticeably shifts or adds a layer in proximity to transitions in the app's interface. For example, around the 0:36 mark, as the vocals begin in the recording, a rhythmic element is introduced in the music.  Later, near 0:38, when the processed vocals are displayed, another musical change occurs. This creates a sense of rhythmic interplay between the video's actions and the music's progression, although the synchronization isn't perfectly precise at all transitions.

Theme and Content: The music's theme doesn't directly relate to the video's content, which focuses on a tutorial about recording a song using the BandLab app. The video aims to inform viewers about the technical aspects of the app, whereas the music seems to be a separate song being created within the app itself, serving as a demonstration of its capabilities. While the music is an example of what can be created using the app, it doesn't enhance the instructional narrative of the video.

Emotion: The video maintains a neutral, instructional tone without conveying any particular emotion. It simply showcases the app's features and how to use them. The music, however, has its own emotional undertones. The song snippet seems to be introspective and a bit melancholic in its delivery and lyrics. This creates an emotional disconnect between the video's objective, no-emotion demonstration and the music's expressive quality.

Cultural Relevance: Neither the video nor the music appear to have any significant cultural connections. The video focuses on the technical functionality of the BandLab app, and the music is a contemporary song without any discernible cultural markers or geographical references.  Both elements exist independently in this context, without shared or contrasting cultural elements.
",train,True,data/revision/videos/fwV6M8acpsI.mp4,44.93333333333333,,15ba973385ff4532a61e6aaf0e6591b953553c17fe1948082a2799f1d569651a
12424,g13f5LFRPRc,https://www.youtube.com/watch?v=g13f5LFRPRc,"Rhythm and Synchronization: The video maintains a consistently fast pace throughout, showcasing the quick preparation of a crab and corn soup dish. However, the music doesn't quite align with this rapid visual progression. The music has a more moderate tempo and a predictable, repetitive rhythm that doesn't react to the video's transitions. There's no discernible synchronization between musical changes and visual shifts, creating a sense of disconnect between the two. This lack of rhythmic coherence is particularly evident during actions like pouring the soup mix and water, stirring the mixture, and adding it to the vegetables. These actions have a natural rhythm, but the music fails to mirror or accentuate them.

Theme and Content: The video demonstrates the simple steps involved in making crab and corn soup, offering a practical and informative visual guide. The music, however, has a generic, upbeat feel that doesn't specifically relate to food or cooking. The themes are entirely unrelated, and the music doesn't contribute to the video's instructional message or enhance its narrative. There's a clear thematic dissonance: the video focuses on a specific culinary task, while the music offers a generalized, non-descriptive soundscape.

Emotion: The video evokes a sense of tranquility and calm efficiency, showcasing the effortless process of preparing a comforting meal. In contrast, the music, while upbeat, lacks any distinct emotional depth. It's neither particularly joyful nor melancholic, simply providing a neutral background. This disparity results in an emotional mismatch. The serene visuals are juxtaposed against the somewhat detached music, preventing the music from elevating the video's inherent tranquility.  Instead, the music's emotional neutrality undercuts the video's subtle emotional undertones.

Cultural Relevance: The video centers around the preparation of crab and corn soup, but the visuals and packaging don't offer any strong cultural clues. The music, similarly, lacks any distinct cultural markers.  Neither the video nor the music includes any recognizable geographical or cultural references, rendering the aspect of cultural relevance essentially neutral. They exist in separate spheres, with no shared cultural elements to bridge the gap.
",train,True,data/revision/videos/g13f5LFRPRc.mp4,31.566666666666666,,7909434f5143a4756998251733c736c7aa28163f282492e76fc1f279b1850e5b
23395,gFjfdqfepCk,https://www.youtube.com/watch?v=gFjfdqfepCk,"Rhythm and Synchronization: The music and video maintain a consistent, slow pace throughout. The video itself is a static image, depicting a cozy cafe scene with warm autumnal tones.  As there are no transitions or dynamic visual elements within the video, the music's steady rhythm acts as a gentle backdrop. This creates a sense of calmness and stillness, reminiscent of a quiet afternoon in a cafe. The absence of significant visual changes means there are no points of synchronization to analyze in detail. However, the overall rhythmic coherence between the constant, mellow music and the unchanging image is strong, enhancing the feeling of tranquility.

Theme and Content:  While the music and video don't directly relate in terms of narrative or specific events, they create a harmonious atmosphere. The warm, mellow tones of the music evoke a sense of comfort and relaxation, which complements the inviting ambiance of the cafe scene depicted in the video. The title “Colors of Autumn” and the image of a cafe bathed in warm sunlight suggest a connection to the autumn season, a time often associated with introspection and quiet enjoyment. The music supports this overall mood, even without a direct thematic link.

Emotion: The music evokes a sense of calm and peacefulness, with its gentle melody and steady rhythm. The video, being a static image, doesn't convey any specific emotions beyond a general sense of tranquility and warmth. The lack of explicit emotional cues in the video allows the music to take the lead in setting the emotional tone.  While there's no direct emotional narrative between the two, the music’s calm nature complements the still image, fostering a sense of relaxation and quiet contemplation.

Cultural Relevance: Neither the music nor the video displays any overt cultural markers or geographical references.  The cafe setting is a relatively universal concept, and the music itself doesn’t have any distinct cultural stylistic elements. The focus is on creating a specific mood and atmosphere rather than referencing any particular culture. Therefore, there’s no cultural dissonance between the two, as they both maintain a general, culturally neutral tone.
",train,True,data/revision/videos/gFjfdqfepCk.mp4,16.033333333333335,,63fb91bfb4014efb240d89fecb57a4112cbd0ceaf92a211ff183644ed6831163
461,gHJk8TH31Z4,https://www.youtube.com/watch?v=gHJk8TH31Z4,"Rhythm and Synchronization: The music maintains a medium, consistent tempo throughout, which generally aligns with the overall pace of the video showing a child playing on a slide. The video's actions, such as the child climbing the ladder, sliding down, and running back to the slide, flow smoothly, and the music's steady beat provides a backdrop that doesn't clash with these actions.  The relatively static nature of the video, primarily focused on a single activity, means a highly dynamic synchronization isn't necessary to achieve a sense of cohesion.

Theme and Content: Thematically, the music and video don't have a clear connection. The music, a Hindi pop song, seems to center around playful, perhaps romantic themes, suggested by lyrics about holding hands and spinning.  The video, however, simply depicts a child playing on a playground slide.  While both carry a sense of lightheartedness, there isn't a direct thematic link between a child's solitary play and the romantic/playful suggestions of the music.  The music doesn't enhance any specific narrative in the video nor does it add any deeper layer of meaning to the child's actions.  They exist independently, each carrying its own separate message.

Emotion:  The music conveys a bright, upbeat, and somewhat playful mood. The video itself is fairly neutral in its emotional tone, simply showcasing a child's activity.  The child appears to be enjoying themselves, but the video doesn't portray strong emotions. While the music's joyful tone doesn't clash with the video's neutral presentation, it also doesn't particularly amplify or complement any specific emotion within the video.  The emotional connection between the two is tenuous at best. The abrupt emotional shifts described by the label, therefore, likely refer to the difference in expressed emotion between the upbeat music and the emotionally neutral video.


Cultural Relevance:  There are no overt shared cultural elements between the video and the music. The video takes place on a typical playground, with no specific cultural markers evident. The music, with its Hindi lyrics, clearly originates from Indian culture. While there isn't any inherent conflict between these two cultures, there's also no discernible connection or meaningful interplay between them in this specific context.  The video could just as easily be paired with music from any other culture without altering its fundamental message or emotional tone.
",val,True,data/revision/videos/gHJk8TH31Z4.mp4,6.0,,3cd726f773ba45ae57a2b5cddc90c898f34da598d0e002ce7388c9fbaca4dc71
34243,gNUraGZxHBY,https://www.youtube.com/watch?v=gNUraGZxHBY,"Rhythm and Synchronization: The music maintains a medium, consistent tempo throughout the video, creating a relaxed and cheerful backdrop to the unfolding narrative. The video itself features several cuts, shifting between different scenes and perspectives within the bakery. While most transitions are smooth, there's not a strong emphasis on syncing these transitions with significant musical changes. For instance, at the 16-second mark, the scene continues with the couple eating, but there's no corresponding shift in the music's rhythm or melody, showcasing a natural progression in the narrative rather than a musically punctuated moment.  This approach allows the music to flow continuously, providing an overall sense of cohesion despite the video's changing visuals.

Theme and Content: The upbeat and cheerful tone of the music doesn't directly relate to the specific content of the video, which revolves around a brother's prank and subsequent apology.  The music creates a generally positive ambiance, which contrasts with the prank's slightly negative or tense moments. This distinction suggests the music serves as more of a background element rather than a tool to underscore or enhance the narrative's emotional arc.

Emotion: The music evokes a sense of relaxation and cheerfulness with its light melody and steady rhythm. While the video itself includes moments of tension or annoyance during the prank, the overarching emotion appears to be lighthearted, with the brother eventually seeking forgiveness, reflecting an intention for humor or amusement. The music's consistently positive tone partly complements the overall lightheartedness of the video, but doesn't fully capture the nuances of the more tense or emotional moments.

Cultural Relevance: Neither the video nor the music seems to incorporate specific cultural elements or geographical references. The focus remains on the interpersonal interaction between the brothers and the lighthearted nature of the prank, making the scene relatable across different cultural contexts. The video's setting in a bakery adds a touch of everyday universality, further minimizing any culturally specific interpretations.
",val,True,data/revision/videos/gNUraGZxHBY.mp4,59.333333333333336,,9b00da1cd981db6599da455df3311b09b059b9fe4c7d59ff0e5917f4070f4542
31886,giooOo9lNQY,https://www.youtube.com/watch?v=giooOo9lNQY,"Rhythm and Synchronization: The video features minimal movement, primarily showcasing a small, decorated, teardrop-shaped object, likely a diya or oil lamp used in certain cultural celebrations. The music, a vocal piece, maintains a medium tempo. Due to the static nature of the video, there's no discernible synchronization between the visual transitions and musical changes.  The lack of visual dynamism makes it difficult to establish any meaningful rhythmic coherence between the two.

Theme and Content: The video presents a simple object, possibly handmade, against a textured backdrop. There’s no apparent narrative or story being conveyed. The music, on the other hand, seems to be a devotional song, possibly expressing longing or devotion to a maternal figure. The thematic content of the music doesn’t connect with the simple visual presentation of the object in the video. This creates a sense of thematic dissonance between the audio and visual elements.

Emotion: The video, by itself, evokes a sense of lightheartedness, perhaps even amusement due to its simplicity. One might also feel a sense of appreciation for the craftsmanship of the object. The music, however, conveys a feeling of yearning and possibly melancholy.  This stark contrast in emotional tone contributes to the overall disconnect between the video and music. The music doesn't enhance or complement the emotional impact of the video; instead, it creates a clash of moods.

Cultural Relevance: The object shown in the video might suggest a connection to South Asian cultures, given its resemblance to a diya.  However, this is a very subtle hint, and the video itself doesn't explicitly establish any specific cultural context. The music, with its vocal style, might also hint at a South Asian origin. However, without more context, it's challenging to ascertain any specific cultural elements shared between the video and music.  Ultimately, the limited cultural cues present in both the video and music don't create a cohesive or meaningful cultural connection.
",train,True,data/revision/videos/giooOo9lNQY.mp4,12.3,,c6c84092e46c85b7a2c9d2ee2eddbec2318913b9426dcd61913d899aeb833fc5
22700,gudEx9DTcdM,https://www.youtube.com/watch?v=gudEx9DTcdM,"Rhythm and Synchronization: The music's tempo is upbeat and moderately paced. However, as the video is essentially a static image with minimal movement or transitions, there's no opportunity for synchronization between the music and visual changes. This renders the overall rhythmic coherence between the two unrelated.

Theme and Content: The music’s playful and slightly mischievous tone contrasts sharply with the video’s presentation of historical rivalries and geopolitical complexity. The video focuses on a serious subject, exploring the historical enemies of European countries. The music doesn’t contribute anything to the video’s narrative and, in fact, creates a thematic dissonance. The lighthearted music undermines the seriousness of the topic presented in the video.

Emotion: The music evokes a sense of lighthearted fun, perhaps even a bit of mischievousness. The video, on the other hand, is presented without any overt emotional tone. While the topic of historical rivalries could potentially evoke strong emotions, the video itself remains neutral. This mismatch in emotional tone creates a jarring juxtaposition. The music, instead of elevating the emotional impact, detracts from the video's intended message.

Cultural Relevance:  Neither the music nor the video exhibit any discernible cultural elements. The video, while showcasing a map of Europe with national flags, primarily serves as a visual aid for the historical information presented. It doesn’t delve into specific cultural nuances of any particular region. The music, being generic and playful, has no obvious cultural ties. Therefore, no alignment or misalignment of cultural elements can be observed.
",val,True,data/revision/videos/gudEx9DTcdM.mp4,10.966666666666667,,82431a68008f37760443aebca1f06fad1d85573369958e8eacaa1236ad000afe
36751,gyMZtrwxmeo,https://www.youtube.com/watch?v=gyMZtrwxmeo,"Rhythm and Synchronization: The music maintains a consistent, upbeat tempo throughout, characterized by a driving electronic beat and rhythmic synth melodies. The video, however, shifts between different shots of the phone and its features at a varying pace.  While the video itself doesn't have sharp transitions or cuts timed to the music, the constant rhythm of the music clashes with the more deliberate and segmented presentation of the phone's features in the video. This creates a sense of rhythmic dissonance, where the music's energy doesn't quite align with the visual flow.

Theme and Content: The video focuses on showcasing the Vivo X Fold 3 Pro, highlighting its features and specifications. The music, on the other hand, has a generic electronic feel, lacking a clear thematic connection to technology or product promotion.  The music doesn't enhance the video's message about the phone's innovative qualities or its ""game-changer"" status. The lack of thematic connection makes the music feel like background noise rather than an integrated part of the video's narrative.

Emotion: The video maintains a neutral, informative tone, showcasing the product without any overt emotional cues.  The music has a somewhat energetic and driving feel, which could be interpreted as exciting or upbeat. However, this energy doesn't translate to a corresponding emotional response in the context of the video.  The disconnect between the music's implied excitement and the video's neutral presentation creates a sense of emotional incoherence.

Cultural Relevance: Neither the video nor the music exhibit any discernible cultural elements or geographical references. The video focuses solely on the product, while the music's generic electronic style lacks any specific cultural markers. This absence of shared cultural elements further contributes to the overall sense of disconnect between the audio and visual components.
",train,True,data/revision/videos/gyMZtrwxmeo.mp4,40.833333333333336,,af9927aee19290054ec5e2a1fc6405c2c89bd0612ca460ae86fdeb6b9be8827c
1526,h0H-mwNa3Wg,https://www.youtube.com/watch?v=h0H-mwNa3Wg,"Rhythm and Synchronization: The music maintains a consistent, upbeat tempo throughout, which feels somewhat disconnected from the video's pacing. The video itself presents information in a segmented manner, transitioning between different scenes and text displays. While these transitions create a visual rhythm, it's not closely mirrored in the music. For example, at the 3-second mark, the video cuts from an introductory screen to an animated office scene, but the music continues without any noticeable change in tempo or melody. Similarly, at the 22-second mark, the video transitions to a final screen displaying a name, yet again without a corresponding shift in the music. This consistent musical backdrop, despite the visual changes, contributes to a sense of rhythmic disjunction between the two elements.

Theme and Content: The video focuses on time management and productivity, advising viewers to incorporate buffer time into their schedules to accommodate interruptions and ultimately achieve more. The music, however, doesn't appear to share this theme. Its upbeat and somewhat generic nature doesn't specifically evoke concepts of productivity or time management. There's no clear thematic link between the two, leaving the music feeling like a detached background track rather than an integral part of the video's message.

Emotion: The video aims to convey a sense of practicality and helpfulness, presenting information in a clear and concise manner. It doesn't evoke strong emotions, maintaining a neutral, informative tone. The music, with its upbeat and energetic style, contrasts with this neutrality. While the music could be interpreted as cheerful, it doesn't align with the video's primarily informational, rather than emotionally driven, approach.  The mismatch in emotional tone further contributes to the disconnect between the video and the music.

Cultural Relevance: Neither the video nor the music appears to have any strong cultural ties. The video uses generic visuals and text, avoiding any specific cultural references. Similarly, the music doesn't contain any discernible cultural elements. Both elements remain fairly neutral in this regard, lacking any shared cultural ground that could create a connection between them.
",train,True,data/revision/videos/h0H-mwNa3Wg.mp4,23.666666666666668,,c0f8d883c8c995509f4e796fa9f0d6a848ec1add7d6ad791eb18ea9f769b9f3d
41997,hEv1cTG_kiQ,https://www.youtube.com/watch?v=hEv1cTG_kiQ,"Rhythm and Synchronization: The video features a series of quick cuts showing various stages of washing and drying dishes and beauty products. The pace of the video is quite fast, jumping from one action to the next.  The music, however, maintains a consistent, moderately fast tempo with a clear, driving rhythm. While the video lacks specific transitions that align precisely with the music's beat, the overall energetic feel of both the video and the music creates a sense of brisk activity.  The absence of specific synchronization points doesn’t detract from the video's overall dynamism, but it also doesn’t enhance it rhythmically.

Theme and Content: The video depicts a mundane chore, washing dishes, juxtaposed with images of beauty products.  The music's theme, on the other hand, seems to focus on a sense of finality or closure, possibly relating to a relationship. The lyrics ""Bye Bye"" and ""It's over"" create a specific narrative that doesn't appear to connect with the video's content, which is primarily focused on a simple task and display of products. There isn't a thematic link between the two.

Emotion: The video itself is largely devoid of emotion. It presents a functional activity and product placement without any apparent emotional subtext. The music, in contrast, carries a sense of melancholy and possibly even some bitterness, suggested by the repeated ""Bye Bye"" and ""It's over"". This creates a significant emotional dissonance. The music's melancholic tone doesn't enhance the video's impact, and instead, feels superimposed, almost ironically contrasting the mundane activity portrayed.

Cultural Relevance: Neither the video nor the music seems to be anchored in any specific cultural context. The video shows generic household items and beauty products, while the music's lyrics and style are relatively universal within contemporary pop music. No distinct cultural elements or geographical references are evident in either, preventing any meaningful analysis of cultural alignment or relevance. The juxtaposition of seemingly random elements doesn't create any discernible cultural commentary or narrative.
",val,True,data/revision/videos/hEv1cTG_kiQ.mp4,19.644624999999998,,5171c82e23b6b00e08825d0d0721f48197d619b8f0b866a435b2dff53d375e41
9521,hWBhKNhOMck,https://www.youtube.com/watch?v=hWBhKNhOMck,"Rhythm and Synchronization: The music's tempo is generally upbeat and moderately paced. However, its relationship with the video's pace and cuts is varied. The video initially presents a serene, slow-paced aerial shot of a picturesque bay, which clashes with the energetic feel of the music.  At the 6-second mark, the video transitions to a more bustling scene of a crowded beach, and the music introduces a new, more prominent rhythmic element, creating a sense of synchronization. This emphasizes the shift in atmosphere from idyllic tranquility to a more chaotic reality. Later, at the 9-second mark, the video again transitions, this time to a crowded walkway. Despite this visual shift, the music continues in its current rhythm without notable change, leading to a disconnect between the visual and auditory elements. This variation in rhythmic coherence throughout the video contributes to its overall effect of contrasting expectation with reality.

Theme and Content: The music's theme, while upbeat and suggestive of travel or adventure, doesn't directly relate to the core message of the video, which is the contrast between the idealized image of a vacation destination and the crowded reality. The music doesn't enhance or detract from this message, but rather exists as a separate element. The lack of thematic connection creates a somewhat jarring juxtaposition, perhaps intentionally, to further highlight the disparity between the expected serenity and the actual experience.

Emotion: The video evokes humor and sarcasm by presenting the stark contrast between the imagined solitude of a tropical paradise and the crowded reality. The music, on the other hand, conveys a more generic sense of optimism and excitement. This mismatch in emotional tone contributes to the video's comedic and ironic effect. While the music doesn't necessarily amplify the video's sarcasm, the juxtaposition itself creates a layer of unexpectedness that enhances the humorous impact.

Cultural Relevance: Neither the music nor the video prominently features specific cultural elements. The video focuses on a universal travel experience – the gap between expectation and reality – rather than a culturally specific one.  Although the video's location is identifiable as a popular Southeast Asian tourist destination, the music doesn't contain any musical cues that explicitly connect to this region.  The absence of strong cultural markers reinforces the universality of the video's message, making it relatable to a wider audience.
",train,True,data/revision/videos/hWBhKNhOMck.mp4,10.7,,5fbac07d0bf3ba6c2567742fa9383b66eaeb7f89fe0c2896803d7e59d33ad639
11119,hxZaly_F324,https://www.youtube.com/watch?v=hxZaly_F324,"Rhythm and Synchronization: The music maintains a consistent mid-tempo beat throughout, creating a steady backdrop for the video's display of various individuals lifting and carrying sandbags. The video itself doesn't feature sharp cuts or transitions, focusing instead on continuous shots of the exercise. The music doesn't particularly synchronize with any specific movements or actions within these shots. However, the steady rhythm of the music complements the repetitive nature of the exercise being demonstrated, creating a sense of continuous effort.  Since the video doesn’t have distinct transitions or a fast-paced action, the music, despite lacking precise synchronization points, manages to align with the overall pace and flow of the visual content.


Theme and Content: The music features a simple, repetitive electronic melody, not specifically tied to any particular theme.  The video, on the other hand, centers on the theme of strength training, specifically sandbag carrying exercises.  While the music doesn't directly enhance the video's core message of physical fitness, it also doesn't clash with it.  The music's neutrality allows the viewer's attention to remain focused on the visual demonstration of the exercises.


Emotion: The music has a somewhat neutral emotional tone, neither overtly joyful nor melancholic. The video is also fairly neutral in its emotional presentation. It focuses on showcasing the exercise, with the individuals depicted demonstrating determination and focus, but without expressing strong emotions. The music's neutrality complements the video's unemotional style.


Cultural Relevance: Neither the music nor the video appears to incorporate any specific cultural elements. The focus of the video is a universally understood activity—strength training. The music is generic electronic music without noticeable cultural markers. Therefore, there is no cultural match or mismatch to speak of. The video simply utilizes a gym setting, and the music offers a neutral auditory backdrop, both devoid of specific cultural connotations.
",train,True,data/revision/videos/hxZaly_F324.mp4,42.93333333333333,,789510e61dfac4c75412aea39863c470dcb01408644d27949f3cc69fa00997a2
31665,i-FbQYnsM70,https://www.youtube.com/watch?v=i-FbQYnsM70,"Rhythm and Synchronization: The music has a medium tempo, with a steady beat and a relaxed rhythm. However, the video consists of a static shot of horses grazing in a field. As there are no transitions or significant movements within the video, the question of synchronization is somewhat irrelevant. The lack of dynamism in the visuals means there's no opportunity for the music to synchronize with any changes in the video. The music plays continuously without any shifts or changes that could align with visual cues.

Theme and Content: The music's lyrical theme seems to be about freedom and observing nature, mentioning horses running. However, the video presents a tranquil scene of horses grazing peacefully in Iceland. This creates a thematic dissonance. The music evokes a sense of energetic movement, while the video showcases stillness and quiet observation. Therefore, the music doesn't complement the video's content, nor does it enhance any narrative.

Emotion: The music conveys a sense of carefree joy and appreciation for nature, perhaps even a touch of wistful nostalgia.  The video, in contrast, presents a neutral emotional tone. The still landscape and the horses’ calm grazing don't evoke any strong emotions. Thus, there's a disconnect between the upbeat emotion of the music and the emotionally neutral content of the video. The music doesn't necessarily elevate the video's emotional impact, as the two don't connect emotionally.

Cultural Relevance: While the video clearly identifies the setting as Iceland with on-screen text, the music makes no such geographical reference.  Furthermore, neither the music nor the video incorporates any distinguishable cultural elements.  The imagery of horses grazing could be from various locations, and the music itself is generally applicable to themes of nature and freedom without specific cultural ties. Therefore, there isn't a discernible shared cultural relevance between the audio and visual components.
",train,True,data/revision/videos/i-FbQYnsM70.mp4,14.433333333333334,,675a664c897c800d53cde92d4740e08741c8d6e04e12ddd03fd8e0f3a470d6c2
12564,i235h_JMjYs,https://www.youtube.com/watch?v=i235h_JMjYs,"Rhythm and Synchronization: The music and video exhibit a dynamic interplay in terms of rhythm and pace. The music features a fast tempo and distinct beats, while the video showcases a series of quick cuts and transitions, capturing moments of a tiger-headed dancer performing on a stage, interspersed with reactions from the audience and judges. The rhythm of the music generally aligns with the pacing of the video edits, creating a sense of rhythmic coherence. However, since there are no specific timestamps provided, it's hard to pinpoint precise moments of synchronization or dissonance, suggesting a more generalized alignment rather than a meticulously crafted synchronization.

Theme and Content: While both the video and the music appear vibrant and energetic, their thematic connection is indirect. The video centers on a surprising and exciting performance by a tiger-headed dancer, likely in a talent show setting.  The music, although upbeat, doesn't specifically relate to tigers, dancing, or talent shows. It functions more as a backdrop that amplifies the video's energy rather than directly contributing to its narrative.  They exist as independent narratives, with the music adding a layer of excitement to the already visually stimulating performance.

Emotion: The video primarily evokes excitement and surprise, showcasing the audience's amazed reactions to the unexpected tiger-headed dancer. The music, with its fast tempo and powerful beats, contributes to this feeling of excitement and adds to the overall dynamism of the scene. The music amplifies the emotional impact of the video, enriching the experience for the viewer. While the primary emotion is shared and enhanced by the music, the nuances of the reactions - the judges' awe, the audience's laughter - aren't specifically reflected in the music's more generalized excitement. This leads to a partial but impactful emotional consistency.

Cultural Relevance:  Neither the music nor the video seem to feature any specific cultural references or elements. The video focuses on a fantastical performance that transcends cultural boundaries, and the music's broad appeal suggests a lack of culturally specific themes or instrumentation.  This lack of cultural markers allows both elements to stand alone while also working together effectively to deliver a universally understood message of surprise and entertainment.
",train,True,data/revision/videos/i235h_JMjYs.mp4,18.785433333333334,,84a997b2bb52b79ba58840d5ae8e129addc25c4f60cb736b3b8a9e05bc673735
8931,i2faAyUnieY,https://www.youtube.com/watch?v=i2faAyUnieY,"Rhythm and Synchronization: The music's tempo remains relatively constant throughout the video, featuring a driving electronic beat. However, the video's pace varies.  There are quicker cuts during the initial interactions and slower, more focused shots when each person delivers their lines.  The lack of alignment between these shifts in visual pacing and the unvarying musical tempo creates a sense of rhythmic disconnect. The music doesn't underscore or accentuate the changes in the video's rhythm.

Theme and Content: The video offers advice on how to approach women at the gym, emphasizing the importance of respect and avoiding unsolicited comments about their physique. The electronic music, however, doesn't relate to this theme. Its energetic and somewhat generic nature doesn't reinforce or complement the video's message. There's a distinct thematic dissonance between the lighthearted, almost party-like feel of the music and the video's focus on social dynamics and respectful behavior.

Emotion: The video primarily delivers information, remaining fairly neutral in its emotional tone. The woman expresses annoyance at inappropriate advances, but the overall presentation is more instructional than emotive. The music, on the other hand, conveys a sense of energy and perhaps excitement, which clashes with the video's lack of strong emotion. The music doesn't elevate or enhance the video's emotional impact; rather, it introduces a conflicting emotional layer.

Cultural Relevance: Neither the video nor the music appears to have any specific cultural ties. The video takes place in a gym, a universally recognizable setting. The music is generic electronic music without discernible cultural markers.  There are no overt references to specific locations or traditions in either the visual or auditory elements. The lack of cultural elements in both components, while not necessarily a mismatch, doesn't contribute to a cohesive or meaningful connection between them.
",test,True,data/revision/videos/i2faAyUnieY.mp4,37.96666666666667,,6e5504f82f6355abfa6fc1d16d49798344089ce7e2c3666e3c1520f02e4598dd
43853,i3XnWqOJkc0,https://www.youtube.com/watch?v=i3XnWqOJkc0,"Rhythm and Synchronization: The music and video demonstrate a high degree of synchronization. The upbeat tempo of the music perfectly matches the energetic dance moves of the couple. While there aren't specific, marked transitions in the video requiring musical synchronization points, the consistent and driving rhythm of the music underscores the continuous and dynamic nature of their celebratory dance.

Theme and Content: The music’s theme complements the video’s content effectively. The joyous and celebratory tone of the music enhances the happy atmosphere created by the couple celebrating the acquisition of a passport. The video tells a self-contained story of a family celebrating a milestone, with the music serving as an uplifting backdrop that doesn’t necessarily drive the narrative but amplifies its joyful essence.  It stands independently, creating a fitting mood, rather than being intrinsically tied to the specific narrative events.

Emotion: The music and video exhibit consistent emotional coherence. The music's upbeat and lively nature directly mirrors the joyful, energetic emotions displayed by the dancing couple. Their expressions and enthusiastic movements radiate happiness, reflecting the celebratory tone of the music. This creates a synergy that elevates the overall emotional impact of the video, enhancing the sense of shared excitement and joy.  The focus on a single, consistent emotional tone - happiness and energy - is clearly communicated throughout both visual and auditory elements.

Cultural Relevance: Neither the music nor the video makes any overt cultural references.  The focus is on a universal human experience – the joy of celebrating a personal achievement. This lack of specific cultural elements allows the video and music to resonate across a wider audience, emphasizing a shared human emotion that transcends geographical and cultural boundaries. The absence of specific cultural signifiers in the labels further reinforces this interpretation.
",train,True,data/revision/videos/i3XnWqOJkc0.mp4,15.0,,364dd9b8bcdb9f28134dc784d733bb3fffbf6a220761a9676299172db14d1b23
34402,i8L7ned--eU,https://www.youtube.com/watch?v=i8L7ned--eU,"Rhythm and Synchronization: The video features a performer singing a song. The tempo of the music is medium, neither rushed nor excessively slow, which allows for a clear and expressive delivery of the lyrics.  The video itself is quite static, focusing primarily on the singer.  There are no distinct video transitions or cuts to analyze in terms of their synchronization with the music. The performance appears rhythmically cohesive, with the singer’s gestures and expressions aligning naturally with the underlying beat.  The lack of visual dynamism gives the impression of a single, continuous take, which further enhances the sense of rhythmic coherence between the audio and visual elements.

Theme and Content: The content of the video is a live musical performance.  The lyrics suggest a theme of longing and a desire to reconcile a broken relationship. While the performer seems cheerful and engaged, this sentiment doesn’t fully align with the lyrical content, which explores themes of regret and yearning.  The music itself has a driving, somewhat upbeat quality, creating a slight disconnect with the more introspective and melancholic aspects of the lyrics.  The video and the music's message exist independently and do not complement or intersect.

Emotion:  The video portrays the performer in a seemingly happy and energetic state. His cheerful and relaxed demeanor creates a light and easygoing atmosphere.  However, the lyrics of the song express feelings of longing, regret, and even a touch of desperation. The music, while rhythmically aligned with the performance, leans towards a more upbeat style, which creates some dissonance with the emotional depth of the lyrics.  The music's somewhat driving quality doesn't intensify the complex emotions present in the lyrics, but rather contributes to the dichotomy between the performance and the song's content.

Cultural Relevance:  The video showcases a performance that doesn't seem to incorporate any particular cultural elements.  The setting is a restaurant or cafe, and the performer's attire, while distinctive, doesn't appear to hold any specific cultural significance. The lyrics and music are in English and don't contain discernible geographical references or stylistic elements that would point to a specific cultural origin.  The overall impression is one of a universal performance, with no specific cultural markers to analyze in terms of relevance or accuracy.
",test,True,data/revision/videos/i8L7ned--eU.mp4,50.53333333333333,,01c87e667b495c819eb8f778e8653171769c93f795f41151efdfeb395bddc456
35517,iCsmFtYPADk,https://www.youtube.com/watch?v=iCsmFtYPADk,"Here's a detailed analysis of the provided video and music, incorporating the information from the labels:

Rhythm and Synchronization: The music maintains a consistent mid-tempo rhythm throughout, which generally aligns with the video's pacing. The video transitions between different scenes quite abruptly.  A particularly noticeable synchronization occurs at the 0:05 mark, where a quick video cut coincides with a shift in the musical elements. This reinforces the fast-paced and dynamic nature of the visual narrative. While some other transitions may seem jarring, the overall effect is one of rhythmic coherence, creating a sense of movement and exploration throughout the video.

Theme and Content: The video presents a travelogue, showcasing various locations and landscapes. While the music's theme doesn't directly relate to travel or exploration, it contributes to a sense of awe and wonder. The visuals, depicting ancient architecture and natural landscapes, evoke a sense of grandeur and beauty. The music, with its dreamy and atmospheric qualities, indirectly complements this theme, creating a sonic landscape that enhances the visual experience.

Emotion: The video primarily focuses on showcasing the scenery and doesn't portray any strong human emotion. The music, however, exhibits a sense of tranquility and wonder.  The combination results in a viewing experience that is calming yet inspiring.  While the video lacks explicit emotional cues, the music's evocative nature adds a layer of emotional depth to the overall presentation. The label of ""rich emotional levels"" suggests that this subtle interplay between the unemotional visuals and the emotive music creates a complex emotional experience.

Cultural Relevance: The video and the music do not appear to share any specific cultural connections. The visuals depict a variety of locations, possibly spanning different cultural contexts, but the music remains culturally neutral. This lack of explicit cultural references in both mediums contributes to the video's focus on universal themes of beauty and exploration, making it accessible to a wider audience. The lack of any identifiable geographical markers or musical styles further supports the absence of direct cultural elements.
",train,True,data/revision/videos/iCsmFtYPADk.mp4,32.03333333333333,,bcaa9608efe3c9fe5f60a50ec12fb214b6df75adf708e05440817646e5f8e8b5
22182,iRtsyXMGNQo,https://www.youtube.com/watch?v=iRtsyXMGNQo,"Rhythm and Synchronization: The video maintains a fast pace, showcasing a variety of Kuromi-themed items in quick succession. The music, with its upbeat tempo, aligns well with this rapid visual presentation. Although there are no specific, precisely timed transitions marked in the video, the consistent flow of item reveals creates a sense of rhythmic coherence with the music's energetic drive. Each new item appears on screen in a rhythmic manner, almost as if the reveals are dancing along to the music. This constant motion and quick cuts enhance the energetic feel created by the music.

Theme and Content: The video centers around displaying a collection of Kuromi merchandise. While the music's lyrics about personal style and self-expression don't directly relate to the video's content, they indirectly connect to the act of curating and showcasing a personal collection, which is a form of self-expression. The music doesn't enhance a specific narrative within the video, as the video primarily serves as a visual catalog of the items. However, it provides a backdrop of positive energy that complements the act of displaying cherished possessions.

Emotion: The video evokes a sense of appreciation for the meticulous collection of Kuromi items. The music, with its confident and upbeat tone, conveys a feeling of joy and self-assurance. While the specific emotion of appreciation in the video isn't perfectly mirrored by the music's dominant tone of joy, they are partially consistent. The music's positivity amplifies the overall pleasant viewing experience and indirectly contributes to the appreciation of the collection by creating an enjoyable atmosphere.

Cultural Relevance: Both the video and music lack overt cultural references. The video focuses on showcasing merchandise related to the Kuromi character, a figure from Japanese popular culture, without delving deeper into Japanese culture itself.  The music, with its generic pop style, doesn't contain any specific geographical or cultural markers.  While the Kuromi character originates from Japan, the video doesn't explore any specific cultural aspects tied to the character or its origin. It simply displays the items as products within a broader, arguably globalized, fan culture context.
",test,True,data/revision/videos/iRtsyXMGNQo.mp4,27.6,,caeb8113e4f22fb0c1c7f1128af8b953c2e61a98a83f068d40544e287a8fdde0
20963,imDrut8dR88,https://www.youtube.com/watch?v=imDrut8dR88,"Here's a detailed analysis of the video and music, incorporating the insights provided by the labels without explicitly mentioning them:

Rhythm and Synchronization: The music maintains a consistent mid-tempo beat throughout, which generally aligns with the pace of the video. The video transitions smoothly between various shots of the car, showcasing its exterior, interior, and performance aspects.  While the visual transitions are generally fluid, certain moments create a more impactful shift in the visual narrative. For instance, the transition at 18 seconds introduces the car's interior and also introduces a subtle rhythmic shift to the music with a slight emphasis on the downbeat. Although the cut at approximately 37 seconds brings an exciting aerial view of the car, the music doesn't emphasize this change significantly.

Theme and Content: The music has a modern and electronic feel, which complements the sleek and technologically advanced nature of the featured 2025 Corvette. The video highlights the car's performance capabilities and luxurious features. The music, while not explicitly about cars, creates a sense of sophistication and excitement that aligns well with the portrayal of the car.

Emotion: The music conveys a sense of modern coolness and energy, but it doesn't particularly evoke any strong emotions. It serves more as a backdrop that enhances the sleek presentation of the car rather than driving a specific emotional narrative. The video focuses on showcasing the car's features and specifications in a factual manner. There is a strong emphasis on the visuals and text information rather than on emotional storytelling. This choice renders the music, while rhythmically and thematically appropriate, emotionally detached from the core informational presentation.

Cultural Relevance: Both the music and the video lack specific cultural references. The focus is on the car itself – a product of American automotive engineering. The video and the music don't seem to draw on any particular cultural elements, making their relationship in this regard neutral. The lack of overt cultural references helps keep the focus squarely on the car's attributes, which is clearly the video's primary objective.
",val,True,data/revision/videos/imDrut8dR88.mp4,46.68001334668001,,5cdcb48ec1a5a2b8596b338463ab35c75ec060080bde3b50574a02bf440930b6
28677,iu5W1pOnjXk,https://www.youtube.com/watch?v=iu5W1pOnjXk,"Rhythm and Synchronization: The video maintains a dynamic pace, transitioning between different song excerpts and visual scenes. This varied rhythm is effectively complemented by the music, which shifts in tempo and style to align with each new segment.  The synchronization between music and video is particularly noteworthy at several key points. For instance, at 0:05, the start of a new song coincides perfectly with the introduction of a new visual scene. Similarly, at 0:25 and 0:44, the music changes synchronously with the video transitions, creating a sense of seamless flow and enhancing the impact of each new musical piece. Overall, the rhythmic coherence between the audio and visual elements is strong, contributing to the video's engaging and dynamic presentation.

Theme and Content: The video presents a compilation of G.V. Prakash Kumar's songs, showcasing different moods and styles.  While the music itself focuses on romantic and emotional themes, the visuals often depict scenes of romance and connection, effectively illustrating the underlying emotions of the songs. The video's content enhances the narrative implied within the music, deepening the viewer's connection to the songs by providing visual context. This thematic alignment between the music and video contributes to a cohesive viewing experience.

Emotion: The music in the video encompasses a range of emotions, from the cheerful and energetic to the more relaxed and romantic. The video's visuals largely mirror these emotions, featuring scenes that reflect the tone of each musical piece. The close-ups, romantic interactions, and expressive acting in the video amplify the emotional impact of the music.  While the emotional tones between the music and video are generally consistent, there are some minor discrepancies. For example, some of the more energetic musical segments are paired with visuals that might be perceived as more relaxed or contemplative. Despite these subtle differences, the music elevates the emotional impact of the video overall, creating a more engaging and immersive experience.

Cultural Relevance: The video primarily focuses on showcasing the music of G.V. Prakash Kumar, a prominent composer in the Tamil film industry. While there are visual elements that suggest a South Asian context, the video doesn't heavily emphasize specific cultural aspects or geographical references. The primary focus remains on the music and its emotional resonance, rather than exploring cultural themes in depth. The video effectively communicates the beauty and variety of the music without relying on explicit cultural markers.
",train,True,data/revision/videos/iu5W1pOnjXk.mp4,55.1,,1ac480d2205b0785b43b5e099b6767eccdce76a51e19dfe36831b287fd307e51
18741,jRrU1-f9F38,https://www.youtube.com/watch?v=jRrU1-f9F38,"Rhythm and Synchronization: The music maintains a consistently upbeat and relatively fast tempo throughout. The video, however, features a series of gardening activities that vary in pace. Some actions, like scattering seeds or raking soil, are quicker, while others, such as transplanting seedlings, are slower and more deliberate. This difference in pacing creates a sense of disconnect between the music and the visual narrative. Since the video consists of a sequence of gardening tasks without distinct transitions or cuts, the music's continuous rhythm doesn't synchronize with any specific video actions, resulting in a lack of rhythmic coherence. The absence of key timestamps reinforces this observation, indicating a video with a steady, unchanging flow that doesn't align rhythmically with the music's distinct beats and phrases.

Theme and Content: The video depicts the process of planting and tending to a vegetable garden, presenting a theme of nurturing growth and the connection with nature. The upbeat, almost playful music doesn't directly support this theme. The music lacks any specific elements related to nature, gardening, or rural life. The music's upbeat style might be associated with lighthearted activities, but it doesn't enhance the video's core message of cultivating and caring for plants.  The overall effect is a thematic dissonance where the music seems detached from the video's content.

Emotion: The video evokes a sense of tranquility and relaxation as we watch the gardener meticulously working in their garden. These emotions are commonly associated with quiet, peaceful environments and deliberate actions, reflecting the unhurried nature of gardening. However, the music's energetic and upbeat style projects a different emotional tone, one of cheerfulness or even excitement. While not inherently clashing, this difference doesn't fully enhance the video's calm and peaceful atmosphere. The mismatch in emotional intensity creates a subtle disconnect. The music doesn't amplify the relaxing quality of the video but rather introduces a separate layer of emotion that doesn't entirely integrate with the visual narrative.

Cultural Relevance: Neither the video nor the music seems to exhibit strong cultural markers or geographical references. The gardening activities depicted are universal and could be found in various cultures.  The music, similarly, has a generic style that doesn't evoke any particular cultural context. Therefore, there isn't a clear cultural connection or misalignment between the two elements.  They exist independently without sharing or contrasting any specific cultural attributes.
",train,True,data/revision/videos/jRrU1-f9F38.mp4,23.766666666666666,,661d9ab9ed5f102273e34926f1f93d14f7af34690e845854ce792282dc45940e
22097,jSwG1BGL9W4,https://www.youtube.com/watch?v=jSwG1BGL9W4,"Rhythm and Synchronization: The video depicts a rather static shot of sprout soup being stirred. There is minimal change throughout the duration of the video, which in itself doesn’t offer a distinct rhythmic pattern or visual progression. The music, on the other hand, has a moderate tempo with varied instrumental layers. Since the visual is essentially unchanging, there isn't a discernible synchronization or rhythmic connection between the video and the music.

Theme and Content: The video's content focuses solely on showcasing sprout soup. There is no narrative being developed, just a straightforward presentation of the dish. The music, with its instrumental layers and slightly whimsical melody, doesn't seem to particularly relate to the subject of sprout soup. It lacks any culinary connotations or elements that might complement the visuals. As a result, the music and video feel thematically detached from each other.

Emotion: The video evokes a sense of tranquility, owing to the simple and unchanging nature of the soup being stirred. The action is gentle and repetitive, fostering a calming visual experience. The music, while upbeat, is also quite light and airy, creating a relaxed and somewhat whimsical atmosphere. Although both the video and the music evoke a sense of calmness, the overall feeling they project isn’t perfectly aligned. The video's calmness is rooted in simplicity and quietness, while the music's is more lively and playful. There isn't a strong emotional coherence between the two.

Cultural Relevance: The video offers a simple visual presentation of sprout soup without incorporating any specific cultural elements or geographical references. The music itself is also quite generic and doesn't have distinct cultural ties. As a result, there's no apparent shared cultural ground between the video and the music. They exist independently in this regard.
",val,True,data/revision/videos/jSwG1BGL9W4.mp4,60.0,,6adfba75cd9c0cdbd496d2406da6ae0b2f9b2ecca0c7ea6b3cf27aa00a91dda8
7671,jf6he20FK5Y,https://www.youtube.com/watch?v=jf6he20FK5Y,"Rhythm and Synchronization: The music's tempo varies throughout, showcasing both slower, melodic sections and faster, rap-like segments. The video, featuring two individuals discussing and reacting to NF songs, maintains a relatively consistent pace. However, there’s no discernible synchronization between the musical transitions and the visual changes in the video. The video itself has minimal visual transitions, maintaining a static shot of the two individuals throughout. The lack of any strong visual markers, coupled with the varying tempo of the music, results in a sense of rhythmic disconnection between the audio and visual elements. 

Theme and Content: The video's content centers around NF songs, engaging in a quiz-like format about song recognition. The music, however, presents a different narrative. It touches upon themes of self-reflection, emotional vulnerability, and personal growth, none of which directly relate to the video's focus on recognizing specific songs by a particular artist. Therefore, the music doesn't enhance the video's message or narrative. Instead, it functions as a backdrop unrelated to the core subject matter.

Emotion: The video aims for a lighthearted and appreciative tone, with the participants demonstrating their familiarity with the artist. Some playful disappointment is evident when one participant doesn't recognize certain songs. The background music, in contrast, has a noticeably intense and emotional quality. The lyrics discuss complex feelings and struggles, evoking a sense of suspense and introspection. This mismatch creates an emotional dissonance. While the video maintains a generally positive surface-level energy, the music delves into deeper, sometimes darker, emotional territories, resulting in a lack of cohesion.

Cultural Relevance: Neither the video nor the music seems to rely on specific cultural elements or geographical references to convey their message. The video's focus is on musical knowledge, while the music's message is more introspective and universal. The visuals present a contemporary setting with no distinct cultural markers. The lack of cultural elements in both makes a comparison difficult, further enhancing their unrelated nature.",train,True,data/revision/videos/jf6he20FK5Y.mp4,54.541666666666664,,71cf3e32bcdd92c78ad3411b6192adcba647f092b158f1f4527a4cbf9411da0a
16780,js9205fOWqc,https://www.youtube.com/watch?v=js9205fOWqc,"Rhythm and Synchronization: The music maintains a consistent, moderate tempo throughout the video. Since the video itself consists of a series of relatively static shots showcasing different bouquets and a ballerina in her dressing room, the question of precise synchronization with visual transitions is less relevant. The music doesn't specifically accentuate any particular moment in the video, but its steady rhythm provides a pleasant backdrop to the visual narrative which unfolds at a comfortable, even pace.


Theme and Content: The music's theme doesn't appear to directly relate to the video's content. The video focuses on the practice of reusing bouquets in ballet performances and the joy of receiving flowers after the final show. The music, while pleasant and uplifting, lacks any specific thematic connection to ballet, flowers, or the performing arts in general.


Emotion: The video presents a factual tone, sharing information about the behind-the-scenes aspects of ballet performances, without displaying strong overt emotion. The narrator's voice and the visuals convey a sense of casual explanation. The music, while generally positive and upbeat, doesn't particularly amplify or clash with this neutral emotional tone. They exist in separate spheres, neither enhancing nor detracting from each other's impact. 


Cultural Relevance: Neither the video nor the music present any readily identifiable cultural elements. The video focuses on a specific practice within the realm of professional ballet, but it doesn't delve into any broader cultural traditions or geographical references. The music itself is generic and doesn't evoke any particular cultural associations. Therefore, while there's no cultural dissonance between the two, there's also no significant cultural interplay to analyze.
",val,True,data/revision/videos/js9205fOWqc.mp4,37.673352018345284,,93f06f17e4f95fc61b226add1961a887021c81a95ed5dacb0d66565b972c4159
713,jtwfA24us80,https://www.youtube.com/watch?v=jtwfA24us80,"Rhythm and Synchronization: The music's tempo maintains a medium pace throughout the video, aligning well with the overall rhythm of the actions and narrative.  The video incorporates several transitions, some of which are sharply synchronized with the music. For example, at 0:03, as the visual cuts to a different scene, the music simultaneously introduces a new melodic phrase.  Later, at 0:41, another transition coincides perfectly with a significant musical shift, enhancing the impact of the basketball popping. Other transitions, however, don't have this tight synchronization. This blend of synchronized and unsynchronized transitions creates a dynamic yet coherent rhythmic flow.

Theme and Content: The video centers on a basketball-popping experiment, demonstrating the process of inflating a basketball to its breaking point.  The music, while energetic and driving, doesn't directly relate to the video's specific content. It lacks thematic elements that explicitly connect to basketball or experimentation. The music acts more as a backdrop, providing an upbeat atmosphere rather than specifically enhancing the narrative or message.

Emotion: The video conveys a sense of energetic curiosity and playful experimentation as the presenter explores the limits of a basketball.  The music's upbeat and driving style partially aligns with this energetic tone, adding a sense of momentum and anticipation. However, it doesn't fully capture the nuanced emotions associated with the experiment, such as the presenter's focused concentration or the surprise of the eventual explosion. Overall, the music complements the video's general energy but misses some of its finer emotional points.

Cultural Relevance: Neither the video nor the music feature prominent cultural elements. The focus remains primarily on the basketball experiment itself, without integrating any specific geographical or cultural references. Therefore, there's neither a match nor a mismatch of cultural elements between the two. They exist in a neutral cultural space, allowing the experiment itself to take center stage.
",train,True,data/revision/videos/jtwfA24us80.mp4,44.2,,ff3a9d022fc430bbfb7c1b9ff3803f1adfb1ad8bb86b3b8f96d154d4619f9a92
27818,k6GFyBWUfFw,https://www.youtube.com/watch?v=k6GFyBWUfFw,"Rhythm and Synchronization: The video features a series of relatively short clips showcasing different moments, presumably from a wedding or similar formal event. The music maintains a consistent, mid-tempo beat throughout, while the video's pace varies – sometimes lingering on a scene, other times quickly transitioning to the next. This creates a sense of rhythmic disconnect. The music's consistent flow doesn't accentuate or respond to the shifts in the video's pacing, leading to a lack of synchronization.

Theme and Content: The video content centers around a celebration, potentially a wedding, showcasing guests interacting, a bride in her wedding dress, and what appears to be a signing ceremony.  The music, a romantic pop song about love and devotion, seems thematically at odds with the video's focus on the event itself. While a wedding could be seen as an expression of love, the video prioritizes capturing the atmosphere and interactions of the event rather than a romantic narrative. Therefore, the music doesn't directly enhance or support the specific content being presented.

Emotion: The video projects a vibrant and energetic atmosphere. The guests appear confident and celebratory, contributing to the overall positive vibe. The music, with its upbeat melody and lyrics focused on love, carries a joyful and optimistic tone.  However, the emotional coherence between the two is weak.  The video’s energy leans towards excitement and social interaction, while the music's emotion centers on romantic love. This mismatch prevents the music from effectively elevating the emotional impact of the video.

Cultural Relevance: The video offers glimpses into a formal event, potentially suggesting certain cultural practices through attire and interactions. The location tag suggests the event is taking place in Thailand at King Power Srivaree, however, apart from the location tag,  there isn't a strong presence of distinct cultural elements in the video. The music, a standard Western pop song, doesn’t exhibit any specific cultural markers either.  Thus, there's no significant cultural overlap between the music and video, making them culturally unrelated.
",train,True,data/revision/videos/k6GFyBWUfFw.mp4,33.233333333333334,,84247c223029c32154687ec8e09bf06bed99c2d0089738b69663b9a91b516daf
1531,kEg7tHrAmuQ,https://www.youtube.com/watch?v=kEg7tHrAmuQ,"Rhythm and Synchronization: The upbeat tempo of the music generally aligns with the dynamic and quick cuts showcasing various scenes from a trip to Kyoto.  The consistent pace of the music complements the energetic feel of the video, creating a sense of excitement and adventure.  While there are transitions between different activities and locations, they flow smoothly together, aided by the consistent backdrop of the music.

Theme and Content: The video chronicles a family's experiences exploring Kyoto, focusing on activities like sightseeing, shopping, and experiencing the nightlife.  The music, while energetic, doesn't have a direct thematic connection to Japanese culture or travel.  Instead, it provides a more general sense of vibrancy that loosely matches the active nature of the trip.  While the music doesn't necessarily enhance the narrative, it doesn't clash with it either, providing a neutral yet uplifting backdrop for the visuals.

Emotion: The video captures a range of activities and moments, but doesn't explicitly focus on conveying specific emotions.  It maintains a generally positive and upbeat tone, reflecting the enjoyment of the family's experiences.  The music, with its energetic and positive vibe, broadly aligns with this tone, contributing to the overall sense of fun and excitement. However, the music's emotion doesn't specifically elevate or deepen any particular emotional moment in the video, resulting in a somewhat superficial emotional connection.

Cultural Relevance: While the video is deeply rooted in Japanese culture, showcasing locations, activities, and even interactions with local people in Kyoto, the music lacks any discernible cultural elements.  The soundtrack could be applied to a video showcasing any number of travel destinations or activities and wouldn't feel out of place. This disconnection between the culturally rich visuals and the culturally neutral music creates a missed opportunity to further enhance the viewer's experience of the video's setting.
",val,True,data/revision/videos/kEg7tHrAmuQ.mp4,59.96666666666667,,3975b57e0b403807842fe6baa4d35d791930b65068bf1eaea37bab51759ff772
16024,kIL5YfGKVXY,https://www.youtube.com/watch?v=kIL5YfGKVXY,"Rhythm and Synchronization: The music features a consistent, mid-tempo electronic beat that remains largely unchanged throughout its duration. The video, showcasing a golfer's swing, is a short, dynamic action. Given the lack of significant transitions or distinct moments within the video, there isn't a strong opportunity for synchronization with the music beyond the general pace.  The music's constant beat doesn't particularly accentuate the swing's build-up, the point of impact, or the follow-through. The rhythmic relationship between the two could be characterized as somewhat detached, with the music acting as a background element rather than an integrated component of the visual narrative.

Theme and Content: The electronic music, with its somewhat generic and modern feel, doesn't have a strong thematic connection to the traditional sport of golf showcased in the video. While the music might create a sense of contemporary energy, it doesn't specifically enhance or relate to the content of the video, which is focused on the execution of a golf swing. There's a sense of thematic dissonance, as the sleek and technological sound of the music doesn't inherently complement the natural, outdoor setting and the focused, almost meditative quality of the golf swing.

Emotion:  The video portrays a sense of energetic focus and cheerful relaxation as the golfer smoothly executes their swing. It evokes a sense of effortless athleticism.  The electronic music, while also energetic, leans more towards a neutral or slightly upbeat mood. It doesn't possess the same nuanced blend of focus and ease that the video conveys. The emotional connection between the two feels somewhat disconnected. While neither element projects negative emotions, they don't quite resonate on the same emotional frequency, preventing the music from elevating the emotional impact of the video.

Cultural Relevance: The video features a golfer, a sport with global appeal but often associated with specific demographics and cultural contexts. The generic electronic music doesn't have any immediately identifiable cultural markers.  Therefore, there isn't a clear shared cultural element between the two. The video might subtly evoke the culture surrounding golf, but the music remains detached from this specific context, resulting in a lack of cultural alignment.
",train,True,data/revision/videos/kIL5YfGKVXY.mp4,5.066666666666666,,049de27998d1930700c739943905243b1d8ee15a0faea2e5245b95580f9e10c0
8718,kYh-hZz9JGA,https://www.youtube.com/watch?v=kYh-hZz9JGA,"Here's an analysis of the provided video and music, incorporating the nuances suggested by the provided labels:

**Rhythm and Synchronization:** The music maintains a medium tempo throughout, which generally aligns with the pacing of the video.  The video itself has a varied pace, shifting between slower, more conversational moments and faster-paced action sequences focusing on a gymnast's routine and a subsequent accident. Since there are no specific timestamps indicated in the labels, it's safe to assume the video has minimal dynamic changes in terms of cuts or transitions where direct music synchronization would be prominent. The consistent, moderate rhythm of the music provides a backdrop to the video, rather than punctuating specific actions.

**Theme and Content:** The music and video content are indirectly related, with the music’s more ambient and unsettling undertones subtly hinting at the impending disaster portrayed in the video clip from *Final Destination 5*.  The music doesn’t explicitly tell the story of the video, but creates an atmosphere of suspense and unease, foreshadowing the tragic events. The video portrays the seeming triumph of an athlete followed by a horrific accident, a theme that the music reflects through its combination of a vaguely uplifting yet ultimately ominous tone.  This creates a sense of dramatic irony, where the viewer, knowing the context of the film, understands the impending doom even as the characters celebrate.

**Emotion:** While the music evokes a sense of suspense and impending doom, the video itself primarily conveys fear and surprise during the accident. The music lacks the sharp, sudden shifts that would perfectly mirror the shock and terror of the visual climax. However, its unsettling nature builds tension and foreshadows the disturbing events, enhancing the overall emotional impact of the scene.  This partial consistency in emotional tone between the audio and visual creates a sense of disquiet, hinting at the dark twist that unfolds.

**Cultural Relevance:** Neither the video nor the music rely heavily on specific cultural elements. The video focuses on a universal human experience – the fragility of life and the unpredictability of fate – while the music employs a generic style that avoids distinct cultural markers. Therefore, the two are aligned in their lack of cultural specificity.
",train,True,data/revision/videos/kYh-hZz9JGA.mp4,55.56,,77427a7f49ad04118c5bcc3440073caf41abc943b7e075ecd04f7e16e90c3427
27797,kolOucFEjUo,https://www.youtube.com/watch?v=kolOucFEjUo,"Rhythm and Synchronization: The music maintains a consistently fast tempo throughout, creating a sense of energy and momentum. However, the video, depicting a diver executing a complex dive, doesn't have distinct transitions or changes in pace that align rhythmically with the music.  The diver's movements are fluid and continuous, and while the overall feeling of the music could be seen as complementing the dynamic nature of the dive, there's no precise synchronization between musical cues and specific actions or moments within the dive. 

Theme and Content: The video focuses on the athleticism and precision of diving, while the music, with its fast-paced electronic style, evokes a more general feeling of energy and movement.  There isn't a clear thematic connection between the two. The music doesn't specifically relate to the sport of diving or enhance any particular narrative within the video. It functions more as a backdrop rather than a thematically integrated element.

Emotion: The video portrays a sense of confidence and control as the diver executes their dive.  The music, while energetic, doesn't necessarily convey the same specific emotions. Its electronic and somewhat repetitive nature leans more towards a generalized feeling of intensity, rather than the focused determination and potential satisfaction of a successful dive. There's a partial emotional coherence in the sense that both video and music project a certain dynamism, but the specific emotions conveyed are not perfectly aligned.

Cultural Relevance: Neither the video nor the music seem to have any strong cultural ties. The video showcases a universal sport in a generic indoor pool setting, and the music is a non-descript electronic track without any discernible cultural markers or geographical references. Consequently, there isn't a basis for analyzing cultural relevance or alignment between the two.
",train,True,data/revision/videos/kolOucFEjUo.mp4,11.766666666666667,,bb92f525c6cab16c2f123b40e8de647b53a57fc723b539d166eddc1a642efc19
34762,l1u1Y8IdTjo,https://www.youtube.com/watch?v=l1u1Y8IdTjo,"Rhythm and Synchronization: The music maintains a medium tempo throughout, which generally aligns with the video's pace. The video itself has a consistent flow, showcasing the preparation of a Grinch-themed treat. While there aren't any abrupt transitions or dynamic changes in the video that necessitate sharp musical cues, the consistent rhythm of the music provides a steady backdrop for the visual progression of the recipe. This creates a sense of rhythmic coherence, even without specific synchronized moments.

Theme and Content: The whimsical and slightly mischievous tone of the music indirectly relates to the Grinch theme of the treats being prepared.  While not directly related to the act of cooking, the music’s playfulness complements the whimsical nature of creating Grinch-inspired treats. The music doesn't explicitly tell a story or enhance a specific narrative within the video, but it does contribute to the overall lighthearted atmosphere.

Emotion: The video evokes feelings of cheerfulness and relaxation, as we watch the creation of a festive treat. It also has an energetic quality as the creator moves swiftly through the steps. The music, with its playful melody, shares this cheerful and somewhat energetic tone, partially matching the video's emotional landscape. While the music doesn't intensify the video's emotional impact dramatically, it does contribute to a positive and enjoyable viewing experience. The overall emotional tone is fairly consistent, creating a pleasant and lighthearted atmosphere.

Cultural Relevance: Neither the music nor the video seem to be strongly tied to any specific cultural elements.  The Grinch, while a popular character, isn't particularly representative of a specific culture. The video focuses on the preparation of a themed treat, and the music provides a general background rather than referencing specific geographical locations or cultural traditions. Therefore, there isn't a strong cultural connection between the audio and visual components.
",train,True,data/revision/videos/l1u1Y8IdTjo.mp4,14.5,,c1969a67f45f5a37c30747ddbcca1660be70e2b432c102fde5d8b605daaaa544
23931,lCOTv6g_NTQ,https://www.youtube.com/watch?v=lCOTv6g_NTQ,"Here's an analysis of the provided video and music, incorporating the nuances suggested by the labels:

Rhythm and Synchronization: The music maintains a consistently fast tempo throughout, characterized by quick, intricate bass lines and a driving drumbeat.  The video, featuring a musician playing the bass guitar, naturally aligns with this fast rhythm. While there aren't any visually distinct transitions or cuts that would necessitate perfectly timed musical shifts, the steady, unchanging nature of the video complements the music’s consistent tempo.  The performance feels rhythmically cohesive, with the musician’s movements and the music's flow creating a unified and energetic presentation.

Theme and Content: The content of the video – a bass guitarist performing – is indirectly related to the music itself, which appears to be a jazz fusion piece. While the video showcases a musical performance, it doesn’t explicitly represent the essence or narrative of the underlying musical piece. The music seems to have its own independent existence, perhaps drawing inspiration from abstract concepts rather than a concrete storyline related to bass guitar playing.  The video provides a visual backdrop of a musician engaged in her craft, but doesn't directly add to or subtract from the music's intrinsic thematic content.

Emotion:  The video evokes a sense of appreciation, likely stemming from the viewers witnessing a skilled musician at work. The bassist appears focused and absorbed in their performance. The music, while technically proficient, carries a less clearly defined emotional tone. While it’s energetic and intricate, it doesn’t overtly express a strong emotion like joy or melancholy. The fast pace contributes to a sense of excitement, but the primary emotion evoked by the combined audio-visual experience is still centered on the viewer's appreciation of the musician’s skill and the music’s complexity.

Cultural Relevance: The video and music do not appear to share specific cultural elements or references. The setting of the video is a small, somewhat dimly lit room, possibly a club or practice space, with no obvious cultural markers. The music, likely belonging to the jazz fusion genre, has a global appeal and isn't strongly tied to a particular geographical or cultural context. Neither the music nor the video features elements that suggest specific cultural influences, focusing instead on the musical performance itself.
",train,True,data/revision/videos/lCOTv6g_NTQ.mp4,59.9,,bee5897e62a390ae066b3e7dd2325ef2ab231c512afab182a1432239d5f3b7fc
16188,lflBROIoGBI,https://www.youtube.com/watch?v=lflBROIoGBI,"Rhythm and Synchronization: The video features gameplay footage from a first-person shooter, with quick cuts and dynamic action sequences.  The music, however, maintains a slow and steady tempo. This contrast creates a sense of disconnect between the audio and visuals.  The lack of synchronization between the music and the video edits further emphasizes this disparity. The video's inherent fast pace, dictated by the nature of the gameplay, clashes with the music's slower rhythm, resulting in a lack of rhythmic coherence.

Theme and Content: The video centers on the experience of playing a new Call of Duty game, evoking the excitement and intensity of virtual combat. The music, with its more relaxed and introspective tone, doesn't align with the fast-paced, action-packed nature of the gameplay. There's a clear thematic dissonance between the two. The music doesn't enhance or complement the video's core message of gaming excitement; instead, it creates a contrasting atmosphere.

Emotion: The video aims to evoke a sense of excitement and adrenaline associated with playing a first-person shooter. The rapid-fire action and on-screen indicators of kills and point streaks contribute to this energetic feel.  The music, on the other hand, evokes a calmer, almost melancholic mood. This mismatch in emotional tone creates a jarring juxtaposition. The music doesn't amplify the emotional impact of the video; instead, it undermines it by introducing a contrasting emotional landscape.

Cultural Relevance: The video is rooted in the culture of gaming, specifically the popular Call of Duty franchise.  The visuals, gameplay mechanics, and on-screen elements are all familiar to players of the game. The music, however, doesn't appear to have any direct connection to gaming culture or the specific context of Call of Duty. There are no shared cultural elements between the music and video, nor any specific geographical references in either.  The lack of cultural connection further reinforces the disconnect between the audio and visual components.
",train,True,data/revision/videos/lflBROIoGBI.mp4,18.0,,139eed068e538af2aa98f014dfead089e28167ad4da4c587c6b8c0d11e166772
24611,liqksg8Qe0U,https://www.youtube.com/watch?v=liqksg8Qe0U,"Rhythm and Synchronization: The video features distinct transitions at 0:03 and 0:05, shifting from a close-up of a woman holding a phone to showcasing her makeup and styling.  However, the music maintains a consistent, upbeat tempo throughout these visual changes. There's no discernible shift in the music's rhythm or melody to accompany the video's cuts, creating a sense of rhythmic disconnect.  The music's constant energy level contrasts with the video's shift in focus, resulting in a lack of synchronization. While the video transitions mark changes in subject and visual style, the music doesn't reflect these shifts, leading to a somewhat disjointed viewing experience.

Theme and Content: The video showcases a transformation, seemingly emphasizing beauty and style, possibly in preparation for an event. The woman's expressions and the close-ups on her makeup suggest a focus on visual presentation. The music, on the other hand, has a generic, upbeat pop feel. It doesn't specifically relate to beauty, fashion, or any particular event. This thematic mismatch makes the pairing feel arbitrary. The music doesn't enhance or contribute to the video's implied narrative of transformation, leaving the viewer with a sense of disconnect between the visual and auditory elements.

Emotion: The video projects an air of confidence and energy, particularly in the second half, as the woman reveals her styled look. There’s a sense of self-assuredness conveyed through her expressions and poses. The music, while also energetic, carries a different emotional tone. It feels more playful and lighthearted, lacking the sophistication and subtle intensity present in the video's visual language.  This emotional dissonance undermines the video's attempt to portray a specific mood. The music, while upbeat, doesn't amplify or resonate with the confidence and energy conveyed by the visuals.

Cultural Relevance: Neither the video nor the music appears to contain specific cultural references. The visuals focus on a universal theme of personal styling and presentation, while the music is a generic pop track.  This lack of distinct cultural elements, while not necessarily a negative, further emphasizes the disconnect between the two. There's no shared cultural ground to bridge the thematic and emotional gap. The absence of any cultural markers leaves the pairing feeling neutral and somewhat detached.
",train,True,data/revision/videos/liqksg8Qe0U.mp4,5.933333333333334,,b7c85e1b32c8e619dd1a9646cd7068fbee1de527aa57a326e58fd5bc3929ceaa
32011,lkuzv4z4r1Y,https://www.youtube.com/watch?v=lkuzv4z4r1Y,"Rhythm and Synchronization: The video showcases a heron taking flight from a river. The pace of the video is moderate, capturing the heron's deliberate movements as it prepares to fly and then its smooth ascent. The music, however, maintains a consistent, mid-tempo rhythm throughout. There's no discernible synchronization between the visual transitions in the video and changes in the music. The heron's takeoff, for instance, doesn't coincide with any particular musical cue. This lack of synchronization contributes to a sense of disconnect between the audio and visual elements.

Theme and Content: The video depicts a natural scene of a heron in its habitat. It's a simple observation of wildlife, with no clear narrative or message. The music, with its light, somewhat whimsical melody, doesn't seem to directly relate to the content of the video. While the music might evoke a sense of tranquility, it doesn't specifically enhance or detract from the video's depiction of the heron.  The themes are simply unrelated, existing independently of each other.

Emotion: The video evokes a sense of calm appreciation for nature. Observing the heron in its natural habitat can be a peaceful experience, and the video captures this quiet beauty. The music, while pleasant, carries a somewhat generic, positive emotional tone that doesn't strongly align with the specific emotion of appreciation conveyed by the video.  It doesn't heighten the emotional impact nor clash with it; it simply exists separately.

Cultural Relevance: Neither the video nor the music exhibits any prominent cultural elements. The video simply presents a natural scene, and the music is relatively neutral in its cultural expression. There are no discernible geographical references or cultural cues in either the visual or auditory components. Thus, there's neither alignment nor misalignment in terms of cultural relevance; both elements are culturally neutral.
",train,True,data/revision/videos/lkuzv4z4r1Y.mp4,8.8,,b77ab3d541106dfc3b774c8465ebe5efe9fee78b7f8aa7d01da0b379e73df01b
17165,ltx8R-Prc4Q,https://www.youtube.com/watch?v=ltx8R-Prc4Q,"Rhythm and Synchronization: The music maintains a consistently fast tempo that complements the energetic movements of the dancers throughout the video. Although there are no specifically marked timestamps for synchronization, the dancers' movements, particularly their footwork and arm gestures, appear generally synchronized with the rhythmic structure of the music, indicating a strong rhythmic coherence. The dancers' choreographed transitions and poses seem to flow smoothly with the ongoing melody, enhancing the overall visual appeal.

Theme and Content: The music's theme centers around a playful and flirtatious tone, expressing feelings of joy, excitement, and possibly even a sense of longing. While the dance itself doesn’t specifically enact a narrative related to these emotions, the music’s energetic vibe complements the dancers’ enthusiasm and joy in performing. The video showcases a dance performance, while the music seemingly tells a story of its own, creating two independent narratives that coexist.

Emotion: The video primarily evokes feelings of happiness, energy, and confidence, as evidenced by the dancers’ smiles, dynamic movements, and assured postures. The music, with its upbeat tempo and playful melody, also projects a sense of joy and energy. This shared emotional tone creates a consistent emotional experience, with the music effectively amplifying the positive vibes of the dance performance. The music's consistent upbeat nature matches the single emotional level maintained by the dancers throughout their performance.

Cultural Relevance: While the music's lyrics are in Hindi, indicating a connection to Indian culture, the video itself doesn't offer clear cultural cues beyond the dancers’ attire and the name on the studio wall. The specific geographical or cultural origin of the dance style isn't readily apparent from the video, so the cultural connection remains relatively ambiguous. There are no specific cultural elements that directly tie the music and video together beyond the shared language of the song, leading to a sense of cultural neutrality in their relationship.",train,True,data/revision/videos/ltx8R-Prc4Q.mp4,58.53333333333333,,a18e3a08b1dded76f67f6851b41c94b053cb6cd120c29e46f7d63164eb906b94
20919,lvH2zJvZykc,https://www.youtube.com/watch?v=lvH2zJvZykc,"Rhythm and Synchronization: The video features quick cuts between band members tuning their instruments, creating a dynamic visual pace. The music, a fast-paced, energetic track, generally aligns with this quick-cutting style. There are specific moments where this alignment is particularly noticeable. Around the 5-second mark, a band member yells, and while the music doesn't change dramatically, a slight shift in instrumentation occurs, almost as a reaction to the yell.  Later, at approximately the 10-second mark, another cut coincides with a more perceptible shift in the music’s energy, further enhancing the sense of rhythmic connection between the audio and visual elements. However, for the most part, the music maintains a consistent tempo and style, acting as a backdrop to the tuning process rather than directly synchronizing with every individual action.

Theme and Content: The video depicts the common experience of a band tuning their instruments before a performance or practice. The music chosen, while energetic and vibrant, doesn't directly relate to the act of tuning.  It functions more as an independent soundtrack, perhaps hinting at the type of music the band might play once tuned.  There's no explicit thematic link between the tuning process and the upbeat music, creating an interesting juxtaposition between the mundane preparation and the anticipated energetic performance.

Emotion: The video portrays a range of emotions, primarily humor and lightheartedness.  The drummer's perspective highlights the sometimes chaotic and frustrating experience of waiting for bandmates to finish tuning. There's also a sense of anticipation and excitement for the music to come.  The upbeat and energetic music aligns partially with these feelings of excitement and anticipation. However, it doesn't fully capture the humorous or slightly frustrating elements presented visually. While the music's energy contributes to the overall positive vibe, it doesn't reflect the full spectrum of emotions displayed in the video.

Cultural Relevance:  Neither the video nor the music seems to be making any specific cultural references. The scene is a generic band practice space, and the music itself doesn’t have any easily identifiable cultural markers.  The focus is on the universal experience of band members preparing to play, a relatable scenario across various cultures and musical genres. Therefore, the absence of specific cultural elements doesn't create a mismatch but rather allows for a broader interpretation and relatability.
",train,True,data/revision/videos/lvH2zJvZykc.mp4,16.983650316983653,,0976e6c9aed04c164400b2580b8df0d491e16fab428991a426485fce53cab41f
35495,m5LhpOa9Q8o,https://www.youtube.com/watch?v=m5LhpOa9Q8o,"Rhythm and Synchronization: The music's fast tempo aligns well with the energetic pace of the video. The dancer's movements, while not precisely synchronized to every beat, generally follow the rhythmic flow of the music.  The video maintains a consistent energy level throughout, similar to the music, creating a sense of rhythmic coherence. The overall effect is a cohesive presentation of music and movement, although not meticulously choreographed.

Theme and Content: The music and video are indirectly related thematically. The music seems to express a story or message related to longing and perhaps a journey, possibly referencing ""Lor Marri,"" which sounds like a place name. The video, on the other hand, primarily focuses on showcasing a dance performance. While the dancer's expressions and movements project confidence and appreciation, they don't directly relate to the lyrics or the apparent narrative suggested by the music. The lack of thematic alignment doesn't necessarily detract from the overall experience, but it also doesn't create a strong narrative connection between the two.

Emotion: The music and the video convey partially consistent emotions. The music, although upbeat in tempo, carries a slightly melancholic or longing undertone in the vocals.  The video showcases the dancer's happy, confident, and appreciative expressions and energy. This creates a slight disconnect between the auditory and visual emotional tones. The upbeat rhythm of the music does enhance the visual energy of the dance, but it doesn't fully complement the underlying emotional message seemingly conveyed in the lyrics.  The video primarily focuses on a single emotional layer of happiness and confidence, while the music hints at a more complex emotional landscape.

Cultural Relevance: There are no overtly shared cultural elements between the music and the video.  The music appears to be in a specific regional language, possibly suggesting a certain cultural context, but the video doesn't offer any visual cues to support or contradict this.  The dancer's attire, while aesthetically pleasing, doesn't appear to be specifically tied to a particular culture.  The lack of distinct cultural markers in both mediums means there's no direct cultural connection or potential for misrepresentation.  The overall presentation appears culturally neutral, focusing primarily on the dance performance itself.
",train,True,data/revision/videos/m5LhpOa9Q8o.mp4,10.566666666666666,,57782e633b2ade4204ce6c62cdb76405e6df448266c0e5dfb1e3904b390dee83
27426,m6DP2zJb-kQ,https://www.youtube.com/watch?v=m6DP2zJb-kQ,"Rhythm and Synchronization: The video features a series of relatively static shots showcasing various locations in Seville. The lack of significant movement within each shot and the quick transitions between them create a sense of rapid visual progression.  However, the music maintains a slow, consistent tempo throughout. This creates a disconnect between the visual pace and the auditory rhythm. Since there are minimal changes within each visual scene, the absence of musical shifts at the transition points doesn't further emphasize the rhythmic dissonance, but the overall effect is a lack of synchronization between the two.

Theme and Content: The video showcases the beauty of Seville, presenting a visual travelogue of various architectural marvels and cultural scenes. The music, however, lacks a clear thematic connection to the video content. Its slow, somewhat melancholic melody doesn't explicitly reflect the vibrancy and diversity of Seville depicted in the visuals. There isn't a discernible narrative being conveyed by either the video or the music, so there's no narrative enhancement or dissonance to consider. The two exist independently, each presenting its own aesthetic experience without a clear thematic link.

Emotion: The video, primarily showcasing tourist attractions, maintains a neutral emotional tone.  It invites viewers to appreciate the visual beauty of Seville without evoking strong specific emotions. The music, in contrast, has a more melancholic and reflective quality. This difference in emotional tone creates a dissonance. The music doesn't necessarily elevate or diminish the video's impact but rather adds a layer of emotional complexity that doesn't directly relate to the visual content.

Cultural Relevance: The video provides a glimpse into the architecture and some cultural aspects of Seville, such as flamenco dancing. However, the music doesn't incorporate any discernible Spanish or Sevillian musical elements. Its style and instrumentation don't seem to have a direct cultural connection to the video's location. This absence of shared cultural elements in the music weakens the overall coherence between the auditory and visual experiences. The music could have been paired with footage of any location, and its impact wouldn't change significantly.
",train,True,data/revision/videos/m6DP2zJb-kQ.mp4,15.6,,a588c079b520d4bb6a3ed88391dfd852cb2c90a045526103f97c07cfb5bad5ed
41750,mJKoHHohiqM,https://www.youtube.com/watch?v=mJKoHHohiqM,"Rhythm and Synchronization: The music has a fast and energetic tempo, featuring a distinct beat.  However, the video, showcasing gameplay of a platformer game, doesn't have clear, defined transitions or changes in pace that correspond to the music’s rhythm. The lack of visual dynamism and discernible editing points creates a sense of rhythmic disconnect. The actions within the game, such as jumping and maneuvering around obstacles, don’t appear to be synchronized with the music’s beat. This results in a feeling that the music and video exist independently rather than complementing each other rhythmically.

Theme and Content: The upbeat and driving nature of the music, which seems to evoke feelings of excitement and action, contrasts sharply with the video's content. The video depicts relatively simple gameplay, devoid of any significant narrative or storyline. While the music might be suitable for a fast-paced, action-packed sequence, the rather straightforward nature of the gameplay doesn't provide the visual content to match the music's intensity. This thematic mismatch creates a disconnect, as the music suggests a level of excitement and drama that the video doesn't deliver.

Emotion: The music possesses a distinct energy, conveying a sense of excitement, even exhilaration. In contrast, the video showcases rather unemotional gameplay, with a focus on simple actions and movements.  There is no discernible emotional arc within the video itself. Consequently, the energetic and uplifting mood of the music clashes with the emotionally neutral tone of the video. The music’s vibrancy doesn’t enhance or reflect the video’s content, creating an emotional dissonance.

Cultural Relevance:  Neither the music nor the video seem to contain any readily identifiable cultural elements or geographical references.  The music appears generic in style and doesn't suggest any particular cultural origin. Similarly, the visuals in the game are simple and don’t evoke a specific culture or location. There’s no apparent thematic or stylistic connection between the two that would suggest a shared cultural context. Therefore, while there's no explicit cultural clash, there's also no cultural synergy or shared relevance between the audio and visual elements.
",train,True,data/revision/videos/mJKoHHohiqM.mp4,27.333333333333332,,e415e86dc3b33492d7174637d3406d18ba405095b3d74522d22402c2f6a2fc16
22673,mLve0fZDFds,https://www.youtube.com/watch?v=mLve0fZDFds,"Rhythm and Synchronization: The video showcases a cylindrical object, likely made of carbon fiber, being rotated and then unfurled, revealing its flexible nature. The music features a constant, repetitive electronic beat. There's a disconnect between the visual changes in the video and the unchanging nature of the music. The video has distinct shifts in motion – the initial rotation, the beginning of the unfurling around the 8-second mark, and the continued unfolding – yet the music doesn't acknowledge these shifts. This creates a lack of rhythmic coherence, giving the impression that the music and video exist independently rather than supporting each other.

Theme and Content: The video primarily focuses on demonstrating the material properties of what appears to be carbon fiber – its flexibility, texture, and pattern. The music, with its electronic beat, doesn't inherently relate to this subject matter. It doesn't enhance or detract from the video's core message, but it doesn't add anything either.  There’s no clear narrative in the video for the music to complement, leading to a sense of thematic dissonance. The music could be used in a variety of different videos and wouldn't be particularly fitting for this specific context.

Emotion: The video itself is neutral in its emotional tone. It's a simple demonstration and doesn't evoke any strong feelings.  The music, while somewhat repetitive, has a slightly energetic and modern feel. It's not intensely joyful or melancholic, but it leans slightly more toward a sense of activity than passivity. This slight energy doesn't clash with the video's neutrality, but it doesn't enhance it either. Ultimately, there’s a disconnect in emotional tone; the music suggests a level of dynamism that the simple presentation of the material doesn't possess.

Cultural Relevance:  Neither the video nor the music possess overt cultural markers. The material being showcased (likely carbon fiber) is a product of modern material science and doesn't have strong cultural ties. Similarly, the generic electronic music lacks distinct cultural references. This results in a neutral ground where neither element clashes culturally, but there's no meaningful connection or shared cultural relevance either.
",test,True,data/revision/videos/mLve0fZDFds.mp4,14.206896551724139,,ceb9c01f48738defdbfc7d8a5f78c1037336bf2cf7516eaa87bb526ed62d1790
6521,mQsetdqStJ8,https://www.youtube.com/watch?v=mQsetdqStJ8,"Rhythm and Synchronization: The music's relaxed tempo complements the generally slow pace of the video, which depicts a family's Chinese New Year's Eve preparations and celebration. While the video transitions through various scenes, the music maintains a consistent, unhurried rhythm. However, there's a notable shift in the music around the 16-second mark, coinciding with a transition in the video from showing the preparation of food ingredients to focusing on the dumpling filling itself. This subtle synchronization adds a touch of emphasis to this important step in the cooking process, enhancing the viewing experience. Otherwise, the music mostly functions as a backdrop to the events unfolding on screen, offering a pleasant and non-intrusive accompaniment.

Theme and Content: The video centers around a family's celebration of Chinese New Year's Eve in a rural setting. The music, while pleasant and atmospheric, doesn't directly relate to the specific cultural aspects of the holiday. The melody doesn't include any traditional Chinese musical elements or other cues that would immediately connect it with the New Year celebrations. It focuses more on creating a gentle, homely atmosphere, which, while fitting the overall mood of family togetherness, doesn't add a narrative layer or specifically enhance the video's message about Chinese New Year.

Emotion: The video portrays a warm and happy atmosphere, capturing the joy and excitement of the family as they prepare for their New Year's Eve celebration.  The music, with its light, melodic character, does contribute to a feeling of general contentment and tranquility. However, it lacks the vibrant and celebratory feel often associated with festive occasions. While the music doesn't clash with the video's emotional tone, it doesn't fully amplify the joy and anticipation evident in the visuals. It provides a pleasant backdrop but doesn't elevate the emotional impact of the video significantly.

Cultural Relevance: The video is rich in cultural details specific to Chinese New Year, from the food preparation and decorations to the firecrackers and ancestral offerings.  However, these cultural elements aren't reflected in the accompanying music. The soundtrack lacks any discernible Chinese musical influences or instrumentation. It doesn't contain any geographical references or sonic cues that would connect it to any particular region or culture. While the visuals clearly place the event within a specific cultural context, the music remains culturally neutral. This disconnect prevents a deeper integration of the audio-visual experience. The music serves as a general background rather than a culturally relevant complement to the video's content.
",train,True,data/revision/videos/mQsetdqStJ8.mp4,59.92,,08a97d891e4cc29b8436030ecab66483815c41eca6fd244bb2dea677123c8d01
22648,nNqDnfZkD_A,https://www.youtube.com/watch?v=nNqDnfZkD_A,"Rhythm and Synchronization: The video maintains a medium pace throughout, shifting between scenes of a woman posing for a photo on a roadway, a man at his computer editing the photo, and close-ups of the editing process. The music, however, follows its own rhythmic structure, independent of the visual transitions. This lack of synchronization is noticeable.  Because there are no indicated points of synchronization, the visual and auditory elements don't engage in a rhythmic dialogue, leading to a sense of separation between the two.  The music's rhythm doesn’t accentuate any specific actions or cuts in the video.

Theme and Content: The video showcases the process of photo editing, demonstrating how a plain image can be transformed into something more visually appealing.  The music, on the other hand, doesn’t seem to share any thematic connection with photo editing or visual arts. This disconnection creates a sense of thematic dissonance. The music neither enhances nor detracts from the video's core message, but simply exists as a separate auditory layer.

Emotion: The video projects a sense of calm creativity and a touch of appreciation for the art of photo editing.  The man's enthusiasm adds a lighthearted touch to the tutorial-like presentation.  However, the music evokes a different emotional landscape. The music maintains a more neutral or even slightly detached tone, not reflecting the subtle emotions conveyed by the video. This difference leads to a lack of emotional coherence. The music doesn't amplify or diminish the emotional impact of the video; rather, it adds a distinct emotional layer that doesn't interact with the video's emotional arc.

Cultural Relevance: There are no discernible cultural elements present in either the video or the music. The video focuses on a universal process of photo editing, while the music maintains a generic, non-culturally specific sound. There aren't any geographical references or other cultural markers in either medium. This lack of shared cultural elements further contributes to the overall sense of separation between the audio and visual components.  The two exist independently, without any cross-cultural dialogue or connection.
",test,True,data/revision/videos/nNqDnfZkD_A.mp4,51.06666666666667,,4290deb7d81afa65f77741f0790b489f8b34142cd7504c7bb8a1a3625e322979
31581,nV5BZgKSJ4U,https://www.youtube.com/watch?v=nV5BZgKSJ4U,"Certainly! Here's an analysis of the video and music, incorporating the provided labels to refine the interpretation:

**Rhythm and Synchronization:** The video depicts the preparation and cooking of a fish dish. It features a series of cuts showing different stages of the process: ingredient preparation, frying the fish and vegetables, making the sauce, and finally, plating the dish.  The rhythm of the video is fast, with frequent transitions between these stages. The music, however, maintains a constant, upbeat tempo throughout, creating a sense of continuous activity that doesn't quite mirror the stop-and-start rhythm implicit in the video's edits.  This constant tempo doesn't adapt to the various stages of cooking, such as the slower, more deliberate sauce preparation versus the quick frying of the fish.  This mismatch contributes to a sense of rhythmic disconnect between the audio and visual elements.

**Theme and Content:** The video showcases the process of cooking a specific fish dish. The music, a generic upbeat tune, does not thematically connect with the video's culinary theme. There's no evident connection between the music's melody, instrumentation, or style, and the preparation of food.  It lacks any specific auditory cues that might evoke the sizzle of frying fish, the chopping of vegetables, or the simmering of a sauce.  The absence of thematic alignment makes the music feel like a separate entity, rather than an integral part of the video's narrative.

**Emotion:**  The video itself is largely informational, without any strong emotional overtones. It focuses on demonstrating the cooking process rather than evoking particular feelings.  The music, with its upbeat tempo, could be interpreted as cheerful or energetic. However, this perceived cheerfulness doesn't necessarily enhance the video's impact. Instead, the mismatch between the video's neutral emotional tone and the music's potentially positive tone creates a dissonance. The music, while not unpleasant, doesn't amplify or complement any specific emotion within the video's content.

**Cultural Relevance:** The video features elements suggestive of Southeast Asian cuisine, specifically Filipino, as indicated by the text ""Ang Sarap"" which means ""It's Delicious"" in Tagalog. The ingredients, cooking style, and even the backyard setting hint at a specific cultural context.  However, the music lacks any discernible cultural markers that might align with the video's setting. It sounds generic and could be applied to various videos without any particular cultural connection. This lack of shared cultural elements between the music and the video further reinforces the feeling of disconnect between the two.


I hope this more comprehensive analysis is helpful! Please let me know if you have any other questions.",train,True,data/revision/videos/nV5BZgKSJ4U.mp4,59.06666666666667,,aaa4380968e84090f1675bd7c2d66a689e02220af7acc7ccc026c64e496e883c
24637,nZlS9ulg0XE,https://www.youtube.com/watch?v=nZlS9ulg0XE,"Rhythm and Synchronization: The music's tempo and the video's pace are well-matched, shifting between slower and more energetic segments, mirroring the dancers' movements. The synchronization between the music's rhythm and the video's cuts is very precise at certain moments. For example, at 0:17, a musical shift aligns perfectly with a change in the video's focus, introducing a new dancer and a different movement style. A similar instance of precise synchronization occurs at 0:23, marking another transition to a new dancer and movement at the barre. Finally, at 0:29, the music changes synchronously with a shift to a more dynamic sequence. These points of rhythmic coherence underscore the video's comedic timing and emphasize the dancers' individuality and the variety of movements within the ballet class.

Theme and Content: The upbeat and playful theme of the music complements the video's content, which showcases a ballet class with a lighthearted and chaotic atmosphere. While the music doesn't directly narrate the video's events, it creates an independent narrative of its own, contributing to the overall sense of fun and energy. The video focuses on the unpredictable nature of a ballet class, highlighted by humorous moments and unexpected interactions between the dancers and instructor, which the music effectively amplifies. 

Emotion: The music’s predominantly joyful style matches the video's generally happy and confident tone. The dancers exhibit confidence in their movements, whether performing graceful leaps or reacting to unexpected events, such as slipping or needing a break. The consistent emotional coherence between the music and video creates an overall uplifting experience. The music doesn't necessarily elevate the video's emotional impact, but it definitely supports and enhances the lighthearted atmosphere, making the video more engaging and entertaining.


Cultural Relevance: Neither the music nor the video seem to have strong cultural elements, focusing primarily on the universal language of dance and music in a contemporary setting. There are no specific geographical references in either the music or video, and the lack of pronounced cultural elements allows the focus to remain on the dynamic interplay between the dancers and the music. The absence of cultural elements doesn't detract from the overall impact, but instead creates a neutral backdrop for the video's comedic and energetic theme.
",train,True,data/revision/videos/nZlS9ulg0XE.mp4,59.13333333333333,,c627b81cd6e5790b78e55b7738ee25a6cf05feabfb1eef2a2418607e36ab9978
7940,nl-Vs63BrOk,https://www.youtube.com/watch?v=nl-Vs63BrOk,"Rhythm and Synchronization: The video maintains a fast pace, switching between different characters from The Walking Dead approximately every two seconds.  The music, however, follows a consistent, moderate tempo with a repetitive melodic phrase. This creates a disconnect between the rapid visual changes and the steady, unchanging auditory backdrop. The lack of synchronization emphasizes the video's quick cuts, making them feel more abrupt and less integrated with the music.

Theme and Content: The video presents a compilation of favorite characters from each season of The Walking Dead. The music, a pop song, does not thematically connect with the post-apocalyptic, survival-focused themes of the show.  There's no shared narrative or message between the two, leading to thematic dissonance. The pop song's themes of love and longing feel out of place alongside the gritty, often violent imagery of the show.

Emotion: The video primarily focuses on showcasing characters with minimal emphasis on emotional scenes. The characters' expressions range from neutral to intense, but the rapid cuts prevent any single emotion from resonating deeply. The upbeat, almost carefree tone of the music clashes with the serious and often grim atmosphere associated with The Walking Dead. This mismatch undermines any potential emotional impact the video might have had, especially given its rapid-fire presentation of characters.

Cultural Relevance:  The video is directly tied to the popular culture phenomenon of The Walking Dead, a television series with a global following.  The music, a generic pop song, has no discernible cultural ties to the show itself. There's no shared geographical reference or any other element that bridges the gap between the specific cultural context of The Walking Dead and the broadly appealing, but ultimately unrelated, pop music.  This lack of connection further contributes to the overall sense of dissonance between the video and the audio.
",train,True,data/revision/videos/nl-Vs63BrOk.mp4,43.7,,a3c3104f142d3280fb03e9a04d2492bc2c94609fc997e7ab998df48393a0f8a7
4395,nvCDr09c4yA,https://www.youtube.com/watch?v=nvCDr09c4yA,"Rhythm and Synchronization: The video features a series of quick cuts showcasing various exercises, creating a fast-paced visual experience. The music's tempo is similarly energetic and driving, effectively matching the video's dynamic nature. While there aren't distinct transitions in the music timed precisely with every cut in the video, the overall consistent energy and driving rhythm of the music aligns well with the visual pacing.  The music underscores the intensity of the workout montage, contributing to a sense of momentum and power.

Theme and Content: The video focuses on physical fitness, showcasing a variety of exercises and athletic movements. The music, with its strong beat and energetic feel, complements the theme of exercise and exertion. While the music doesn't tell a specific story that directly relates to the video's content, it does reinforce the overall message of strength, dedication, and the physicality of the workout. The music acts as a general backdrop for the video's theme, enhancing the viewing experience.

Emotion: The video itself presents a neutral emotional tone, focusing more on showcasing the athlete's performance than conveying a particular feeling.  The music, however, has a powerful and invigorating quality.  While this energetic music might not directly mirror the athlete's potentially complex emotional state during the workout, it does provide a stimulating soundscape that energizes the visuals.  The music contributes to an overall feeling of motivation and intensity associated with strenuous exercise.  

Cultural Relevance: Neither the video nor the music contains overt cultural references or elements.  The video depicts standard workout exercises in a generic gym setting, and the music is a relatively generic electronic track. The focus is purely on the athleticism and the intensity of the training regimen, without any discernible cultural context.
",train,True,data/revision/videos/nvCDr09c4yA.mp4,14.266666666666667,,259aec0fbc75d11ac9ee604747b5185ae9f1863b74da9dbd31a2a2c2808f38fe
16812,o62FbcFnKas,https://www.youtube.com/watch?v=o62FbcFnKas,"Rhythm and Synchronization: The music maintains a consistent, medium tempo throughout its duration. The video features a model walking down a runway, also at a relatively steady pace. While the video doesn't have abrupt transitions or cuts that would typically synchronize with musical changes, the overall rhythmic coherence is good. The music's consistent flow complements the model's smooth, deliberate walk, creating a sense of elegance and composure. There are no sharp changes in either the video or the music, giving the impression of a continuous, unified presentation.

Theme and Content: The music and the video don't share a direct thematic connection. The music evokes a grand, somewhat dramatic atmosphere, while the video focuses on showcasing a fashion design.  The video is primarily about the visual presentation of the dress and the model's confident walk, while the music, although dramatic, doesn't specifically relate to fashion or runway shows. The lack of a clear narrative in the video further contributes to this thematic separation.

Emotion:  The video portrays the model as confident and composed. The audience might also experience a sense of appreciation for the design and presentation of the garment. The music, with its majestic tone, adds a layer of grandeur to the visual presentation. Although the emotional tones aren't a perfect match, the music's grandeur doesn't clash with the confidence and appreciation conveyed by the video.  The music contributes to an overall atmosphere of elegance and sophistication, which could be interpreted as partially aligned with the confident demeanor of the model.

Cultural Relevance: Neither the video nor the music exhibit any explicit cultural elements. The setting of the video appears to be a standard fashion runway, without specific cultural markers. The music itself is also relatively generic in terms of cultural references.  The focus remains solely on the fashion presentation in the video and the dramatic soundscape in the music, without delving into any specific cultural context.
",train,True,data/revision/videos/o62FbcFnKas.mp4,10.566666666666666,,1fc82415f9be1dff97d8c09bab5ea851ccd71701a79e25a43c094535098bb12c
18483,oGQUqMfEw1Q,https://www.youtube.com/watch?v=oGQUqMfEw1Q,"Rhythm and Synchronization: The fast-paced, rhythmic rap music contrasts sharply with the relatively static visuals of the financial transaction being displayed on the phone screen.  The video itself lacks significant dynamic changes or cuts, with the primary action being the progression of a cash-out process.  Because the video has minimal changes, the music doesn't have distinct moments to synchronize with. This creates a sense of disconnect. The constant, driving rhythm of the music feels superimposed on the video rather than integrated with it.

Theme and Content: The theme of the music, which focuses on money, initially seems to align with the video's depiction of a financial transaction. However, the lyrics about risky financial schemes and illicit activities clash with the seemingly legitimate cash-out process shown in the video. This thematic dissonance creates a sense of irony, potentially suggesting a commentary on the allure and dangers of quick money. The music doesn't enhance the narrative of the cash-out; instead, it introduces a separate and somewhat conflicting narrative.

Emotion: The music conveys a sense of confidence, perhaps even bravado, related to financial success. The video, on the other hand, is emotionally neutral, simply displaying the steps of a financial transaction. This mismatch in emotional tone further contributes to the disconnect between the audio and visual elements. The video evokes no particular emotion, while the music projects a strong sense of self-assuredness that doesn't align with the neutral presentation of the financial app interaction. The music doesn't elevate any emotional impact, as the video itself lacks one.

Cultural Relevance: Neither the music nor the video display any overt cultural elements. The video focuses on a universal action – a financial transaction – while the music centers on a general theme of money. There aren't specific geographical references in either the music or the video. This lack of specific cultural markers makes the pairing feel somewhat generic and further contributes to the overall sense of detachment between the two. The music and the video could be from anywhere and don't connect on a cultural level.
",train,True,data/revision/videos/oGQUqMfEw1Q.mp4,12.604386170295793,,7847cea8b560e83129287d5d9dbeed35e47ae8790320a9c44f5a11b6b26e0d9f
16418,oOkG9_MUcHw,https://www.youtube.com/watch?v=oOkG9_MUcHw,"Rhythm and Synchronization: The music, a relatively fast-paced Tamil song, feels disjointed from the video content. The video itself is a static shot of a family meal, with minimal movement or scene changes. Since there aren't distinct transitions in the video, there's no opportunity for synchronization with the music's rhythm or beat changes.  The consistent visual scene contrasts with the music's dynamic rhythm, resulting in a lack of rhythmic coherence. The music progresses with its own energy, while the visuals remain steady, creating a sense of disconnect.

Theme and Content: The thematic disconnect between the video and the audio is significant. The video shows a family sharing a meal, a scene suggesting togetherness, perhaps a daily routine or a special occasion.  The lyrics of the Tamil song seem to speak of relationships and life experiences, but the specific content doesn't directly relate to the family meal depicted. The music does not narratively support or enhance the video's content; they exist independently of each other.

Emotion: The video portrays a neutral emotional tone. The family members are engaged in eating, with no visible displays of strong emotions.  The music, while upbeat, doesn't carry a clearly defined emotional quality in this context.  It's not particularly joyful, melancholic, or suspenseful, resulting in a mismatch between the video's neutral tone and the music's somewhat ambiguous emotional character. The music doesn't enhance or elevate any underlying emotion in the video; it simply plays over the scene.

Cultural Relevance: While both the music (Tamil language) and video (depicting a South Asian family meal) have cultural elements, they don't share a specific connection.  The music doesn't seem to reflect the specific cultural context of the meal being shown. There aren't any specific geographical references in either the music or the video that directly align or create a shared cultural relevance. The family's activity of eating is universally understood, not tied to any specific cultural celebration or tradition apparent in the visuals.  The music, although culturally specific in its language, does not reinforce or interact with the cultural aspects of the video.
",train,True,data/revision/videos/oOkG9_MUcHw.mp4,15.166666666666666,,e6af0cb314ac8cbe9f7f7c8978c71bd0f159bdf2f98e9cf9d0f5c2fa57aaa3c3
35761,oeIFvpkDp14,https://www.youtube.com/watch?v=oeIFvpkDp14,"Rhythm and Synchronization: The music maintains a consistent, fast tempo throughout, characterized by a driving electronic beat and a sense of urgency.  The video, however, features a series of distinct scenes showcasing different features of the Vivo T3 smartphone, each with its own visual pacing.  Since there are no specific timestamps provided indicating synchronized transitions, it appears the visual transitions occur somewhat independently of the music. This creates a sense of rhythmic detachment where the music's relentless pace doesn't directly reflect the shifts in the video's visual focus. While the individual scenes themselves often have a dynamic quality, the overall effect is a lack of cohesive rhythmic flow between the audio and visual components.

Theme and Content: The music’s electronic, futuristic theme evokes a sense of technological advancement and cutting-edge design. While the video focuses on a specific piece of technology, a smartphone, the connection feels indirect. The music could be suitable for a broader range of tech-related content and doesn't specifically highlight the characteristics or functionalities of the Vivo T3. The video’s primary function is informational, detailing the phone's features, while the music seems more focused on creating a general atmosphere of modernity and innovation. Therefore, while not entirely dissonant, the music doesn't particularly enhance or directly support the video's message about the specific phone being showcased.

Emotion: The video presents information about the phone in a neutral, objective manner, without aiming to evoke a particular emotional response. The music, on the other hand, carries a certain energy and excitement, typical of electronic dance music.  This disconnect between the video's neutral emotional tone and the music's energetic vibe results in a lack of emotional coherence. The music doesn't necessarily detract from the video, but neither does it amplify or complement the emotional experience of watching it.

Cultural Relevance: Neither the video nor the music have any easily discernible cultural elements. The video concentrates on the phone's technical specifications and design, while the music employs a generic electronic style without specific cultural markers. This lack of cultural references in both components contributes to their neutral, somewhat detached relationship.  Both elements avoid making specific geographic or cultural allusions, maintaining a global and universally applicable aesthetic.  This also limits opportunities for deeper connections or potential clashes based on cultural interpretations.",val,True,data/revision/videos/oeIFvpkDp14.mp4,49.733333333333334,,01ff917a99ef3422da8ba872bd81360570c1d184821a1295ef0e83dcfea7fa02
37411,oj0aX5eQctI,https://www.youtube.com/watch?v=oj0aX5eQctI,"Rhythm and Synchronization: The music maintains a consistent medium tempo throughout, which generally aligns with the pace of the boy's dance moves. There are no abrupt changes in either the music or the video, creating a relatively smooth, continuous flow. The video lacks distinct transitions or cuts that could be synchronized with the music, and the music itself does not have sharp changes in rhythm or melody. This lack of distinct markers makes it difficult to pinpoint moments of precise synchronization or dissonance. However, the consistent tempo of both the music and dance creates a sense of overall rhythmic coherence.

Theme and Content: The song's lyrical themes of confidence and romantic interest seem somewhat disconnected from the video's content, which focuses on a young boy's dance performance. While the confident delivery of the song might complement the dancer's seemingly confident demeanor, there is no direct narrative connection between the two. The music could be interpreted as providing an independent soundtrack to the video, rather than specifically enhancing or commenting on the dance itself.

Emotion: The music exudes a confident and somewhat playful vibe, while the video showcases a boy dancing with what appears to be focused determination and perhaps a sense of enjoyment.  While both the music and video have elements of confidence, they don’t entirely align emotionally. The song has undertones of romantic interest which is not reflected in the dance performance.  The music doesn’t necessarily elevate the emotional impact of the video, but it also doesn't clash with it dramatically. The emotional tone is more parallel than synergistic.

Cultural Relevance: Neither the music nor the video appears to have any strong ties to specific cultural elements. The setting of the dance performance is relatively generic, and the music itself has a contemporary pop sound without any distinct cultural markers. The absence of pronounced cultural references in both the music and video leads to a sense of neutrality in this aspect. They are simply unrelated in terms of cultural significance.
",train,True,data/revision/videos/oj0aX5eQctI.mp4,11.466666666666667,,2cfb1f1936fce2ee8b6a0b169f0d390feb399f967b25430afad0c0db38870cdd
7205,oqR_TteeDo0,https://www.youtube.com/watch?v=oqR_TteeDo0,"Rhythm and Synchronization: The music's tempo is a relatively slow, repetitive electronic beat. The video, however, features a static shot of an arm-wrestling match, with minimal movement beyond the struggle between the two competitors.  Given the lack of dynamic cuts or significant shifts in the video's action, the music's consistent tempo feels somewhat disconnected. There's no discernible synchronization between the music's rhythm and any particular actions or moments within the video.  The overall rhythmic coherence is weak, as the music's repetitive beat doesn't reflect or enhance the subtle tensions and power struggles present in the arm-wrestling match.

Theme and Content: The electronic music and the arm-wrestling match depicted in the video are thematically unrelated. The music suggests a perhaps futuristic or technological atmosphere, while the video portrays a physical contest of strength. The music does nothing to enhance or explain the narrative of the competition; it doesn't build tension or highlight key moments.  This thematic dissonance creates a disconnect between the audio and visual elements, leaving the viewer with a sense of incongruity.

Emotion: The video evokes a sense of appreciation for the athletes' strength and the tension of the competition, with some viewers possibly feeling a neutral, no_emotion response.  The electronic music, however, does not effectively mirror or enhance these emotions. Its repetitive, almost monotonous beat doesn't create a sense of excitement or tension, nor does it convey any particular emotional depth. The emotional tone of the video and the style of the music are mismatched, resulting in a lack of emotional coherence. Instead of elevating the emotional impact of the video, the music feels detached and irrelevant to the displayed content.

Cultural Relevance: There are no discernible shared cultural elements between the electronic music and the arm-wrestling video. The video appears to be from a competition possibly in India, judging from the text on the backdrop, but the music doesn't reflect any specific cultural origins.  Neither the music nor the video seems to use cultural elements in a way that enhances the other.  The lack of alignment in geographical references or cultural cues further contributes to the overall disconnect between the audio and visual components.
",train,True,data/revision/videos/oqR_TteeDo0.mp4,13.967509629877743,,5af4fab23e6ce642203623690ab46839719bcfe21bb1cc2cfbbf5359b7a77b5c
1987,pWQRcUCazBQ,https://www.youtube.com/watch?v=pWQRcUCazBQ,"Rhythm and Synchronization: The upbeat tempo of the music contrasts sharply with the relatively slow pace of the video, creating a somewhat jarring juxtaposition.  However, the music does exhibit distinct shifts in its rhythm that align with the video's transitions.  For instance, at 2 seconds, when the video introduces the first fact about the show ""Friends,"" the music introduces a new melodic phrase.  This pattern repeats at 12 seconds, 21 seconds, 31 seconds, and 40 seconds, coinciding with the introduction of each subsequent fact. These rhythmic changes in the music provide a subtle underscore to the video's segmented structure, creating a sense of punctuation between each presented fact despite the overall tempo mismatch.  In my opinion, this makes the video more digestible despite the incongruous nature of the audio. The video itself has minimal changes or dynamism, but the audio makes up for it.

Theme and Content: The themes presented in the music and the video are largely unrelated. The music carries a jovial and celebratory tone, while the video provides factual information about the television show ""Friends."" The music doesn't particularly enhance or detract from the narrative presented in the video; it simply exists as a backdrop.  This thematic dissonance doesn't necessarily create a negative viewing experience but rather a neutral one where the music acts more as filler than a complementary component.

Emotion: While the video itself elicits a feeling of lighthearted amusement as it presents trivia about a beloved sitcom, the music evokes a distinct sense of joy and celebration. The cheerful melody and upbeat rhythm create a celebratory atmosphere that doesn't precisely mirror the video's slightly more subdued emotional tone. This partial emotional disconnect prevents the music from truly elevating the video's impact; instead, it creates a slight contrast.

Cultural Relevance: Neither the music nor the video exhibits specific cultural markers. The video focuses solely on behind-the-scenes details of a particular American television program, devoid of broader cultural references. Similarly, the music is generally upbeat and pop-oriented, lacking any discernible cultural or geographical signifiers. Therefore, there's neither alignment nor misalignment in terms of cultural representation; both elements are culturally neutral in this specific context.
",train,True,data/revision/videos/pWQRcUCazBQ.mp4,58.52,,3be8e7c18e33d91e82ca7877db9331bb62698b7822952df26ba330b773fed442
24597,p_rgsgf6Na0,https://www.youtube.com/watch?v=p_rgsgf6Na0,"Rhythm and Synchronization: The music maintains a consistent, moderately fast tempo throughout. The video, however, shifts in pace. Initially, it features slow, deliberate movements as the man lies on the bed, covering his eyes. The video's pace quickens slightly when the woman enters and interacts with him. There's no direct synchronization between the musical rhythm and the video's actions or cuts.  The lack of visual dynamism in the video further emphasizes the disconnect between the video's pace and the music's consistent tempo.  The overall effect is a sense of rhythmic dissonance. The music seems to exist independently of the visuals, rather than enhancing or responding to them.

Theme and Content: The music's lyrics, seemingly about longing and heartbreak, create a thematic tension with the video's content. While the video portrays a tender moment between a couple, with the woman comforting the man, the music suggests a sense of sorrow and perhaps even betrayal. The music doesn't directly contradict the video's narrative but doesn't support or reinforce it either.  The song seems to tell a different story altogether, one that is not visibly represented in the video. This creates a sense of thematic dissonance, as the viewer is left to reconcile the contrasting narratives presented by the audio and visual elements.

Emotion: The video evokes a mix of melancholy and romance. The man's initial actions suggest sadness or weariness, but the woman's gentle affection introduces a sense of tenderness and intimacy. The music, while seemingly upbeat in tempo, conveys a feeling of melancholy through its lyrics. This creates a partial emotional consistency. The shared melancholic undertone provides a point of connection, but the video’s romantic element contrasts with the song's seemingly more negative emotional core. This partial dissonance makes the overall emotional impact somewhat complex and possibly ambiguous.

Cultural Relevance: Neither the video nor the music exhibit any readily identifiable cultural elements. The setting appears generic, and the actions are universally relatable. The music, while sung in a specific language (likely Tamil based on the labeled tags), does not incorporate any distinct cultural markers in its melody or instrumentation. This lack of explicit cultural elements in both audio and visual components results in a neutral cultural presentation. There's neither alignment nor misalignment, simply a lack of any overt cultural referencing.
",val,True,data/revision/videos/p_rgsgf6Na0.mp4,48.333333333333336,,0e6ad84c6f19b657ef7ab3c2e7a28e03844c75df8823f817fd346021b84e538b
5165,pi0Tjah-5Ac,https://www.youtube.com/watch?v=pi0Tjah-5Ac,"Rhythm and Synchronization: The music maintains a consistent, medium tempo throughout. The video, however, shifts between quicker movements, such as when the man is picking the smaller tomatoes, and slower, more deliberate actions as he harvests the larger ones.  Due to the lack of defined transitions or cuts in the video, the continuous, steady rhythm of the music doesn't synchronize with the changes in the video's pace, creating a sense of disconnect between the two. The music feels superimposed rather than integrated.

Theme and Content:  The video showcases a man harvesting various types of tomatoes in a garden. It's a simple, everyday activity focused on the bounty of nature. The music, with its gentle, almost whimsical melody, doesn't directly relate to the act of harvesting or the agricultural context. The thematic content of the music is unclear, making its connection to the video's theme of gardening and harvesting feel tenuous and irrelevant.

Emotion: The video evokes a sense of tranquility and quiet focus as the man works in his garden.  His actions are calm and repetitive, creating a peaceful atmosphere. The music, while also gentle, carries a slightly whimsical and almost playful undertone, which doesn't entirely match the calm, almost meditative feel of the video.  This slight difference in emotional tone doesn't clash dramatically, but it prevents the music from truly elevating or deepening the video's emotional impact. The emotional connection between the two remains superficial.

Cultural Relevance: The video depicts a common activity – gardening – without any overt cultural markers.  The setting could be anywhere, and the man's actions are universally relatable. The music similarly lacks any identifiable cultural elements. It's a generic, pleasant melody with no specific geographic or stylistic cues. While this absence of defined cultural elements in both the video and music prevents a clash, it also means there's no shared cultural ground to create a stronger connection.  Both elements remain culturally neutral, existing in separate spheres.
",test,True,data/revision/videos/pi0Tjah-5Ac.mp4,23.766666666666666,,c553867414ec23c16fb9102b4e3b8082f4b7971f27669107ceecfc78c97a6ca7
11887,pnXym7uuqZo,https://www.youtube.com/watch?v=pnXym7uuqZo,"Rhythm and Synchronization: The video features several distinct transitions. At 10 seconds, the focus shifts from a marching band to two marines standing at attention, without a corresponding change in the music.  Around 20 seconds, the scene changes again to a close-up of the band playing, once again with no noticeable musical shift.  Finally, at 30 seconds, the video cuts to a speaker at a podium, again with a continuous, unchanging musical backdrop. The music maintains a slow and steady tempo throughout, which seems somewhat detached from the visual changes in the video. While the music's rhythm isn't jarring against the visual transitions, it doesn't particularly accentuate them either, creating a sense of rhythmic continuity that overlays the segmented structure of the video itself.

Theme and Content: The video presents a series of scenes seemingly related to a military event or ceremony, possibly a change of command or a commemorative occasion. The music, however, doesn't directly reflect this theme. It lacks the typical martial qualities often associated with military ceremonies, opting instead for a more relaxed and upbeat tone.  This creates a dissonance between the visual narrative, which emphasizes formality and tradition, and the music's more casual and celebratory ambiance. The music doesn't enhance or clarify the apparent message of the video; rather, it adds a somewhat incongruous layer to the overall presentation.

Emotion: The video evokes a mix of emotions, primarily solemnity and respect, possibly tinged with anticipation or excitement given the ceremonial context.  The visuals of uniformed marines standing at attention and a speaker addressing a crowd convey formality and a sense of occasion.  The music, in contrast, projects a more cheerful and relaxed mood. This mismatch in emotional tone creates a peculiar viewing experience. The music's energy clashes with the solemnity of the ceremony, diminishing the overall impact of the visual narrative. Instead of reinforcing the emotions implied by the visuals, the music creates a sense of detachment, almost as if it belongs to a different event altogether.

Cultural Relevance: The most prominent shared cultural element between the music and video is the clothing. The marines' uniforms clearly signify their affiliation with the US military, a specific cultural institution with its own traditions and values.  However, the music doesn't seem to draw on any discernible cultural references related to the military or any specific geographic location. This mismatch reinforces the disconnect between the visual and auditory components, highlighting the music's lack of relevance to the cultural context presented in the video.  The music's generic upbeat style could be applied to a variety of settings, further weakening its connection to the specific cultural narrative depicted.
",train,True,data/revision/videos/pnXym7uuqZo.mp4,50.050000000000004,,199d0e28cdaa91e30328b035ef4ef46a1dc7d8f71eeb57d34c10e919195f7075
21064,po1DpCiYQgk,https://www.youtube.com/watch?v=po1DpCiYQgk,"Rhythm and Synchronization: The music maintains a consistent, medium tempo throughout, with rhythmic elements that don't directly correlate to the actions or transitions within the video.  The video itself has several distinct stages, moving from the presentation of the finished product, to ingredient preparation, straining, freezing, melting, and finally back to the finished product. Each of these stages has its own internal rhythm, but these rhythms don't find a parallel in the music's beat or phrasing. Since there's no variation in the music to match these shifts in the video's pace and activity, there's a sense of rhythmic disconnect between the two.

Theme and Content: The video provides a step-by-step demonstration of how to make homemade coconut oil.  The music, however, has a generic and somewhat upbeat feel that doesn't specifically relate to the process of making coconut oil, or to food preparation in general. There's no discernible thematic link between the music and the visual content.  The music doesn't reinforce or amplify the video's instructive nature.

Emotion: The video primarily conveys a practical, informational tone, focused on demonstrating the coconut oil making process. There's a sense of appreciation for the homemade nature of the product, but it's not overtly emotional. The music, with its moderate tempo and consistent beat, is generally pleasant and unobtrusive, but doesn't elicit a strong emotional response. It leans slightly towards being upbeat, which clashes with the primarily neutral and informational character of the video. Consequently, the music doesn't enhance the video's emotional impact, but rather creates a slight dissonance.

Cultural Relevance: Neither the music nor the video exhibits any strong cultural markers. The video shows a common process for making coconut oil, which could be done in various parts of the world. The music itself is generic and doesn't point to any specific geographical region or cultural tradition. Therefore, there are no shared cultural elements to analyze, and any potential for cultural resonance is absent.
",val,True,data/revision/videos/po1DpCiYQgk.mp4,44.04404404404404,,98e699b95deaa0d2d37c7482f4ddae27fa0070039ba57efa37bed5b9362b8d7b
37959,pvBp5hyKK8s,https://www.youtube.com/watch?v=pvBp5hyKK8s,"Rhythm and Synchronization: The fast tempo of the music effectively mirrors the dynamic and energetic feel of the quick cuts in the video showcasing the bodybuilder.  The synchronization between the music and the video is particularly noticeable around the 2-second mark, where a distinct shift in the visuals, transitioning from casual settings to a competition stage, coincides perfectly with a change in the music. This precise synchronization emphasizes the transition and highlights the different facets of the bodybuilder's journey, creating a sense of rhythmic coherence between the audio and visual elements.  While the music maintains a consistent fast tempo, this single point of strong synchronization acts as an anchor, grounding the overall rapid pace of the video.

Theme and Content: The music's theme, while energetic and driving, doesn't directly relate to the specific content of the video, which focuses on a bodybuilder's posing and physique.  The music doesn't explicitly narrate the bodybuilder's training, competition, or personal story. It serves more as a general backdrop, providing a sense of dynamism and power rather than a direct thematic complement to the visuals.  The lack of lyrical content further separates the music's thematic elements from the video's subject matter.

Emotion: The music's upbeat and powerful style partially aligns with the video's portrayal of confidence and energetic posing.  The video showcases the bodybuilder's strength and dedication, evoking feelings of confidence and determination. While the music contributes to a sense of dynamism and power, its overall emotional tone is not as nuanced as the video's. The video expresses a specific type of energetic confidence related to physical achievement, while the music provides a more generic sense of energy. Therefore, although both music and video share a common thread of ""energetic,"" they diverge slightly in their specific emotional expression.

Cultural Relevance: Neither the music nor the video seems to draw on any specific cultural elements.  The video focuses on the individual bodybuilder and the sport of bodybuilding itself, without overt references to any particular culture or geographical location.  Similarly, the music is generic and lacks distinct cultural markers. The absence of cultural elements in both mediums results in a neutral cultural landscape, neither clashing nor harmonizing, simply coexisting without a strong interrelationship.
",val,True,data/revision/videos/pvBp5hyKK8s.mp4,8.533333333333333,,749bf7fd99ce5f0d4ba3028e5702a2321e70965a98652c83259f71a982c9bd28
14849,pwPfKCyQh_Y,https://www.youtube.com/watch?v=pwPfKCyQh_Y,"Rhythm and Synchronization: The music maintains a medium tempo throughout, with a steady, almost marching-like beat. The video, however, has minimal dynamic changes in pace. The cow initially walks slowly, then transitions to a slightly faster gait.  A dog enters the frame and runs playfully for a brief moment.  Since there are no significant changes in the video's pacing or editing, and the music maintains a constant rhythm, there is little opportunity for synchronization.  The music's consistent rhythm doesn't necessarily clash with the video's actions but neither does it enhance them in any meaningful way.

Theme and Content: The video portrays a peaceful rural scene featuring a cow walking in a field and later, a dog. The accompanying music, a pop song with lyrics about ""feet on the air and head on the ground,"" has a more energetic, carefree, and celebratory feel. The themes don't connect; the tranquility of the countryside setting contrasts with the upbeat, active nature of the song. The music doesn't contribute to any implied narrative within the video and could easily be swapped for a different piece without significantly impacting the video's meaning.

Emotion: The video evokes a sense of calm and serenity, perhaps even a bit of boredom due to the lack of significant action.  There's a neutral emotional tone reflecting the simplicity of the rural setting. The music, in contrast, has a bright, almost joyful tone, conveying a sense of excitement and perhaps even triumph, which is entirely at odds with the video's subdued mood.  The music does not elevate the video's emotional impact; rather, it introduces a conflicting emotional layer that detracts from the video's inherent calmness.

Cultural Relevance: The video presents a generic rural scene with no specific cultural markers or geographical references. The setting could be almost anywhere with green fields and livestock. Similarly, the pop music has a broad, mainstream appeal without any discernible cultural references. Therefore, while there's no clash of cultures, there's also no meaningful connection between the video and the music in terms of cultural representation.  They exist in separate cultural vacuums, neither adding to nor detracting from one another.
",train,True,data/revision/videos/pwPfKCyQh_Y.mp4,21.3,,380f35fa2eac22cd4a8b9019ad3d57e152be8463510c7435b8186d31d19d44a5
20360,qEKg973RVoU,https://www.youtube.com/watch?v=qEKg973RVoU,"Rhythm and Synchronization: The video features a series of relatively quick cuts showcasing a collection of friendship bracelets.  The music, however, maintains a steady, medium tempo throughout, without notable changes in rhythm or melody that correspond to the visual transitions. This lack of synchronization creates a disconnect between the audio and visual elements. While the video has a dynamic feel due to the cuts, the music flows independently, creating a somewhat jarring juxtaposition.

Theme and Content: The video focuses on friendship, as evidenced by the various bracelets with inscriptions like ""Best Friend"" and ""To My Friend."" The music, on the other hand, seems to be a Bollywood song, possibly with a romantic theme, given the lyrical style. This creates a thematic mismatch. The video's message of friendship isn't reinforced or complemented by the music. Instead, the unrelated song creates a disjointed narrative experience.

Emotion: The video conveys a lighthearted and appreciative tone, possibly intending to celebrate friendship.  The music, while emotionally rich, doesn't seem to align with this light mood.  The Bollywood song likely expresses romantic longing or similar emotions, creating an emotional dissonance.  Instead of elevating the video's emotional impact, the music distracts from it due to the mismatched emotional tones.

Cultural Relevance: The video doesn't showcase any particular cultural elements.  The bracelets and the setting appear quite generic. The music, however, has a distinct cultural flavor, likely originating from India, judging by the musical style.  This creates a cultural disconnect.  The lack of shared cultural elements further emphasizes the unrelated nature of the audio and visual components.  The music's distinct cultural identity clashes with the video's lack of specific cultural context.",train,True,data/revision/videos/qEKg973RVoU.mp4,30.600183863765704,,9cb723bf0d395cafb997446cc40d0b6be0e24c1c74233089bcd990ceba1e8f0e
4423,qKI5v3nm1NA,https://www.youtube.com/watch?v=qKI5v3nm1NA,"Rhythm and Synchronization: The music maintains a medium tempo throughout, which generally aligns with the pace of the video.  The video showcases a craft project, with various stages involving drawing lines, folding paper, applying glue, and adding decorations.  While the actions themselves are fairly consistent in their speed, there are definite shifts in the activity being performed. Notably, at around the 0:35 mark, the music introduces a slight shift in its rhythmic structure alongside an action-based transition of the artwork nearing its completion, creating a subtle sense of synchronization between the music and the changing nature of the craft steps.  Overall, the synchronization is not prominent, but the consistent rhythm of the music provides a backdrop against which the visual changes can take place.

Theme and Content: The video demonstrates the creation of a Father's Day gift, a visual narrative focused on crafting and the act of giving.  The music, on the other hand, revolves around themes of emotional struggle, fading away, and a desire for acceptance. These themes don't complement the video's content about a positive Father's Day craft, and there's a clear thematic disconnect between the celebratory nature of the visuals and the melancholic tone of the music. 

Emotion: The video maintains a neutral emotional tone, focusing primarily on the step-by-step process of the craft, creating a generally neutral vibe. The music, conversely, expresses feelings of sadness, vulnerability, and a sense of withdrawal. There's a significant emotional dissonance between the video's practical, demonstration-focused nature and the music's introspective and somber mood.  The music does not enhance the video's emotional impact, and instead creates a clash. 

Cultural Relevance: Neither the video nor the music exhibits any overt cultural elements. The focus of the video is the craft project, which appears to be universally relatable, and the music itself doesn't evoke any specific cultural associations. There are no discernible geographical references in either, contributing to a neutral cultural landscape. This lack of cultural elements further emphasizes the overall mismatch between the video's focus and the accompanying music.
",train,True,data/revision/videos/qKI5v3nm1NA.mp4,56.2,,be32e1ef301655bf623c1012777beabfc0741be49ece27ac90c03172c8309db2
35840,qTSyNZkQXQk,https://www.youtube.com/watch?v=qTSyNZkQXQk,"Rhythm and Synchronization: The music maintains a slow, steady tempo throughout the video. The video itself features a series of quick cuts, switching between a man looking at his phone and a child in a fish tank. Although the cuts are abrupt, the music doesn't change its pace or rhythm in response to these transitions. For instance, at the 0:06 mark, when the video cuts to the child, the music continues its consistent melody without any noticeable shift. Similarly, at 0:18, when the video cuts back to the child crying, the music again remains unchanged. This constant, slow tempo of the music creates a stark contrast with the fast-paced visual editing, resulting in a slightly disjointed feeling, although the consistent rhythm of the music provides a kind of underlying stability.

Theme and Content: The video's content, focusing on a child in a fish tank intercut with a man's reactions, doesn't align thematically with the accompanying music. The music has a relaxed, almost ethereal quality, which clashes with the potentially concerning situation depicted in the video. The music doesn't add any narrative depth or enhance the message the video is trying to convey. It feels like a random pairing, with the music's theme completely separate from the video's content.

Emotion: The video evokes a sense of anxiety and perhaps anger, especially in the man's wide-eyed expressions and the child's distress later on. The music, however, conveys a completely different emotional tone. Its calm and mellow style clashes sharply with the video's emotional arc, creating a sense of dissonance. The music doesn't amplify the video's emotional impact; rather, it creates a jarring contrast, undermining the intended emotional response.

Cultural Relevance: Neither the music nor the video appear to have any specific cultural elements or geographical references. The video focuses on a domestic scene, and the music is fairly generic in its style. There are no discernible cultural cues that link the two, further reinforcing the sense that the pairing of music and video is arbitrary.
",train,True,data/revision/videos/qTSyNZkQXQk.mp4,22.833333333333332,,bf85ce025acf47087b68fc24043c653bea59f7255986921a207fc782fe7814cc
40108,qa5j4ar0tog,https://www.youtube.com/watch?v=qa5j4ar0tog,"Rhythm and Synchronization: The music maintains a consistent medium tempo throughout, providing a steady backdrop to the video. The video itself has minimal change or dynamism. The singer's movements and expressions are generally fluid, and the camera remains static. This lack of distinct visual transitions or cuts means there are no points of explicit synchronization or desynchronization to analyze. The overall impression is one of rhythmic coherence, as the steady music neither clashes with nor particularly enhances the video's relatively static nature.

Theme and Content: Thematically, the music and video appear unrelated. The music, a soulful R&B track, explores a relationship on the brink of collapse, emphasizing themes of love, loss, and the struggle to hold on. The video, on the other hand, focuses on the singer's performance in a room filled with various memorabilia.  There's no apparent narrative connection between the two. The memorabilia in the background, while visually interesting, doesn't connect with the song's message of a failing relationship.  This creates a thematic dissonance, as the visual context doesn't support or amplify the lyrical content of the music.

Emotion: The emotional tone of the music and the video are mismatched. The music evokes a sense of melancholy and desperation, conveying the emotional turmoil of a struggling relationship.  The video, in contrast, features the singer performing with a generally cheerful and energetic demeanor. This disconnect between the somber tone of the music and the relatively upbeat presentation in the video undermines the emotional coherence. While the music itself is emotionally rich, its impact isn't heightened or even supported by the video's visuals.

Cultural Relevance: There are no overt shared cultural elements between the music and the video. The music is broadly identifiable as R&B, but doesn't contain any specific cultural markers or geographical references. Similarly, the video presents a personal performance in a room decorated with a mix of items, but none of these point to a specific cultural context.  The lack of discernible cultural elements in both makes assessing their relevance or accuracy unnecessary. The absence of shared cultural touchstones further reinforces the overall disconnect between the music and video.
",train,True,data/revision/videos/qa5j4ar0tog.mp4,58.233333333333334,,fcb8bf07b811a01e28b7c3ed65a5544dc0e99862589183814fae563ca921b6c1
12639,qzU0Xj8JzhU,https://www.youtube.com/watch?v=qzU0Xj8JzhU,"Rhythm and Synchronization: The music maintains a medium, consistent tempo throughout the video. The rhythmic coherence between the music and video is generally aligned, although not explicitly synchronized in most instances. There is a slight shift in the musical beat around the 4-second mark, near the transition when the camera moves from the front of the Tesla to the side.  This musical shift, while not perfectly timed with the visual transition, subtly acknowledges the change in perspective and creates a sense of rhythmic continuation rather than a stark break. The overall pacing of both elements works relatively well together, creating a sense of flow.

Theme and Content: The music's theme doesn't seem particularly connected to the video's content. The video showcases a Tesla Cybertruck, focusing on its futuristic design and implying the creator's admiration for the vehicle.  The music, with its electronic beat, doesn't specifically evoke themes of technology, futurism, or automobiles. There's no discernible narrative being supported by the music; it serves more as a background track than an integral part of the message.

Emotion: The video primarily conveys a sense of awe and perhaps a touch of pride in being near the unique vehicle. The creator expresses admiration for the car without showcasing any strong emotions. The music, however, carries a more neutral and slightly repetitive tone. It doesn't evoke a particular emotion like joy, melancholy, or suspense, nor does it mirror or amplify the subtle sense of awe presented in the video. Therefore, the emotional connection between the two is quite detached.

Cultural Relevance:  Neither the video nor the music seem to draw on any specific cultural elements. The video focuses on a modern technological product, a Tesla, which has a global appeal. The music, a generic electronic beat, similarly lacks any discernible cultural ties or geographical references. Consequently, there's no cultural interplay to analyze. The focus remains purely on the visual presentation of the vehicle.
",train,True,data/revision/videos/qzU0Xj8JzhU.mp4,12.0,,e3342f5971a5204d0695eb216fa4c334d24befa30e6a55cb14d97506dba95cf2
22597,r1RSEhTJIQ4,https://www.youtube.com/watch?v=r1RSEhTJIQ4,"Rhythm and Synchronization: The video features a series of short clips from different music videos, each showcasing a song released in either 1980 or 1990. Instead, the music seems to act as a backdrop, changing smoothly as the video shifts between different song excerpts and artists. The variations in the music's tempo, sometimes fast and sometimes slow, mirror the diverse styles of the featured songs, from energetic rock anthems to soulful ballads. While the music isn’t directly synchronized with every video cut, its overall rhythmic flow supports the quick-cut nature of the video, providing an engaging audio experience that accompanies the visual transitions.

Theme and Content: The video presents a visual journey through popular songs from 1980 and 1990.  The theme of the video is a retrospective look at the music of those years. The music, while not specifically from either of the target years, still falls within a related genre and era, enhancing the video's overall message of celebrating iconic songs. Though the music doesn't explicitly tell the story of any specific song highlighted, it creates an appropriate auditory atmosphere for a nostalgic celebration of music history.

Emotion: The video evokes a sense of excitement, nostalgia, and cheerfulness through the use of vibrant concert footage and close-ups of musicians. The music also carries a certain nostalgic quality, reminiscent of the broader era of the featured songs, further enriching the emotional landscape of the video. While the specific emotions conveyed by individual song clips and corresponding music sections may vary, there is a general coherence in terms of positive and energetic vibes.  The upbeat tone of the music amplifies the joyful energy of the video clips, creating a cohesive emotional experience for the viewer.

Cultural Relevance: The video presents an array of musical artists and genres from 1980 and 1990 without delving deep into specific cultural contexts.  Since the labels indicate no particular cultural elements, the music doesn't seem to attach to any specific geographical or cultural identities presented within the video. The focus remains solely on the music itself, celebrating the impact and diversity of popular songs from those two years. It avoids making any cultural claims and simply enjoys the universal language of music.
",train,True,data/revision/videos/r1RSEhTJIQ4.mp4,59.6,,6d9d8b7ebe4355b1c633ca087064b2cdb3bf87d241a884d5cf5049282f61163a
26238,r3YOgfIHuBI,https://www.youtube.com/watch?v=r3YOgfIHuBI,"Here's an analysis of the provided video and music:

Rhythm and Synchronization: The music's fast tempo aligns perfectly with the energetic pace of the dance tutorial.  There's a clear, deliberate synchronization between the music and the dancer's movements. This is particularly evident at the 0:43 mark, where the music kicks in precisely as the instructor transitions from verbal instruction to performing the dance routine. This sharp synchronization emphasizes the start of the demonstration, creating a seamless transition and highlighting the connection between the music and the dance steps being taught. Throughout the dance demonstration, the music's rhythmic structure underlies the eight-count phrasing commonly used in choreography, making it easier for viewers to follow along and learn the routine.

Theme and Content: The music's energetic, upbeat theme complements the video's content, which is a dance tutorial. While the music doesn't necessarily tell a story or enhance a specific narrative in the video, it certainly provides a rhythmic backdrop that supports the demonstration of the dance steps. The video's purpose is to teach a dance routine, and the music serves a functional purpose in achieving this.  The focus remains on the steps, the count, and the demonstration without needing the music to provide anything beyond a rhythmic framework.

Emotion: The video itself is primarily instructional and doesn't aim to evoke strong emotions. The instructor focuses on clearly explaining and demonstrating the dance moves.  The music, while energetic and upbeat, is relatively neutral in emotional tone and doesn't inject a particular mood into the video. This neutrality allows the focus to remain on learning the dance.  The consistent tone between the two–instructional and upbeat but not overly emotional–creates a sense of coherence.

Cultural Relevance: Neither the video nor the music appears to have specific cultural elements. The dance tutorial itself seems to focus on teaching a generic, modern dance routine, and the music chosen is similarly general in style, without any discernible cultural markers or geographic references. Both elements are quite universal and could be appreciated across various cultural contexts without specific cultural tie-ins.
",train,True,data/revision/videos/r3YOgfIHuBI.mp4,60.01829166666666,,0fbc8c1d0b845bbbb67eee6ed36f29f141c56879dffe59879e056c8c58d685c5
33151,rA3uj_Lxk1U,https://www.youtube.com/watch?v=rA3uj_Lxk1U,"Rhythm and Synchronization: The music maintains a consistent, slow tempo throughout the video. This slow pace complements the relatively static nature of each visual segment, creating a sense of calm observation despite the changing content. The music shifts distinctly at the 6-second mark, coinciding perfectly with the transition from the first car clip to the next. This precise synchronization accentuates the shift in visuals, marking a clear separation between the showcased vehicles and their respective scenarios. While subsequent scene changes don't have this level of precise musical synchronization, the consistent tempo provides a unifying element, linking the disparate images together under the umbrella of the video's overarching topic.

Theme and Content: The uplifting and somewhat majestic tone of the music clashes with the video's content, which features a series of car accidents and mishaps. This juxtaposition creates a sense of irony, almost as if the music is oblivious to the destruction depicted on screen. The music doesn't enhance the intended message of the video, which seems to be focused on cautionary tales related to car ownership, instead creating a peculiar dissonance. While the video presents damaged and wrecked vehicles, the music continues its optimistic melody, forming a thematic mismatch.

Emotion: The music conveys a sense of grandeur and positivity, possibly even excitement. However, the visuals predominantly evoke no particular emotion,  mainly presenting the factual aftermath of various car accidents. These scenes don't inherently project sadness, shock, or fear, but rather a neutral documentation of the events. This stark contrast between the music's positive emotional tone and the video's lack of emotional expression creates a disconnect. The music does not elevate the emotional impact of the video; instead, it adds a layer of unexpected levity that doesn't seem intentionally designed to create humor or irony.

Cultural Relevance: Neither the music nor the video seems to have a specific cultural focus. The visuals feature cars from various manufacturers, suggesting a global, rather than culturally specific, context. The music itself is similarly generic, lacking distinct cultural markers.  There are no discernible geographical references in either the music or the video, and as such, no alignment or misalignment to discuss in this regard. The combination of diverse car brands and generic music creates a relatively culture-neutral presentation.
",train,True,data/revision/videos/rA3uj_Lxk1U.mp4,21.733333333333334,,3ed945cd04fce40298a65966f9c84181180c545f820eaa56c6c119dd8dc01be1
26334,rH1DdgypzQY,https://www.youtube.com/watch?v=rH1DdgypzQY,"Rhythm and Synchronization: The music maintains a slow, steady tempo throughout, creating a calm and almost meditative atmosphere. The video, on the other hand, features a series of short cuts showcasing the preparation of a ritualistic offering.  The music's unchanging tempo doesn't particularly react to or enhance the visual shifts in the video, which makes the two feel somewhat disconnected rhythmically. The video itself has its own rhythm established by the actions performed, such as pouring rice, adding yogurt, and arranging the offering. However, this visual rhythm operates independently of the music's steady pace.

Theme and Content: Thematically, the music and video don't appear to connect.  The music evokes a sense of serenity and peace, while the video centers on a ritualistic process, possibly linked to a specific cultural or religious practice. The dialogue accompanying the video suggests an ongoing conversation, possibly hinting at a tense or emotional situation. This conversational content doesn't align with the peaceful atmosphere created by the music. The video's content focuses on the meticulous assembly of the offering, which implies care, reverence, and possibly anticipation for the ritual. These thematic elements within the video aren't reflected or reinforced by the music.

Emotion: The music conveys a sense of tranquility and peacefulness. In contrast, the video, while visually focused on the preparation of an offering, incorporates a dialogue that hints at emotional conflict and tension. The dialogue expresses disapproval and questioning, suggesting a more complex emotional landscape than the music portrays. The video's visuals alone might be interpreted as neutral or perhaps reverent, but the dialogue overlays a sense of underlying conflict and concern.  Therefore, the emotional tone of the music doesn't align with the emotional complexity implied by the video's dialogue.

Cultural Relevance: The video clearly showcases specific cultural elements. The use of rice, the ornamental plate, the burning lamp, the currency used, and the inclusion of green shoots suggest a ritual or custom likely rooted in South Asian traditions, potentially related to prayer, offering, or blessing. The music, however, lacks any discernible cultural markers that would connect it to the specific traditions depicted in the video. It could be paired with a video from various cultural contexts without seeming out of place, which highlights the lack of cultural alignment between the audio and visual components. The video offers a glimpse into a specific cultural practice, while the music remains culturally neutral.
",train,True,data/revision/videos/rH1DdgypzQY.mp4,13.633333333333333,,84e46cc0ad1ffaeadceffd77dac6d8f1f8df671c9ec1072f9cf5c6216ddcc1eb
16642,rLnHWFOaUNU,https://www.youtube.com/watch?v=rLnHWFOaUNU,"Rhythm and Synchronization: The music maintains a consistent medium tempo throughout the video. As the video features a single static shot with minimal visual changes, there are no distinct transitions or cuts to analyze for synchronization with the music. However, the steady rhythm of the music complements the overall sense of stability and intimacy portrayed by the couple in the still image.

Theme and Content: The video focuses on the woman's devotion to her husband, expressing a sentiment of love and dependence. The lyrics of the music, on the other hand, talk about traveling the world and scaling mountains. These two themes don't align. The music doesn't enhance the video's message and there seems to be a thematic dissonance between the desire for constant companionship and the exploration of independence suggested by the song.

Emotion: The video displays a sense of love and contentment. The couple's posture and expressions convey warmth and affection, with a focus on emotional connection. The music, with its upbeat rhythm and lyrics about adventure, projects a sense of excitement and perhaps even ambition. While not necessarily clashing, the emotions aren't completely aligned. The music doesn't necessarily elevate the video's emotional impact, as the emotional tones differ. The video evokes warmth and love, while the music suggests a sense of adventure and overcoming challenges.

Cultural Relevance: The video doesn't offer overt cultural cues. The focus is on the emotional bond between the couple. Similarly, the music lacks specific cultural markers.  Therefore, there aren't any shared cultural elements to analyze, making the cultural relevance between the two unrelated. The setting of the video appears modern and generic, offering no specific geographical clues. The music also lacks geographic references.  Therefore, there are no shared geographic references to consider.
",train,True,data/revision/videos/rLnHWFOaUNU.mp4,6.133333333333334,,589ab58e7b7b59e4589bc149950925c116588ffa1b23839d4f56d678f0c76e4e
2939,rb59JUYp6IU,https://www.youtube.com/watch?v=rb59JUYp6IU,"Rhythm and Synchronization: The video showcases a series of quick cuts, transitioning between different materials and stages of what appears to be a woodworking process. The fast pace of these transitions creates a dynamic visual experience. However, the upbeat tempo of the music feels disconnected from the visual rhythm. There's no discernible synchronization between the musical phrases and the video cuts. The music maintains a consistent tempo and melody throughout, while the video shifts abruptly between different shots. This lack of rhythmic coherence contributes to a sense of disconnect between the audio and visual elements.

Theme and Content: The video focuses on the process of working with wood and other materials, possibly in a crafting or building context. The visuals suggest a focus on creation and craftsmanship. The music, with its lyrics about love and relationships, doesn't seem to complement the video's content. The lyrical themes of longing and desire don't align with the video's focus on materials and process. This thematic dissonance creates a disconnect, making the music feel like an arbitrary addition rather than an integrated part of the video's narrative.

Emotion: The video evokes a sense of creativity and meticulousness, showcasing the careful handling of materials and the stages of a building process. The music, however, conveys a different emotional tone. The upbeat tempo and romantic lyrics suggest feelings of love, longing, and possibly a sense of playfulness. This mismatch between the video's emphasis on precise craftsmanship and the music's romantic themes creates an emotional imbalance. The music doesn't enhance the emotional impact of the video; instead, it introduces a conflicting emotional layer that distracts from the visual narrative.

Cultural Relevance: Neither the video nor the music appear to have any strong cultural ties or geographical references. The video focuses on a general crafting process, and the music presents a common theme of romantic love. This lack of specific cultural elements further contributes to the sense that the music and video are unrelated. There are no shared cultural elements to create a bridge between the two, reinforcing the impression of a random pairing.
",train,True,data/revision/videos/rb59JUYp6IU.mp4,59.333333333333336,,c57bda67aa287fda532977e1c5351bf027c2b0126abd68a744d6e2123597a294
33595,rbyfZ76O66M,https://www.youtube.com/watch?v=rbyfZ76O66M,"Rhythm and Synchronization: The music and video maintain a consistent medium pace throughout, exhibiting a natural synergy. The dancer's movements flow smoothly with the melody, creating a sense of rhythmic coherence. While there aren't any abrupt transitions or cuts in the video, the dancer's shifts in posture and the subtle variations in his movements align well with the phrasing and dynamics of the music, contributing to a cohesive and engaging performance.

Theme and Content: The video features a contemporary dance performance set against a simple backdrop of blue curtains. The lyrics of the Hindi song evoke themes of admiration and a desire to express affection. Although the dance doesn't directly illustrate the lyrics narratively, it complements the music's romantic undertones through expressive and emotive movements, creating a thematic link between the visual and auditory elements. The dance seems to express a yearning or longing that could be interpreted as mirroring the singer's sentiments, forging an independent narrative connection with the song's theme.

Emotion: Both the music and video project a generally positive and uplifting mood. The melody is pleasant and somewhat dreamy, while the dancer's fluid movements and expressive gestures convey joy and possibly a sense of longing or yearning. This consistent emotional tone fosters a strong sense of coherence between the two elements. The music doesn't necessarily heighten the emotional impact of the video, but it supports and complements the emotions already present in the dance.

Cultural Relevance: The music features Hindi lyrics, placing it within the context of Indian culture. The video, presenting a contemporary dance performance with no specific cultural markers, could be considered globally relevant. Therefore, the two lack a direct shared cultural element. However, this absence doesn't create a sense of dissonance. The video's neutral cultural backdrop allows the focus to remain on the dancer's performance and its interaction with the music, without forcing cultural connections.
",train,True,data/revision/videos/rbyfZ76O66M.mp4,48.172413793103445,,4f4e393d966ded6027da344810a3e1b78c31d2d4ebfb22c3029dbb0df0728ffb
36270,reCtA3Xzoi4,https://www.youtube.com/watch?v=reCtA3Xzoi4,"Rhythm and Synchronization: The video features a relatively static shot of a baby, with minimal changes in the visual content.  The music, on the other hand, has a distinct rhythm and pace. The consistent tempo of the music doesn't find a visual counterpart in the video’s limited movement. This creates a sense of rhythmic disconnect between the two.

Theme and Content: The video showcases a baby, presumably intended to evoke feelings of tenderness and innocence.  The music, a Bollywood-style song, speaks of romantic love and longing. These themes clash rather than complement each other. The narrative of the song has no connection to the content of the video. The baby’s expressions and the overall static nature of the video do not align with the passionate tone of the music.

Emotion: The video evokes feelings of warmth and happiness associated with babies.  The baby’s facial expressions, particularly a brief smile, contribute to this. The music, with its romantic lyrics and melodic delivery, primarily conveys longing and affection. While both the music and video evoke positive emotions, the specific nature of those emotions differs significantly, creating an emotional disconnect.  The music doesn't enhance the emotional impact of the video; rather, it introduces a separate emotional layer that doesn't interact with the visual narrative.

Cultural Relevance: The video itself doesn't contain any overt cultural elements. It’s a simple home video of a baby. The music, however, is clearly identifiable as a Bollywood song, with characteristic instrumentation and vocal style.  This distinct cultural element of the music doesn’t find a reflection in the video, further emphasizing the lack of cohesion between the two.  There are no discernable geographical references in either the music or the video.
",train,True,data/revision/videos/reCtA3Xzoi4.mp4,22.589233333333333,,f79c4752df88b8d41dadc192b6569955ff2949ae66d00f523ae96db68581980f
27112,rzjYwjoPtLQ,https://www.youtube.com/watch?v=rzjYwjoPtLQ,"Rhythm and Synchronization: The music maintains a constant, moderately paced, upbeat tempo throughout the video.  The video, however, features a series of short clips showing different snowboarding attempts, some successful, some resulting in falls.  Because the music doesn't change in response to these shifts in the action, there’s a disconnect between the two.  The music’s consistent rhythm doesn't align with the varied pacing of the individual snowboarding clips, creating a sense of rhythmic incoherence. The video itself lacks significant transitions or distinct changes that could potentially synchronize with the music.

Theme and Content: The video’s content focuses on snowboarding, specifically a compilation of ""funny fails"". The upbeat, almost whimsical music feels thematically disconnected from the video’s focus on physical comedy and occasional mishaps.  The music doesn't support the intended lighthearted humor of the video and doesn't reinforce the narrative of snowboarding attempts.

Emotion:  The video aims for a lighthearted, humorous, and energetic tone, highlighted by the snowboarders’ reactions and the on-screen text emphasizing the “fails.” The music, though upbeat, projects a sense of relaxed confidence that doesn’t quite align with the video’s comedic intent.  The music evokes feelings of joy and carefree enjoyment, while the video aims for amusement and lightheartedness stemming from the snowboarding slips and tumbles.  This mismatch dilutes the overall emotional impact.

Cultural Relevance: The video’s setting, a snow-covered mountain, and the activity of snowboarding suggest a connection to winter sports culture. However, the music itself doesn't have any specific cultural markers tying it to winter sports or any particular geographical location. There's no discernible shared cultural foundation between the two. The absence of cultural elements in the music creates a disconnect with the winter sports theme presented in the video.
",train,True,data/revision/videos/rzjYwjoPtLQ.mp4,29.7783334967801,,fdd7f9bb043b7d0903c35c6930a8d12400f41cbf102012ae92c71ac001832919
8549,sF48hd8NP20,https://www.youtube.com/watch?v=sF48hd8NP20,"Rhythm and Synchronization: The music maintains a medium tempo throughout, which generally aligns with the relatively calm and steady pace of the video showcasing different Parisian landmarks. While the video transitions between scenes, such as at 0:02 (from the intro to the Eiffel Tower), 0:05 (from the Eiffel Tower to Sacré-Cœur Basilica), and 0:13 (from the Arc de Triomphe back to the Eiffel Tower), the music continues without any significant shifts or pauses. This creates a sense of continuity, although it lacks strong rhythmic synchronization with the visual cuts. The music doesn't particularly accentuate the transitions, but rather flows smoothly alongside the changing imagery, providing a consistent auditory backdrop.

Theme and Content: The video focuses on visually presenting beautiful destinations, particularly landmarks in Paris. The music, while pleasant, doesn't directly relate to the specific content of the video. It's a generic, uplifting tune that could accompany various types of visuals. While it doesn't clash with the video's theme of travel and beauty, it also doesn't enhance or add any specific narrative layer to it. The music acts more as background ambiance rather than a thematic complement to the showcased locations.

Emotion: The video evokes a sense of appreciation for the beauty of the landmarks and the joy of travel, albeit in a somewhat neutral and observational way.  The music, on the other hand, has a slightly more pronounced emotional tone, leaning towards a feeling of gentle optimism and tranquility. While not directly clashing with the video’s emotional tone, the musical emotion doesn't necessarily amplify or deepen the viewers' emotional response to the visuals.  The connection remains somewhat superficial, with the music simply providing a pleasant auditory experience while the visuals speak for themselves.

Cultural Relevance:  The video clearly focuses on Paris, using iconic landmarks like the Eiffel Tower and the Arc de Triomphe as central visual elements.  The music, however, doesn’t possess any discernible cultural markers connecting it to France or Parisian culture. It's a universally appealing tune without specific geographic or cultural references.  Therefore, while the video is deeply rooted in a specific cultural context, the music remains detached from it.  This creates a slight disconnect, as the auditory experience doesn't reinforce the cultural narrative presented visually.
",train,True,data/revision/videos/sF48hd8NP20.mp4,16.033333333333335,,5eda7a3e94d667390818021ef1bcb5cfc8b2346086d77ea9c74c8fb46f10bb2b
26610,sSNU_VAxH2s,https://www.youtube.com/watch?v=sSNU_VAxH2s,"Rhythm and Synchronization: The music maintains a slow and consistent tempo throughout the video. Given the absence of any dynamic video transitions or edits, the music's steady pace complements the video's static nature. This creates a sense of calm and allows the focus to remain on the performance itself. The rhythmic coherence is strong because the video lacks significant visual changes, allowing the music to provide a consistent backdrop without needing to synchronize with specific actions or cuts.

Theme and Content: The video shows a young woman singing a song while her brother plays the piano. The song’s lyrics express a desire for change and a longing for a place where pain is unseen. While the music itself doesn’t directly relate to the action of the video – a sibling duet – it creates an interesting juxtaposition. The performance adds a layer of intimacy and shared experience to the song's themes of loneliness and the wish to start over, potentially suggesting a personal connection to the lyrics or a shared understanding between the siblings.

Emotion: The video portrays a relaxed and energetic atmosphere. The siblings appear comfortable and focused on their performance. The music, with its slow tempo and melancholic lyrics, evokes feelings of introspection, longing, and possibly sadness. While there's a contrast between the energy of the performance and the melancholic tone of the music, the emotional connection between the siblings adds a layer of warmth and intimacy that partially bridges this gap. The performance itself could be seen as a way of expressing and processing the emotions conveyed in the song, creating a form of emotional release.

Cultural Relevance: Neither the music nor the video contain any readily identifiable cultural elements or geographical references. The focus remains on the personal experience of the song and the intimate performance within a domestic setting. This lack of specific cultural markers allows the performance to connect with a broader audience by focusing on universal themes of longing, pain, and the desire for change.
",train,True,data/revision/videos/sSNU_VAxH2s.mp4,37.36666666666667,,129116253927aea6635753a81d8560094d49ed4f84d0505eb48ad16a9ccbf905
3539,sjOzrjb03S0,https://www.youtube.com/watch?v=sjOzrjb03S0,"Rhythm and Synchronization: The music and video demonstrate a generally aligned rhythm and pace, though the degree of synchronization varies. The video maintains a consistent, moderately paced flow as the creator crafts the flower vase. At certain points, like around the 6-second mark, the music distinctly shifts in time with the video’s transition to a new stage of the craft project, specifically when lines are being drawn on the orange paper.  Another notable, though slightly less precise, synchronization occurs around the 17-second mark as the video moves towards assembling the vase and the music transitions along with the changing visuals, yet it doesn't align directly with a specific cut. These moments, and the general rhythmic coherence, create a sense of intentional pairing despite the varied pace of the craft demonstration.

Theme and Content: The upbeat and playful tone of the music doesn't really connect with the primarily instructional and demonstration-focused content of the video. The video focuses on crafting a flower vase, offering a visual guide to repurposing a plastic bottle and colored paper. The music, on the other hand, carries a romantic, teasing theme seemingly unrelated to arts and crafts. This thematic dissonance doesn't necessarily detract from the video’s core purpose, but it doesn't enhance the DIY tutorial either.

Emotion: The video itself is emotionally neutral, focusing on the practical steps of the craft process. The music, conversely, conveys a lighthearted, perhaps flirtatious mood.  This mismatch in emotional tone creates a disconnect between the audio and visual elements. The music doesn't enhance the emotional impact of the video, as the video doesn't aim for any specific emotional response beyond perhaps a sense of satisfaction at the finished product.

Cultural Relevance: Neither the music nor the video displays any particularly strong cultural elements or geographical references. The craft demonstrated in the video could be interpreted as a generally accessible activity across different cultures.  The music, while sung in a specific language, doesn't incorporate distinct cultural musical elements that would link it to any specific geographical location or tradition. The lack of shared cultural touchpoints further reinforces the unrelated nature of the audio and visual components.
",val,True,data/revision/videos/sjOzrjb03S0.mp4,36.36,,668455b110ee8c3de89a9f6f4d4c82040f0d24906f3e7faf761ce9041c0d3f9b
5092,sxDPTAIASOY,https://www.youtube.com/watch?v=sxDPTAIASOY,"Rhythm and Synchronization: The music's slow and steady tempo aligns well with the static nature of the video showcasing colorful cauliflowers and other vegetables. The video has minimal movement, focusing on the vibrant hues and textures of the produce.  As there are no significant transitions or changes within the video, the continuous and unchanging nature of the music provides a suitable backdrop, creating a sense of calm observation.  This lack of dynamic change in the video contributes to a harmonious, albeit simple, synchronization between the visual and auditory elements.

Theme and Content: While the video focuses on the visual presentation of fresh produce, possibly suggesting themes of healthy eating, nature's bounty, or simply the aesthetic appeal of food, the music evokes a sense of tranquility and gentle reflection.  The connection between the two is indirect.  The music doesn't directly relate to food or agriculture but instead creates a peaceful atmosphere that allows the viewer to appreciate the visual details of the produce.  There isn't a strong narrative being conveyed by either, so there’s no thematic dissonance, but neither does the music enhance any specific message the video might be trying to convey.

Emotion: The video, with its vibrant colors and close-ups of the vegetables, evokes a sense of appreciation for the natural world and perhaps a feeling of cheerful contentment.  The music, with its relaxed and gentle melody, also fosters a sense of calm and tranquility. While the video leans towards the energetic and cheerful, the music leans towards relaxation and appreciation, resulting in a partially consistent emotional coherence. The music doesn't necessarily elevate the video's emotional impact, but it provides a complementary emotional backdrop that allows the viewer to focus on the visual beauty of the produce.

Cultural Relevance: Neither the video nor the music appear to contain any specific cultural references. The video features universally recognizable vegetables, and the music has a generic, broadly appealing style that isn’t tied to any particular culture.  Therefore, while there are no shared cultural elements, there’s also no cultural mismatch or misrepresentation.  The focus remains on the visual presentation of the food and the creation of a peaceful atmosphere.
",train,True,data/revision/videos/sxDPTAIASOY.mp4,3.966666666666667,,2fe513e78be5a3ab1bbbef4c365a1a62377174b0e3402beb8005fc72d6e7360c
1843,tK7XE5Aby7Y,https://www.youtube.com/watch?v=tK7XE5Aby7Y,"Here's a detailed analysis of the video and music, incorporating the provided labels:

Rhythm and Synchronization: The music maintains a consistent, medium tempo throughout the video. Given that the video primarily features static images of products with some minor animated transitions, there isn’t a strong sense of dynamic pacing or action.  The music’s steady rhythm provides a backdrop for the narrator’s descriptions of the Nintendo Switch accessories, creating a sense of rhythmic coherence without any need for specific synchronization with visual changes. 

Theme and Content: The music itself has a generic, upbeat, and somewhat playful tone. The video's content, focusing on inexpensive Nintendo Switch accessories, doesn't directly relate to this tone. While the music doesn't clash with the video's message, it doesn't reinforce or enhance the narrative of finding budget-friendly gaming accessories either. It's more of a neutral backdrop rather than a thematic complement. This agrees with the ""indirectly related"" content cohesion and ""no supplement"" narrative supplement labels.

Emotion: The video, showing product images and prices, aims to be informative rather than emotionally evocative. The ""no_emotion"" label accurately describes the video's emotional tone. The music, with its lighthearted melody, evokes a sense of mild amusement or playfulness, but it does not align with the neutral, informational nature of the video. While the music adds a layer of richness to the auditory experience (""rich"" emotional levels), it doesn't necessarily contribute to or elevate the video's intended emotional impact, resulting in an overall unrelated emotional cohesion.

Cultural Relevance: Neither the music nor the video features any notable cultural elements. The video focuses solely on showcasing gaming accessories available on Amazon, and the music is a generic, royalty-free track. This aligns with the provided ""no culture element"" label, indicating an absence of specific cultural references. This lack of cultural connection further reinforces the ""unrelated"" element relevance label, as there's no shared cultural ground between the audio and visual components.
",train,True,data/revision/videos/tK7XE5Aby7Y.mp4,42.4,,24f5378cf2b177f4fa295a67a0a3e7d0b3dfaa00937ae4430764bb6f59f1c138
9421,tKgTJ0hMTPk,https://www.youtube.com/watch?v=tKgTJ0hMTPk,"Rhythm and Synchronization: The video features a series of still images, transitioning roughly every few seconds. While the overall tempo of the music is relatively slow and constant, the synchronization with the image transitions is inconsistent.  For instance, at the 2-second mark, a new image appears, but there's no corresponding change in the music. A distinct synchronization occurs at the 15-second mark, where a new image and a noticeable shift in the music's intensity align perfectly.  However, this alignment is lost again later, for example at the 24-second mark, where another image change occurs without any discernible shift in the music.  This inconsistent relationship between the visual transitions and the auditory backdrop creates a somewhat disjointed viewing experience.

Theme and Content: The video presents a sequence of images, initially focusing on individuals with muscular physiques in gym settings, then transitioning to depictions of a man fighting a lion, and finally showcasing portraits of a person dressed in traditional Indian attire. The accompanying music features a repeating vocal melody over a consistent rhythmic backing. There's no discernible connection between the varied imagery presented in the video and the music. The music doesn't enhance or comment on the changing themes, creating a sense of disconnect between the visual and auditory elements.

Emotion: The video evokes a mix of admiration (for the physical prowess displayed in the initial images) and perhaps a sense of awe or curiosity related to the historical and religious connotations of the later images.  However, the music maintains a relatively neutral and somewhat repetitive tone throughout. It doesn't reflect the potential emotional nuances suggested by the images.  The lack of emotional synchrony contributes to the overall disconnect between the video and music.

Cultural Relevance: The video touches upon a few distinct cultural elements: modern fitness culture, a possible reference to biblical or mythological stories depicting lion-slaying, and Indian religious or spiritual traditions.  The music, however, seems devoid of any clear cultural references.  This absence of shared or complementary cultural elements further emphasizes the unrelatedness of the video and audio components.
",train,True,data/revision/videos/tKgTJ0hMTPk.mp4,26.666666666666668,,27961cb04c6731a21d9fc2324375328a192fe4755e8d76c3c23cd9374c1fa018
7259,tONjMTtbij0,https://www.youtube.com/watch?v=tONjMTtbij0,"Rhythm and Synchronization: The video is dynamic, featuring frequent cuts and transitions as it documents the stages of a bungee jump experience.  The music, however, maintains a consistent, upbeat tempo throughout, without any discernible shifts or changes in rhythm that correspond to the visual progression of the bungee jump. This lack of synchronization between the music's steady beat and the video's varying pace creates a sense of detachment between the audio and visual elements.

Theme and Content: The video centers around the thrilling experience of bungee jumping, showcasing the anticipation, the jump itself, and the reactions of the jumper.  The music, while energetic, lacks a thematic connection to this specific activity. Its continuous, driving beat does not reflect the nuanced emotional arc of a bungee jump, which involves moments of suspense, exhilaration, and relief. Therefore, the music doesn't reinforce or enhance the narrative of the video.

Emotion: The video evokes a range of emotions, beginning with anticipation and nervousness as the jumper prepares, escalating to exhilaration during the freefall, and finally settling into relief and excitement after the jump. The music, on the other hand, maintains a consistently high-energy and upbeat tone. While this might be suitable for general excitement, it doesn't capture the specific emotional nuances of the bungee jumping experience presented in the video.  The music's persistent upbeat tempo fails to mirror the shifts in emotion displayed by the jumper and the observers.

Cultural Relevance: The video is geographically specific, showcasing a bungee jump location in the Netherlands.  Beyond the visual depiction of the location, there are no overt cultural elements present in the video. The music, being generic and broadly upbeat, does not contain any discernible cultural markers or references that connect it to the Netherlands or any other specific region. Consequently, there's no cultural interplay or alignment between the audio and visual components.
",val,True,data/revision/videos/tONjMTtbij0.mp4,38.2,,d14f8353c86533ca618b3bf70352f3739edb8776cfd71495e0dbff05a5eb9216
28656,tQpQd7VUj1o,https://www.youtube.com/watch?v=tQpQd7VUj1o,"Rhythm and Synchronization: The music's tempo is slow and relaxed, while the video presents a fast-paced montage of various scenes depicting a typical day at a jet business. This creates a fundamental mismatch in pace from the outset.  The cuts in the video occur frequently, showcasing different aspects of the business – from office work and meetings to client interactions and media appearances. However, these cuts are not reflected in the music, which maintains a consistent, mellow flow. This lack of synchronization is particularly evident at the 1-second mark, where the video transitions to a new scene inside a building, yet there is no accompanying change in the music. Similarly, at the 26-second mark, the video cuts to a shot of someone writing, again without any corresponding shift in the musical rhythm. These instances, among others, contribute to an overall sense of rhythmic dissonance between the video and music.


Theme and Content: The video showcases the busy and dynamic nature of the jet business, highlighting negotiations, research, sales meetings, and media engagements. The music, however, conveys a sense of calm and relaxation, creating a thematic mismatch. It doesn't reinforce or complement the video's depiction of a demanding, fast-paced work environment.  Instead, the music almost contrasts with the video's content, suggesting leisure or tranquility rather than the intensity of the business world. Therefore, the music doesn't supplement the narrative but rather creates a disconnect.


Emotion: The video projects a sense of energy, cheerfulness, confidence, and even relaxation, as the protagonist seems to handle the demands of his work with ease.  The music, on the other hand, evokes a calm and relaxed atmosphere. While this could potentially align with the ""relax"" element of the video's emotions, it clashes with the overall energetic and driven vibe. The emotional mismatch is quite pronounced, as the music doesn't amplify or even complement the video's dominant emotional tones. Instead, it creates a rather jarring contrast, potentially diminishing the video's intended impact.


Cultural Relevance:  Neither the video nor the music makes any overt cultural references or utilizes specific cultural elements. The video focuses on the general activities of a business setting, while the music remains generically calming. This absence of cultural elements reinforces the overall disconnect between the two, as there's no shared cultural ground to bridge the gap in rhythm, theme, or emotion.
",train,True,data/revision/videos/tQpQd7VUj1o.mp4,32.94958333333333,,baf7651afa49399d2f6f55150a49274338e0c3d191dbb0ff93af98f9c991ccc8
38634,tSX_Ai5765M,https://www.youtube.com/watch?v=tSX_Ai5765M,"Rhythm and Synchronization: The music has a consistent, medium tempo, creating a steady backdrop for the video. The video itself is a compilation of short clips documenting a weekend getaway. It neither rushes nor drags the viewer's experience but allows a smooth flow through the various activities shown.

Theme and Content: The video showcases a relaxed and cozy weekend getaway, filled with activities like preparing and enjoying a full breakfast, yoga, and taking a dip in a loch near a sauna. The music, while pleasant, doesn't directly relate to the specific activities depicted. It has a somewhat generic, upbeat feel that could accompany various types of videos. It doesn't enhance the narrative of a cozy, rustic getaway but rather provides a neutral auditory accompaniment.

Emotion: The video displays a relaxed, calm, and positive tone as the creator documents their peaceful retreat. The music also possesses a calm and positive mood.  While the music is relatively emotionally neutral, the mellow tempo and the bright melody contribute to the overall sense of relaxation and enjoyment. Therefore, there is a degree of consistency between the music and the video in terms of conveying a generally positive and serene vibe.

Cultural Relevance:  The video centers around a weekend trip in the Scottish countryside, highlighting a rustic cabin and featuring a traditional Scottish breakfast (a ""fry-up""). The music, however, lacks any distinct cultural markers or instrumentation, and there's no noticeable geographical reference. Thus, the music doesn't contribute to the cultural aspects of the video, instead providing a universal, rather than culturally specific, soundtrack.",test,True,data/revision/videos/tSX_Ai5765M.mp4,54.22142214221422,,2159a7f810402f017c4e190159a6ddfc4eaec45bdd6aee2ba4927ff1926d3387
34933,txscC_fAtK4,https://www.youtube.com/watch?v=txscC_fAtK4,"Rhythm and Synchronization: The music maintains a consistent, moderately paced tempo throughout, featuring a steady beat and clear rhythmic structure. However, the video transitions abruptly between different outfits, creating a sense of visual discontinuity. This lack of synchronization between the visual and auditory elements leads to a somewhat disjointed experience. The consistent beat of the music doesn't align with the abrupt cuts, which makes the rhythmic relationship between the video and music feel unrelated.

Theme and Content: The video showcases a series of Korean-inspired daily outfits, aiming to offer viewers fashion inspiration. The music, with its lyrics about love and relationships, doesn't seem to connect thematically with the video's focus on fashion. This thematic disconnect creates a sense of dissonance; the music neither reinforces nor complements the visual narrative of the video.  They exist independently of each other, without a cohesive thematic link.

Emotion: The video itself is fairly neutral in its emotional tone, simply presenting various outfits. The model displays little emotion, focusing on showcasing the clothing. In contrast, the music conveys a slightly melancholic and introspective mood through its melody and lyrics. This difference in emotional tone contributes to the overall sense of mismatch between the video and the music.  The music's emotional undertones don't enhance or align with the video's neutral presentation, creating an emotional gap.

Cultural Relevance: While the video presents outfits described as ""Korean style,"" there aren't any particularly strong cultural markers beyond the fashion itself. The music, a generic pop song, also lacks any specific cultural signifiers. Therefore, there is no discernible shared cultural ground between the two. While the video intends to showcase a specific fashion style, the absence of stronger cultural cues in both the video and the music limits any significant cultural relevance or connection between them.
",train,True,data/revision/videos/txscC_fAtK4.mp4,10.6,,7bceee623d91e94675154a0437ac16dede80d3e07469eed76c8e7be0d6c81061
8497,u19G_Vl5VkM,https://www.youtube.com/watch?v=u19G_Vl5VkM,"Here's an analysis of the provided video and music, incorporating the insights from the labels and timestamps.

Rhythm and Synchronization: The video features a speaker discussing the concept of ""flow,"" interspersed with various visual examples. The music maintains a slow, consistent tempo throughout, creating a sense of calm and reflection. While the video itself contains transitions between different scenes, the music doesn’t always reflect these shifts. For example, a distinct musical change occurs at the 12-second mark, coinciding perfectly with the transition from the speaker to underwater swimmers. However, at the 23-second and 32-second mark transitions, the music remains unchanged, continuing its slow and ambient drone. This sporadic synchronization creates a somewhat disjointed feeling, as the music doesn’t consistently emphasize the visual changes in the video. There is a rhythmic disconnect between the two media, making the overall presentation feel less cohesive.

Theme and Content: The video explores the idea of ""flow,"" a state of effortless effort and total absorption in a task.  The accompanying music, however, presents a contrasting feel. The slow, ambient, and somewhat detached nature of the music doesn’t align with the concept of focused attention and intense engagement described in the video. The music might be more fitting for a video about relaxation, meditation, or nature, rather than one about focused action.

Emotion: The speaker in the video is generally neutral and informative, without any strong emotional display. The later part of the video features a more lighthearted anecdote, but overall, the emotion remains restrained. The music, with its slow tempo and ambient soundscape, evokes a sense of tranquility and contemplation. This feeling doesn’t clash with the speaker's relatively neutral tone, but it doesn’t particularly enhance or complement the video's core message about focused energy and activity.

Cultural Relevance: The video uses diverse imagery – swimmers, a runner, a pilot, a clock, a cityscape, an hourglass, a TV, a car crash scene, a firefighter, a basketball player, a violinist, and a chef – to illustrate various activities where “flow” might be experienced.  The music itself is quite generic and doesn’t seem to represent any specific culture or geographical location. There is no obvious thematic link between the varied visual examples and the rather neutral and culturally undefined soundscape of the music.


Hopefully, this analysis is helpful!",test,True,data/revision/videos/u19G_Vl5VkM.mp4,56.09770833333333,,a840f8d9def8799981fbef725c6e4670c8d50d8876fabcb25255681ccbb7de1d
2505,uDWeSQSXU_Q,https://www.youtube.com/watch?v=uDWeSQSXU_Q,"Rhythm and Synchronization: The music and video exhibit a varied rhythmic relationship. Initially, the fast tempo of the music matches the energetic movements and lip-syncing of the two individuals. However, there’s a distinct shift at the 6-second mark, where the video transitions to a smoother, more graceful presentation as the women display their traditional outfits.  The music seamlessly changes to a more melodic and flowing style precisely at this point, creating a strong sense of synchronization. This precise alignment of musical change with the visual transition highlights the deliberate pairing of music and visuals, enhancing the overall impact of the transformation. The remainder of the video maintains this slower, more deliberate pace, reflecting the change in musical style.


Theme and Content: While the initial portion of the video, with its quick cuts and playful energy, might seem unrelated to the later presentation of traditional attire, there's a subtle thematic link. The opening segment, through its dynamic energy, could be interpreted as an expression of confidence and self-assuredness, which indirectly relates to the theme of appreciating cultural heritage displayed in the second part. The music itself, although varied, doesn't directly supplement a specific narrative; instead, it shifts to reflect the changing energy and mood of the visuals.


Emotion: The video conveys a sense of confidence and appreciation, particularly in the latter half when the women proudly display their traditional clothing. The initial part, with its upbeat tempo and energetic movements, projects a feeling of playful confidence. The music initially reflects this energy. The transition to a gentler melody then supports the shift to a more serene emotion of appreciation, aligning with the display of cultural garments. This partial consistency in emotional tone between the music and video creates a layered emotional experience, though it is not fully consistent throughout.


Cultural Relevance: The most prominent cultural element in the video is the traditional South Asian clothing worn by the women in the second half. This signifies a connection to South Asian culture, specifically through attire. Although there aren’t direct geographical references in the music itself, its shift to a more traditional-sounding melody after the wardrobe change subtly complements the visual cultural presentation. The music arguably enhances the feeling of cultural appreciation. The henna on the woman's hand further reinforces this cultural relevance. While the first part doesn't display specific cultural elements, the overall video emphasizes the appreciation of cultural identity and heritage.
",train,True,data/revision/videos/uDWeSQSXU_Q.mp4,15.033333333333333,,17484fe501935c9aa249b7ff1c9509cdabf64a0d4439991f746550f81bbb17aa
40705,uGliDh8ms7M,https://www.youtube.com/watch?v=uGliDh8ms7M,"Rhythm and Synchronization: The music's medium tempo generally aligns with the video's pace, which features a baseball player preparing at bat and then hitting a home run. The synchronization is particularly noticeable at the 0:15 mark, where the video transitions to the player hitting the ball and running to first base, perfectly coinciding with a shift in the music. This synchronization enhances the impact of the hit, making it feel more powerful and celebratory. While the first part of the video depicting the player adjusting his grip doesn't have such precise synchronization, the steady beat of the music still complements the deliberate actions, creating a sense of anticipation.

Theme and Content: While the video focuses on baseball and features exciting moments like a home run, the music doesn't explicitly relate to baseball themes. It has a more general, upbeat, and confident vibe. Thus, the thematic connection is indirect. The music contributes to the overall energetic atmosphere of the video but doesn't necessarily tell a specific story or enhance a baseball-related message.

Emotion: The video conveys feelings of energy and confidence, especially when the player hits the home run and runs to first base. The music mirrors this emotional tone with its upbeat and confident style. While the emotional coherence isn't perfectly aligned due to the music's lack of specific thematic connection to baseball, it still contributes to the overall positive and energetic vibe. It creates a sense of anticipation and then celebration, amplifying the emotional impact of the home run moment.

Cultural Relevance: Neither the video nor the music contain prominent cultural elements. The video focuses on the sport of baseball, which has broad appeal, and the music has a general, almost universal, feel. There aren't any specific geographical references or culturally distinct elements in either the visual or auditory aspects, which further emphasizes the indirect relationship between them. They coexist harmoniously without clashing or engaging in any specific cultural dialogue.
",train,True,data/revision/videos/uGliDh8ms7M.mp4,23.9,,528c9361f2e8b5a7f55c4a2babedde6637d557b27393f464824e91f8372ddc6a
8930,uKwqhdpgp3I,https://www.youtube.com/watch?v=uKwqhdpgp3I,"Rhythm and Synchronization: The music maintains a consistent, medium tempo throughout the video.  Since the video primarily consists of a screen recording of a Blender tutorial, it lacks significant scene changes or dynamic visual elements.  This results in a sense of alignment between the audio and visual, as the steady rhythm of the music complements the consistent pace of the tutorial demonstration. Even without punctuated musical shifts or obvious synchronization points, the constant beat provides a non-distracting backdrop to the visual instructions.

Theme and Content: The electronic music and the Blender tutorial are thematically unrelated. The music's modern, electronic style doesn't particularly enhance or detract from the instructional nature of the video content. The video focuses on the technical process of creating a realistic swimming pool within the software, while the music evokes a more generic, upbeat mood. This thematic disconnect doesn't create a jarring experience, but neither does it create a cohesive or synergistic relationship between the two.

Emotion: The video itself is primarily instructional and doesn't convey a strong emotional tone. It could be described as neutral or ""no emotion."" The electronic music, on the other hand, has a generally positive and upbeat feel.  This creates a sense of emotional disconnect, as the music's energy doesn't reflect the neutral and instructional tone of the video. While the music's positive vibe doesn't clash with the video content, it doesn't necessarily elevate or amplify any particular emotion associated with the tutorial itself.

Cultural Relevance: Neither the music nor the video exhibit any discernible cultural elements. The tutorial is focused on a technical process within Blender, a globally used software, and doesn't incorporate any culturally specific imagery or references. The music similarly lacks any distinct cultural markers, making it a generic electronic piece that could accompany diverse video content without referencing any specific cultural background or location.  Consequently, there's neither alignment nor misalignment in terms of cultural elements. They are simply absent in both.
",val,True,data/revision/videos/uKwqhdpgp3I.mp4,57.166666666666664,,c175d08c701c8c97cbe9a66bc9f7030be5586fe8370e0ebefacd11cf1a219726
371,uQTNuj5ZiQg,https://www.youtube.com/watch?v=uQTNuj5ZiQg,"Rhythm and Synchronization: The music's tempo is generally fast-paced and energetic, while the video showcases a series of exercises at a more moderate pace. This creates a slight disconnect in terms of rhythmic coherence.  While the overall synchronization isn't strong, there's a noticeable alignment at the 9-second mark, where the music features a distinct beat drop that coincides with the athlete transitioning from a handstand to lifting a barbell.  This moment of synchronization briefly ties the music and video together but doesn't fully establish a consistent rhythmic relationship for the remainder of the short clip. The video mostly relies on hard cuts between different exercises, which don't align with the consistent beat of the music.

Theme and Content: The video's content focuses on the challenges and exercises a larger athlete undertakes in a gym setting.  The music, with its fast tempo and driving beat, seems to evoke a sense of defiance and energy. However, the lyrical content, which speaks about a ""little girl,"" doesn't directly relate to the visuals of a strong woman performing challenging exercises. This thematic mismatch weakens the overall connection between the audio and visual elements.  The video's implied narrative of overcoming physical challenges doesn't find specific support or enhancement from the music's narrative.

Emotion: The video aims to convey a sense of energetic determination and perseverance, showcasing the athlete pushing through various exercises. The music also projects energy, but its overall tone seems more playful and mischievous than determined. While both video and music evoke energetic feelings, the specific nuances of these emotions differ, leading to a lack of emotional coherence. The music's energy doesn't necessarily amplify the emotional impact of the video due to this difference in emotional undertones.

Cultural Relevance: Neither the video nor the music seems to evoke specific cultural elements. The video takes place in a generic gym setting, and the music, while featuring lyrics about a ""little girl,"" doesn't offer any clear cultural references. There are no identifiable geographical or cultural cues in either medium, reinforcing the absence of any shared cultural elements.  The focus remains primarily on the physical activity in the video and the fast-paced rhythm in the music, without any discernible cultural context.
",test,True,data/revision/videos/uQTNuj5ZiQg.mp4,12.666666666666666,,5bbebc96943227951aefbd519af34e0cab92fe7f31054d564a45d8e0f23761f6
8855,uREavlt5u-c,https://www.youtube.com/watch?v=uREavlt5u-c,"Rhythm and Synchronization: The music maintains a consistent, moderately upbeat tempo throughout. However, the video's pace shifts between scenes.  The video begins with a slow pan across some foliage, and around the 15-second mark, the camera pivots to follow a walkway, maintaining this steady pace for a few seconds. At approximately 21 seconds, the video transitions again, this time to a poolside scene.  Here, the change in visual focus coincides loosely with a shift in the music; although not precisely synchronized, the slight musical variation aligns somewhat with the new setting.  The video lingers on the pool area for a longer duration. Later, around 40 seconds, there is another visual shift, this time to a staircase. Once again, a slight musical adjustment occurs almost simultaneously with this transition, again more of a coincidence than a deliberate synchronization.  Overall, the rhythmic relationship between the audio and video remains largely unrelated, with the music's consistent rhythm contrasting with the varied pacing and abrupt transitions of the video footage.

Theme and Content: The video presents a visual tour of a resort or hotel, showcasing various aspects of the property such as the landscaping, walkways, pool area, and interior staircase. The music, with its upbeat and repetitive nature, doesn't seem to specifically complement the video's content.  There's no clear narrative thread in the video that the music enhances, nor does it convey a particular message that aligns with the visual content. The juxtaposition feels somewhat arbitrary.

Emotion: The video evokes a sense of tranquility and relaxation, suggesting the peaceful atmosphere of a vacation destination. The visuals of lush greenery, clear blue pool water, and elegant architecture contribute to this overall impression. The music, while cheerful in its own right, doesn't particularly amplify these emotions.  Its energetic quality doesn't clash with the video's calmness, but it doesn't enhance it either.  The emotional tone of the two remains distinct, almost operating in parallel rather than in synergy.

Cultural Relevance: The woman in the video is wearing a saree, a traditional South Asian garment. This provides a cultural touch to the video, perhaps hinting at the geographical location or the cultural influences present at the resort.  However, the music, though possibly from the same broad region, doesn't have any specific musical markers or lyrical themes that directly connect with the saree or any other cultural element depicted visually.  While both could potentially share a common cultural heritage, the connection is implied rather than explicit. The video's setting, showcasing tropical foliage and a poolside area, also hints at a specific geographical region, perhaps a resort in a tropical climate. However, the music, lacking in geographical indicators, doesn't add to this sense of place.",train,True,data/revision/videos/uREavlt5u-c.mp4,51.4,,5eb939d0ce5a6f2ad17b76061339e81eb7678285c882746ef96d90c2d84a719e
16417,uhEsPxOp5wI,https://www.youtube.com/watch?v=uhEsPxOp5wI,"Rhythm and Synchronization: The music maintains a consistent, moderately fast tempo throughout. This pace aligns well with the quick cuts and transitions in the video, which shift between scenes every few seconds.  The transition at 0:02, showing a couple in a brightly lit tunnel, and the cut at 0:08, showing a lone figure in a snowy, dark landscape, don't coincide with any noticeable shift in the music's rhythm or melody.  While the musical rhythm isn't precisely synchronized to every video cut, the overall fast pace creates a dynamic feeling that complements the swiftly changing imagery. The consistent tempo of the song creates a sense of urgency, driving the video forward and maintaining viewer engagement.

Theme and Content: The video contrasts two scenarios: couples enjoying romantic moments during Christmas and a solitary figure alone in a desolate, snowy environment. The song, however, focuses on a romantic longing and desire for connection. This creates a thematic dissonance. While the first half of the video, featuring couples, somewhat aligns with the song's romantic themes, the second half, focusing on solitude, clashes directly with it. The music's lyrics about wanting someone close contrast sharply with the imagery of isolation. This juxtaposition may be intentional, aiming to highlight the different experiences people can have during the festive season.

Emotion: The music evokes a sense of yearning and longing, perhaps even a touch of sadness, with its melancholic melody and lyrics about wanting someone near. The video, while showcasing romance in some scenes, ultimately conveys a sense of humor, particularly through the contrast between coupled bliss and lonely despair. This difference in emotional tone creates a sense of irony. While the music expresses a desire for connection, the video uses this desire as a setup for a humorous contrast, suggesting that not everyone experiences romantic fulfillment during the holidays. The emotional coherence is thus partial, with the song's yearning amplified by the contrasting imagery of loneliness, but ultimately serving a humorous purpose.

Cultural Relevance: Neither the music nor the video seem to feature any specific cultural references. The scenarios presented – couples embracing and a solitary figure – are universal experiences not tied to a particular culture. The Christmas backdrop is a general festive theme widely recognized but doesn't indicate a specific cultural tradition. This lack of explicit cultural elements keeps the video and music broadly relatable across different cultural contexts, focusing on universal human emotions and experiences.
",train,True,data/revision/videos/uhEsPxOp5wI.mp4,20.266666666666666,,6f35af6cede8c2db367d309c90f7a598ab1aef3af826ec32467680e7fbcba2e3
41971,uny_nDxgjX0,https://www.youtube.com/watch?v=uny_nDxgjX0,"Rhythm and Synchronization: The music maintains a consistently fast tempo throughout, featuring a driving beat and energetic vocals. The video, however, showcases a series of relatively static shots of a woman in a kitchen setting, focusing on her attire and jewelry. This creates a disconnect between the dynamic nature of the music and the relatively static visuals.

Theme and Content: The video's content centers on showcasing a woman's clothing and accessories, providing details about the brands and prices of each item.  The music's lyrical theme, which revolves around romantic longing and desire, clashes with this focus on fashion. The song expresses a need for connection and intimacy, while the video emphasizes material possessions and style. This thematic dissonance creates a significant disconnect, with the music failing to enhance or complement the video's core message.

Emotion: The video portrays a generally happy and playful tone, with the woman smiling and gesturing towards her clothing and accessories.  The music, while energetic, conveys a sense of longing and a slightly melancholic undertone. This creates a partial mismatch in the emotional landscape. Although both the video and music possess a certain level of energy, the specific emotions they evoke don't fully align. The upbeat tempo of the song could be interpreted as reflecting the excitement of showcasing new fashion items, but the lyrical content doesn't reinforce this interpretation.

Cultural Relevance: Neither the music nor the video exhibit any overt cultural elements. The video's focus is primarily on Western fashion brands, and the music's style is contemporary pop, lacking any discernible cultural markers. Thus, there is no clear basis for assessing cultural alignment or dissonance between the two.  The video presents a modern, possibly Westernized aesthetic, while the music is generic enough to not be tied to any specific cultural context. This absence of cultural signifiers reinforces the overall disconnect between the video and the music, as they don't share a common cultural ground to bridge the thematic and emotional gaps.
",test,True,data/revision/videos/uny_nDxgjX0.mp4,13.033333333333333,,677f0cc5f3833a05cf99680881a043381c74de1eff690736ac567e8cc8ae7e4c
21294,vjms80fgrsY,https://www.youtube.com/watch?v=vjms80fgrsY,"Rhythm and Synchronization: The music maintains a medium, upbeat tempo throughout the video, which generally aligns with the video's pace of showcasing various vegan dishes and cooking processes.  The music’s consistent rhythm complements the flow of the video, creating a sense of continuous motion, though there isn't any targeted synchronization with specific video edits.

Theme and Content: The video focuses on promoting simple and affordable vegan recipes for students. The music, however, doesn’t have any explicit thematic connection to veganism, student life, or cooking. While the upbeat music could be interpreted as encouraging and possibly aligning with the presenter's enthusiasm for vegan cooking, it doesn't inherently reinforce the core message of the video. The music is more of a generic backdrop than a thematic complement.

Emotion: The video primarily conveys a sense of creativity and practicality, focusing on demonstrating the ease of vegan cooking. The presenter expresses some mild positive emotions, especially towards the end, while enjoying the food. The music has a generally cheerful and positive vibe, but it lacks specific emotional depth. The emotional tone of the music doesn’t strongly clash with the video but neither does it enhance or deepen the emotional experience. The emotional alignment remains somewhat neutral, primarily due to the video's focus on instructional content and the music's lack of distinct emotional cues.

Cultural Relevance: Neither the video nor the music prominently feature any specific cultural elements. The video focuses on demonstrating cooking processes and presenting food, without any particular cultural context.  The music similarly lacks any discernible cultural markers or geographical references. Thus, while they are aligned in their absence of cultural specificity, it doesn't constitute a strong cultural connection.  The focus of the video is universal – showcasing easy vegan recipes – and the music supports this universality by being culturally neutral.
",train,True,data/revision/videos/vjms80fgrsY.mp4,50.1,,acd559b3401c42213b9cc76a5d1539972d2dab9a1870454b755e47033a70dea2
15174,w5oUCL8VPgY,https://www.youtube.com/watch?v=w5oUCL8VPgY,"Rhythm and Synchronization: The music maintains a medium, steady tempo throughout. The video, showcasing a figure skating performance, features a variety of movements and transitions, from graceful glides to dynamic lifts and spins. However, there's no discernible synchronization between the musical beats and the visual transitions. The music doesn't seem to react or emphasize particular moments in the performance, creating a sense of detachment between the two. Since there are no distinct shifts in the music or the visual editing to synchronize, the overall rhythmic coherence feels rather disjointed.


Theme and Content: The video showcases a pair figure skating performance, embodying athleticism, grace, and partnership. The music, however, lacks a clear thematic connection to the sport or the performance.  The lyrics speak of romantic longing and finding a rhythm with someone, which could potentially be related to the partnership aspect of figure skating. However, this connection isn't strongly conveyed, and the overall feel of the music doesn't particularly enhance or relate to the visual narrative.


Emotion: The video portrays a performance full of confidence and cheerfulness. The skaters appear relaxed and in control, conveying a sense of enjoyment in their artistry. The music, with its pop-infused style and lyrics about love, carries a more introspective and yearning quality. This disparity creates an emotional disconnect between the two. The upbeat energy of the performance clashes with the more melancholic undertones of the music, preventing the music from effectively elevating the emotional impact of the video. Instead, the differing emotional tones create a sense of dissonance.


Cultural Relevance: There aren't any overt cultural elements present in either the video or the music. The figure skating performance itself represents a universal sport, without any specific cultural markers tied to it in this particular video.  Similarly, the music, a generic pop song, lacks any distinguishable cultural references. The absence of shared cultural elements contributes to the overall sense of thematic and emotional disconnect between the video and the music.
",train,True,data/revision/videos/w5oUCL8VPgY.mp4,59.62889569446947,,60291abba087d65cb395ee8a0762cb23c163865d639153cfde18ac83b78411d7
21587,wLfjr7B8ZLI,https://www.youtube.com/watch?v=wLfjr7B8ZLI,"Rhythm and Synchronization: The music maintains a steady, medium tempo throughout, which aligns well with the video's pacing. The video showcases a guitarist playing and discussing their instrument, and while there aren't sharp transitions or abrupt cuts, the visual flow is smooth and unhurried. The music's rhythm complements this visual continuity, providing a backdrop that doesn't distract from the guitarist's playing and the overall relaxed atmosphere of the video. The consistent rhythm of the music enhances the focus on the guitarist's performance.

Theme and Content: The video focuses on a guitarist showcasing their skills and the instrument itself. The music, while pleasant and rhythmic, doesn't directly relate to the specific content of the video's conversation or the particular guitar being played. It serves more as a background soundscape rather than a direct thematic complement. It might be assumed that the music being played is an original composition by the guitarist or a piece relevant to their musical style, but there is no explicit connection made within the video itself.

Emotion: The video portrays a positive and appreciative atmosphere, with the guitarist clearly enjoying playing their instrument. The interviewer's supportive words also contribute to this sense of enjoyment. The music, with its mellow and upbeat tone, partially reflects this emotional tone. While not overwhelmingly joyful, the music avoids any jarring or dissonant elements, allowing the focus to remain on the positive emotions emanating from the video's content. However, the music doesn't necessarily amplify the emotional impact of the scene; it simply provides a compatible auditory backdrop.

Cultural Relevance: Neither the music nor the video strongly emphasize any particular cultural elements. The video's setting in a recording studio and the focus on the electric guitar suggest a contemporary, possibly Western context, but no specific cultural markers are evident. The music, similarly, lacks clear cultural identifiers. The overall impression is one of a general, modern musical style that doesn't explicitly tie into specific cultural traditions or geographical references. This neutral cultural stance allows the focus to remain on the interaction between the guitarist and the interviewer, and the appreciation of the music being played.
",test,True,data/revision/videos/wLfjr7B8ZLI.mp4,37.96666666666667,,e22b83a7952c6440fa0127c7aa5107d65042ad2432719535e7dda7f6d01cc616
15343,wTMMEAYN6ug,https://www.youtube.com/watch?v=wTMMEAYN6ug,"Rhythm and Synchronization: The video progresses at a medium pace, showcasing a series of close-up shots of plants growing. The music, a simple piano melody, maintains a steady, moderate tempo throughout. There's a general sense of rhythmic alignment between the visual and auditory elements, with the music neither rushing nor lagging behind the visuals. However, specific transitions within the video, like the shift from a seedling at 0:04 to a slightly larger sprout, and the subsequent change to a pussy willow branch at 0:11, don't coincide with noticeable changes in the music. This lack of precise synchronization at key visual transitions gives the impression of a slightly disjointed rhythmic relationship despite the consistent tempo.

Theme and Content: The video focuses on plant growth, presenting a visual narrative of life's delicate beginnings. The music, however, doesn't appear to specifically complement this theme.  The simple piano melody lacks any particular thematic connection to nature, growth, or the life cycle of plants. The music doesn't enhance or detract from the video's message, but rather exists as a separate auditory experience that doesn't reinforce or contradict the visual narrative.

Emotion: The video itself is fairly neutral in its emotional tone, primarily focusing on the objective documentation of plant growth rather than eliciting strong emotions. The music, a repetitive and somewhat melancholic piano melody, evokes a sense of calmness and contemplation. While the music doesn't clash with the video's neutral emotional tone, it also doesn't necessarily amplify or complement it.  The music adds a layer of emotional depth, but this depth doesn't directly correlate with the video's content.

Cultural Relevance:  Neither the video nor the music contains any overt cultural elements.  The video features generic plant life and the music employs a universal piano melody, making it difficult to discern any specific cultural references or influences in either medium. Consequently, the question of cultural alignment or dissonance isn't applicable in this context.
",test,True,data/revision/videos/wTMMEAYN6ug.mp4,15.0,,751593739359fea3bab62d0f4ffd64f79d73f3d710e6d83d18bbe625479586be
25763,wp44CUaPF44,https://www.youtube.com/watch?v=wp44CUaPF44,"Here's a detailed analysis of the provided video and music, incorporating the timestamps and taking the labels into account:

**Rhythm and Synchronization:** The music has a medium tempo, which generally aligns with the overall pace of the video. The video primarily features a person speaking to the camera, relaying anecdotes.  While there aren’t frequent, rapid cuts, the pacing is not static. The music begins synchronously with the shift to the main speaker at 0:05. This synchronization marks the start of the primary narrative, enhancing the viewer’s attention to the speaker's story.  The relatively steady, rhythmic backdrop of the music provides a consistent foundation for the speaker's dialogue, making it feel cohesive despite the lack of dynamic visual elements.

**Theme and Content:** The music's theme doesn't relate to the video's content.  The video tells a story about experiences babysitting for wealthy families. The music, however, doesn’t seem to reflect this theme of wealth disparity, childhood, or anecdotes of the rich.  The music's neutral nature neither enhances nor detracts significantly from the storytelling but instead acts as a simple auditory backdrop.

**Emotion:** The video's emotional tone is primarily neutral. The speaker relates somewhat incredulous anecdotes, but the overall delivery is even and without strong emotional peaks or valleys.  The music, likewise, is emotionally neutral. It doesn't convey any distinct emotions like joy, sadness, or suspense. This lack of emotional expression in both the video and music contributes to a sense of detachment. While the speaker is telling stories that could evoke a range of reactions, the combination of a neutral delivery and unemotional music prevents a deeper emotional connection for the viewer.

**Cultural Relevance:**  There aren’t any readily identifiable shared cultural elements between the video and the music. The video's content touches on aspects of wealth and lifestyle, with mentions of specific locations like Los Angeles, Rodeo Drive, and high-end hotels, creating a sense of American upper-class culture. However, the music doesn’t have any discernible cultural markers that connect with or reinforce these themes. The lack of cultural interplay between the audio and visual components further reinforces the sense that the music serves merely as a neutral background rather than an integrated part of the video's message.
",train,True,data/revision/videos/wp44CUaPF44.mp4,56.058530718604885,,1b18d5d68dfff09c17ad0370922464809dbed8f84283daac5ac9b7485fccf073
3655,wvx0gU2vij4,https://www.youtube.com/watch?v=wvx0gU2vij4,"Rhythm and Synchronization: The video features numerous cuts and transitions, showcasing various aspects of the Mandrill Mayhem roller coaster, such as the entrance, the track, the cars, and the surrounding area. The video's pace is fast, dynamically shifting between different perspectives and shots.  However, the accompanying music maintains a relatively consistent tempo and rhythm throughout. While the music doesn't synchronize with the video's quick cuts, its steady beat creates a backdrop that complements the overall energy of the video, even though it doesn’t enhance the impact of the visuals through precise synchronization.

Theme and Content: The video focuses on the new Mandrill Mayhem roller coaster at Chessington World of Adventures, providing factual information about its features and theming. The music, on the other hand, lacks any direct thematic connection to roller coasters, amusement parks, or the Jumanji franchise. It doesn't enhance the video's informative and promotional message, nor does it tell a story that aligns with the visuals. This creates a thematic dissonance, where the music feels detached from the video's specific subject matter.

Emotion: The video primarily aims to inform and excite viewers about the new roller coaster, yet it maintains a neutral emotional tone. The information presented is factual and the visuals, while dynamic, don't evoke strong emotions. The music's energetic and upbeat style contrasts with the video's neutrality.  While it might aim to instill a sense of excitement, it doesn't amplify any existing emotional cues within the video itself.  The mismatch in emotional tone further emphasizes the disconnect between the audio and visual elements.

Cultural Relevance: The video has a clear geographical reference, showcasing a specific location in the UK.  The Jumanji theming adds a layer of pop culture relevance. However, the music has no discernible cultural elements or geographical references that align with the video. This lack of shared cultural context contributes to the overall feeling that the music and video exist in separate spheres, not enhancing or interacting with each other on a cultural level.
",train,True,data/revision/videos/wvx0gU2vij4.mp4,40.766666666666666,,5794676c0f72ad4a1cba01a43a32f9c12fc627735efb8acd49d8400eafb425bd
26878,xBynKonC9kw,https://www.youtube.com/watch?v=xBynKonC9kw,"Here's a detailed analysis of the provided video and music based on the given aspects, integrating the information from the manually labeled tags:

**Rhythm and Synchronization:** The music and video exhibit a strong rhythmic coherence. The fast tempo of the music aptly matches the dynamic pace of the video, which features quick cuts and lively movements. The music underscores the vibrant and playful nature of the video without overpowering the visuals. The consistent rhythm creates a seamless and engaging viewing experience.

**Theme and Content:**  The music and video tell independent stories, yet their thematic connection lies in the celebration of joy and childhood. The video seems to be a promotional piece for a film or series titled ""Aaye Kajal (Child Version).""  The visuals center around two children, a boy and a girl, dressed in bright, festive attire. They seem to be engaged in playful interactions and possibly part of a performance. The upbeat music supports the joyful and lighthearted tone of the video, even if it doesn't directly narrate the specific story of ""Aaye Kajal.""

**Emotion:** The music and video are emotionally consistent, conveying a sense of happiness and lightheartedness.  The children's smiles, playful gestures, and energetic movements contribute to the video's joyful atmosphere.  The upbeat tempo and melodic nature of the music mirror this joyful tone, creating a cohesive and uplifting emotional experience for the viewer. The music elevates the inherent joy of the video, enhancing its impact.

**Cultural Relevance:**  The cultural elements in the video, specifically the children's clothing, appear to have South Asian influences. The bright colors and traditional styling of the outfits suggest a festive or celebratory context.  While the music itself may not have overt geographical references, its overall style and the language of the lyrics align with the South Asian cultural context presented in the video. This alignment strengthens the overall coherence of the piece, reinforcing the cultural theme.
",test,True,data/revision/videos/xBynKonC9kw.mp4,30.897533333333335,,9029180557c81f7a321fa9d4136613bf81de52553f1791b9715d175770c0e7c4
11992,xQakyRAqx3Q,https://www.youtube.com/watch?v=xQakyRAqx3Q,"Rhythm and Synchronization: The music's medium tempo aligns well with the energetic dance movements in the video. The rhythmic coherence is particularly strong, with the dancers' movements often mirroring the beat of the music.  There's a noticeable shift in the music and the dance around the 22-second mark, where a clear transition in the song corresponds with a change in the choreography.  This synchronization accentuates the change in the musical phrase and reinforces the overall sense of energetic joy conveyed by the video. Throughout, the music and the visuals work together to create a cohesive and dynamic viewing experience.

Theme and Content: While the music's theme doesn't explicitly narrate the events of the video, it significantly enhances the overall message. The video showcases a family enjoying themselves and dancing together. The upbeat and celebratory tone of the music complements this lighthearted scene, amplifying the sense of joy and togetherness. While the lyrics don't specifically tell a story that aligns with the video, the music's energy and celebratory feel contribute to the positive atmosphere.  

Emotion: The music and video share a strong emotional coherence centered around cheerfulness and energy.  The upbeat tempo and vibrant melody of the music convey a sense of joy and celebration.  This aligns perfectly with the video's depiction of a family having fun and dancing with enthusiasm. The music elevates the video's emotional impact, transforming what might have been a simple home video into a vibrant and engaging scene. The overall feeling is light, energetic, and positive.

Cultural Relevance: The video features a family dancing in what appears to be a modern home setting.  The music, while likely from a specific region due to its lyrical content, doesn't contain any overt cultural elements that directly relate to the video's visuals.  The focus is primarily on the joyful activity of dancing, rather than on representing any specific cultural traditions or geographical locations. This makes the pairing relatively neutral in terms of cultural relevance, allowing the focus to remain on the family's interaction and the shared enjoyment of the music.
",train,True,data/revision/videos/xQakyRAqx3Q.mp4,35.7,,ccee5db72a3653b25d49ee22fa5b2dfd4ec65117fe5d2bce97701e1c3b3c5e2a
1929,xgJO5WuqVzA,https://www.youtube.com/watch?v=xgJO5WuqVzA,"Rhythm and Synchronization: The video features a dynamic series of actions showcasing the preparation and enjoyment of a meal. The music maintains a consistently upbeat and fast tempo throughout. While there are no specific synchronization points between video transitions and musical changes, the brisk and consistent pace of the music effectively complements the energetic flow of the video's culinary process, from preparing the eggs to the final plating and consumption of the dish. The consistent rhythm maintains an overall sense of coherence, enhancing the lively and active visual narrative.

Theme and Content: The video focuses on the process of cooking and sharing a meal. It begins with the preparation of eggs, progresses through various cooking stages, and concludes with the meal being served and enjoyed. The music's upbeat and positive tone provides a pleasant backdrop to this process, though it doesn't directly relate to the specific ingredients or the cultural context of the food being prepared. It's more of a general celebration of activity and togetherness than a direct commentary on the food itself. 

Emotion:  The video conveys a sense of happiness, cheerfulness, and confidence, primarily through the expressive actions and smile of the woman preparing the food. The man enjoying the meal further reinforces this happy and relaxed mood. The music's upbeat tempo and cheerful melody complement this emotional tone, creating a consistent sense of enjoyment and positivity. While not deeply emotionally complex, the music's energy adds to the overall cheerful and lighthearted feel of the video.

Cultural Relevance: The video features elements that suggest a particular cultural setting, including the woman's attire and the method of cooking over an open fire. However, the music doesn't appear to share these specific cultural elements. The music's style is more universal and doesn't contain any overt geographical or cultural references. While the video showcases a specific cultural context, the music's more general celebratory tone doesn't necessarily add to or detract from this aspect. They exist in parallel rather than directly interacting in terms of cultural significance.
",train,True,data/revision/videos/xgJO5WuqVzA.mp4,59.833333333333336,,81cf06258cf7da188157bd5122a1fb6f2cec32f2822b97a8325d3325d1c86b7d
42155,xg_okID5Ttk,https://www.youtube.com/watch?v=xg_okID5Ttk,"Rhythm and Synchronization: The music maintains a consistent mid-tempo beat throughout.  As there's no visual component to analyze, the focus is solely on the song's internal rhythmic coherence. The steady pulse of the music, punctuated by Sia's powerful vocals, creates a driving yet controlled rhythmic feel.  

Theme and Content: The absence of a video makes a direct thematic comparison impossible. However, the lyrics of ""Titanium"" speak of resilience and strength in the face of adversity. The repeated phrases ""Shoot me down, but I get up"" and ""I am titanium"" emphasize a theme of unwavering fortitude. Without a visual narrative, this thematic message stands alone, conveyed solely through the lyrics and music.

Emotion: The song evokes a sense of empowerment and defiance. Sia's soaring vocals and the driving beat contribute to the anthemic quality of the track.  The lyrics reinforce this feeling of strength. With no visual element, the emotional impact relies entirely on the auditory experience, leaving the listener to interpret the message on a personal level.

Cultural Relevance:  Without a video, any potential cultural connections are limited to the music itself. The song's title, ""Titanium,"" suggests a metaphor for inner strength, and the general theme is universally relatable, transcending specific cultural contexts.  The lack of visuals removes any opportunity for exploring specific cultural representations or geographical references.
",train,True,data/revision/videos/xg_okID5Ttk.mp4,32.833333333333336,,3dc7d6139213ed968431924858411a4abccd5e8557ee852b7aec32d8a5b66994
7210,xkX5UJ11rRM,https://www.youtube.com/watch?v=xkX5UJ11rRM,"Rhythm and Synchronization: The music maintains a consistent, medium tempo throughout the video. While the video itself demonstrates a series of actions related to adding and editing text within a video editing app, the rhythm of the music doesn't particularly align with the specific actions or transitions within the video. There's a slight shift in the music around the 16-second mark, coinciding with a transition in the video where the user is scrolling through font options. However, this shift isn't a strong synchronization point and feels more coincidental than intentional. Overall, the lack of rhythmic coherence between the music and the video's actions contributes to a sense of disconnect.

Theme and Content: The video's content focuses on a tutorial demonstrating how to add, format, and animate text within a video editing app.  The music, a fairly generic hip-hop track, doesn't thematically connect with this tutorial-style content. It neither reinforces nor adds anything to the instructional message of the video. In fact, the upbeat nature of the music contrasts sharply with the practical, step-by-step demonstration in the video, creating thematic dissonance.

Emotion: The video maintains a neutral, instructional tone throughout, devoid of any strong emotional cues. The music, however, projects a more energetic and potentially upbeat vibe. This disparity in emotional tone leads to a lack of coherence between the two. The music doesn't amplify or complement any specific emotion within the video; rather, it introduces a different emotional layer that doesn't seem to fit the context.

Cultural Relevance: Both the video and the music lack any discernible cultural elements. The video focuses on a software tutorial, making it relatively culturally neutral. The music, though falling under the broad genre of hip-hop, doesn't contain any specific lyrical or musical elements that point to a particular culture or region.  Therefore, while there's no clash of cultures, there's also no shared cultural ground between the two. The video and music exist in separate cultural vacuums, further contributing to their overall disconnect.
",train,True,data/revision/videos/xkX5UJ11rRM.mp4,60.0,,d2c76706fabff91dce70c7b9c4d86c342f5e041039c4c312ad09f501fc3a9fe6
14608,y-m0JjtRAn0,https://www.youtube.com/watch?v=y-m0JjtRAn0,"Rhythm and Synchronization: The music maintains a consistent, upbeat tempo throughout, which contrasts with the video's changing pace. The video begins with a relatively slow, deliberate pace as the makeup is applied. There are no discernible points of synchronization between the visual transitions and the music. The rhythm of the music remains unrelated to the actions in the video. This lack of rhythmic connection adds to the sense of disconnect between the two mediums.

Theme and Content: The video showcases a makeup transformation, likely intended for a theatrical or costume effect. The music, however, seems unrelated to this theme. The song's lyrics appear to deal with personal struggles and resilience, while the video focuses on a visual transformation. There is a thematic dissonance between the two, with the music's narrative failing to complement or enhance the video's content.

Emotion: The video evokes a sense of creativity and relaxation, as the makeup artist meticulously crafts the desired look. The music, in contrast, carries a more introspective and emotionally charged tone.  The upbeat tempo and lyrics suggest themes of overcoming challenges and self-discovery. This mismatch of emotional tones creates a disconnect between the visual and auditory experiences.  While the video aims for a lighthearted demonstration of artistic skill, the music introduces a more serious and complex emotional layer.

Cultural Relevance: Neither the video nor the music appears to emphasize any particular cultural elements. The video's focus is on the makeup application process, while the music's lyrics address universal themes of hardship and resilience.  There are no obvious geographic or cultural cues in either medium that would suggest a shared cultural background or intended cultural message. The lack of shared cultural elements further contributes to the overall sense of detachment between the music and video.
",val,True,data/revision/videos/y-m0JjtRAn0.mp4,54.5,,7aa763f80312aeff8da064cff1d72e5a471b4cc8ece6ea28b5141f93ca262976
31974,y4ISNJ1CodY,https://www.youtube.com/watch?v=y4ISNJ1CodY,"Rhythm and Synchronization: The music maintains a medium tempo throughout, which aligns well with the steady, almost static nature of the video.  The video itself features minimal changes in perspective or movement, resembling a still image with only subtle shifts. Because there are no distinct transitions or changes in the video's visual content, the constant and consistent rhythm of the music creates a sense of calm and reinforces the peaceful nature of the scene.

Theme and Content: The video depicts an aerial view from an airplane window, showcasing a coastal city below. While not directly related, the music's uplifting yet peaceful tone could be interpreted as indirectly relating to the feelings of travel and new experiences, which could be associated with flying. While the music does not tell a specific story or have lyrics, its overall ambiance contributes to a sense of tranquility and awe that can be associated with looking down at the world from above.  The music doesn't necessarily enhance a specific narrative, but it creates an appropriate atmosphere for the visuals.

Emotion: The video itself doesn't convey strong emotions, appearing rather neutral and observational. The music, however, has a generally optimistic and uplifting feel. This presents a partial emotional consistency, as the music's positive tone can complement the potential feelings of excitement or wonder that might be associated with air travel and seeing new landscapes. It creates a backdrop of positivity without imposing a specific emotional narrative on the neutral imagery.

Cultural Relevance: Neither the music nor the video seem to incorporate specific cultural elements. The video primarily showcases a geographical landscape, and the music offers a universally appealing, non-culture-specific soundscape. The lack of overt cultural references allows for a broader interpretation and emotional connection, making it accessible to a wider audience. The airplane wing with the Ryanair logo provides a sense of modern travel, but doesn't tie the video to any specific cultural tradition.",train,True,data/revision/videos/y4ISNJ1CodY.mp4,13.966666666666667,,68ff5376b5f706895815007bf9bcee566db58b574a366adcb6926797a9f062ba
7890,y5YpxDhlQxU,https://www.youtube.com/watch?v=y5YpxDhlQxU,"Rhythm and Synchronization: The video depicts a person methodically installing wall paneling. The pace of the video is quite slow and consistent, reflecting the careful and deliberate nature of the task. The music, a recitation from the Quran, has its own inherent rhythm and cadence. However, there's no discernible synchronization between the visual actions and the audio. The music continues at its own pace, unrelated to the actions in the video, such as hammering or adjustments made to the paneling. Since there are no distinct visual transitions or cuts where one might expect the music to change or synchronize, the rhythmic coherence between the two is low.  The lack of dynamic changes in the video contributes to this perception of rhythmic independence between the visual and auditory elements.

Theme and Content: The video showcases a practical, everyday activity of home improvement, while the audio is a religious recitation. The themes are entirely unrelated. The recitation doesn't enhance or relate to the narrative of installing wall paneling, nor does it offer any commentary on the process. The thematic dissonance is quite evident.

Emotion: The video itself doesn't convey any specific emotion. It's a straightforward depiction of a manual task. The person working appears focused on their task. The music, being a religious recitation, could evoke feelings of reverence or spirituality for those familiar with the text. However, within the context of this video, the emotional impact of the music is muted. There is a clear disconnect between the lack of emotion in the visual content and the potentially emotionally charged audio.  The music, therefore, does not elevate or impact the emotional landscape of the video in any way.

Cultural Relevance: While both the video and audio potentially contain cultural elements, they don't share any common ground. The act of installing wall paneling could be considered a common practice across various cultures, though nothing specific is indicated here. The audio, being a recitation from the Quran, is clearly linked to Islamic culture. However, there's no visual element in the video that references or connects to this cultural aspect.  The absence of any shared or related cultural elements further underscores the unrelated nature of the video and audio components.  No specific geographical references are apparent in either the video or the audio.
",train,True,data/revision/videos/y5YpxDhlQxU.mp4,30.666666666666668,,e32684a0360888fbbe8bd38fef1b3bc7f427b9e52b34e6a3c12087400fa517de
2904,yEL1Edjl5lQ,https://www.youtube.com/watch?v=yEL1Edjl5lQ,"Rhythm and Synchronization: The music maintains a medium tempo throughout, which generally aligns with the pace of the video. The video features distinct shifts in scene and mood, specifically at the 8-second mark where it transitions from a lively dance sequence to a more intimate and romantic setting. However, this visual transition isn't accompanied by a corresponding shift in the music.  The music's continuous, upbeat rhythm persists across this change, creating a slight disconnect. Although the dancers' movements seem synchronized with the beat in the first part, the overall rhythmic coherence between the two segments isn't strong due to the absence of a musical transition mirroring the video's shift.

Theme and Content: The music's theme centers around love and togetherness. The initial portion of the video, depicting a group dancing, could be interpreted as a celebration, perhaps indirectly related to the theme of love. The latter half of the video focuses on a couple, highlighting romantic intimacy. While the video shifts its focus to a more explicit depiction of romantic love, the music continues with its general theme, creating an independent narrative. The two parts are loosely connected through the overarching theme of love and happiness, but they don't tell a cohesive story.

Emotion: The video conveys a range of positive emotions. The dance segment expresses joy and cheerfulness, while the scenes with the couple shift towards romantic love and contentment. The music, with its upbeat and cheerful melody, primarily aligns with the happy and celebratory tone of the first half of the video. However, it doesn't fully capture the deeper, more intimate emotions displayed in the romantic scenes. While not entirely dissonant, there's a partial emotional disconnect between the consistent tone of the music and the evolving emotional landscape of the video. The music complements the joyous atmosphere of the dance sequence but doesn't quite enhance the tenderness and intimacy of the later scenes.

Cultural Relevance: Neither the music nor the video appear to contain any specific cultural references or elements. The dance sequence and the depiction of romantic love are presented in a generic manner, without any discernible cultural markers. This lack of cultural specificity makes it difficult to assess any alignment or dissonance between the two. They are simply presented as universal human experiences.
",train,True,data/revision/videos/yEL1Edjl5lQ.mp4,33.833333333333336,,e83ac5679b21132f4d58a2f0b482c92fb86cb957438835d82290950f717e965e
24321,yXZFOgnQ6ng,https://www.youtube.com/watch?v=yXZFOgnQ6ng,"Rhythm and Synchronization: The music maintains a consistent, medium tempo throughout the video. However, since the video itself presents a step-by-step recipe demonstration with minimal transitions or scene changes, there's little opportunity for rhythmic synchronization between the music and the visual elements.  The absence of rhythmic interplay isn't necessarily a negative aspect, but it does mean the music functions more as background ambiance rather than a dynamically integrated element.

Theme and Content: The video provides a visual guide to preparing a specific type of sweet treat. The music, on the other hand, lacks any discernible thematic connection to the video's content.  It neither reflects the process of cooking nor celebrates the enjoyment of food. This thematic disparity creates a sense of detachment between the audio and visual components, leaving the music to feel arbitrary and non-contributory to the overall message.

Emotion: The video maintains a neutral, instructional tone, focusing solely on the practical aspects of the recipe. The music evokes no strong emotions, which could be described as calm. This lack of emotional depth in both the music and video, while consistent, doesn’t enhance the viewer’s engagement with the recipe demonstration. The neutral tone of the video and music don't create a negative viewing experience but also don't add any positive emotional engagement.

Cultural Relevance: Neither the music nor the video prominently feature distinct cultural elements.  While the recipe itself may hold cultural significance within a specific region or community, this isn't explicitly conveyed. The lack of cultural markers makes it difficult to establish a connection between the two elements based on shared cultural heritage. The neutral cultural presentation doesn't detract from the instructional value of the video but also limits the potential for a deeper, culturally resonant experience.",train,True,data/revision/videos/yXZFOgnQ6ng.mp4,55.43333333333333,,7f819692de13f8107b30361a9c6023dea8e2e7882b6fa9ef700469462d2e5634
36728,yukJcaYQyDA,https://www.youtube.com/watch?v=yukJcaYQyDA,"Rhythm and Synchronization: The video features a series of quick cuts showcasing a band performing and the audience enjoying the show. However, there's no discernible synchronization between these visual transitions and the music. The music maintains a consistent fast tempo, seemingly unrelated to the shifting imagery in the video. The absence of rhythmic coherence creates a sense of detachment between the audio and visual components.  While the energy of the music aligns with the overall excitement of a live performance, the lack of synchronization diminishes the impact of the combined experience.

Theme and Content: The video depicts a typical punk rock or hardcore show, highlighting both the band's performance and the audience's enthusiastic response.  While the fast-paced, aggressive nature of the music might generally fit the atmosphere of this genre, it doesn't specifically relate to any clear narrative within the video.  The song doesn't appear to enhance or tell a story about the band, their music, or the concert itself.  It serves more as a backdrop, only loosely connected to the visual content. The lyrics, though aggressive and hard-hitting do not align with the energetic performance shown in the video or match the visual content.

Emotion: The video portrays a highly charged emotional atmosphere of excitement and cheerfulness, captured in the audience's energetic movements and the band members' passionate performance. While the music itself possesses an aggressive and powerful energy, this doesn't fully align with the predominantly positive and joyful emotions seen in the video. This creates a somewhat dissonant emotional landscape. The music's intensity doesn't detract entirely from the video's upbeat feel, but it doesn't enhance it either. Instead, the two exist in parallel, only partially reinforcing each other emotionally.

Cultural Relevance: The video presents a generic scene of a band playing in a small venue.  Aside from some band posters of well-known rock artists in the background, there aren't any overtly specific cultural references. Similarly, the music itself doesn't contain any discernible cultural markers.  Both the video and the audio seem to focus on the general experience of a live performance, without anchoring themselves to any particular cultural context.  This absence of specific cultural elements creates a sense of universality, allowing the video and music to connect with a broad audience, but simultaneously preventing a deeper exploration of any particular culture.
",val,True,data/revision/videos/yukJcaYQyDA.mp4,30.0,,033eed766157935bf91fc9cc6e3b7f5d85e59961e7e0deaf004643fb0f24c987
6384,yvm1M9jFmFo,https://www.youtube.com/watch?v=yvm1M9jFmFo,"Rhythm and Synchronization: The music features a consistent, medium tempo and a distinct, driving rhythmic pattern. However, this rhythm does not synchronize with the video's cuts or actions. The video itself maintains a fairly steady pace, with the speaker's gestures and changes in the B-roll footage creating a visual rhythm. There are no distinct synchronization points between the music and the video, which contributes to the sense of the two elements existing independently.

Theme and Content: The video discusses the anticipated release of the iPhone 16 and compares it to existing models and competitors like the Samsung S24. It delves into the lack of significant innovation in the new iPhone and Apple’s declining sales.  The music, on the other hand, possesses a very generic, upbeat, and slightly suspenseful feel. Thematically, the two don’t connect. The music doesn’t enhance or reflect the critical and analytical tone of the video's content. There is a significant thematic dissonance between the upbeat music and the video's somewhat negative commentary on Apple's recent performance.

Emotion: The speaker in the video projects confidence and energy as he delivers his commentary.  His tone and gestures suggest an appreciative attitude towards technological advancements and market dynamics. The music, with its driving beat and somewhat dramatic melody, conveys a sense of excitement and anticipation. While both the video and music have energetic qualities, they don’t quite align emotionally. The video's confident and analytical tone contrasts with the music's more generic excitement, resulting in a lack of emotional coherence. The music doesn't particularly enhance or detract from the emotional impact of the video, simply existing as a separate element.

Cultural Relevance: Neither the video nor the music prominently feature any specific cultural elements. The discussion about iPhones and Samsung is relevant to a global consumer tech market, but doesn't align with any specific cultural traditions or values. The video is delivered in a mix of Hindi and English, indicating a South Asian context, likely India, but the music itself does not share this cultural connection. The lack of shared cultural references further reinforces the sense of disconnect between the audio and visual elements.
",test,True,data/revision/videos/yvm1M9jFmFo.mp4,55.8,,b91f3b9037cabd370f5315bb7c14bc95038e32a45b86feefa1d537760f150f17
25024,z9wzhWQowI4,https://www.youtube.com/watch?v=z9wzhWQowI4,"Rhythm and Synchronization: The music maintains a consistent medium tempo throughout the video. While there are no distinct scene changes or transitions that would require sharp musical shifts, the steady rhythm of the music complements the overall pace of the video, which primarily features dialogue and subtle movements.

Theme and Content: The upbeat and romantic vibe of the music creates an interesting juxtaposition with the video's content. The video centers around a conversation between two friends, potentially with romantic undertones, about defining their relationship. The playful banter and the girl's heart-patterned sweater hint at a lighthearted romantic element, which is somewhat reflected in the music's romantic tone. However, the definitive statement that they are ""just friends"" clashes with the romantic aspects of the music. This creates a slightly ironic effect, leaving the viewer unsure of the true nature of their relationship and adding a layer of complexity to the seemingly simple scene.

Emotion: The music evokes feelings of happiness, romance, and lightheartedness, creating a cheerful and relaxing atmosphere. The video, while conveying similar feelings of happiness and cheerfulness through the playful interaction of the individuals, also carries a subtle sense of ambiguity and perhaps a touch of humor regarding the undefined relationship. This creates a partial disconnect between the straightforward romanticism of the music and the more nuanced emotions presented in the video. Despite the slight mismatch, the music does enhance the overall positive emotional tone, contributing to the lightheartedness of the scene.

Cultural Relevance: Neither the music nor the video seems to incorporate any specific cultural elements. The scene could take place anywhere, and the music has a universally appealing pop sound. This lack of specific cultural markers makes the video and music broadly relatable, but also means there aren't any distinct cultural connections to analyze.
",train,True,data/revision/videos/z9wzhWQowI4.mp4,32.86666666666667,,f134ac458be3e9734ffa75391bf3c0af7746e330c7ca81686c93d7b3917476c4
24820,zRGqlmmr7h4,https://www.youtube.com/watch?v=zRGqlmmr7h4,"Here is an analysis of the video and music based on the provided labels.

Rhythm and Synchronization: The music maintains a slow, consistent tempo throughout. The video, featuring static text on a plain background, has no inherent dynamism or transitions. Therefore, there's no opportunity for rhythmic synchronization between the visual and auditory elements.  The lack of visual changes means the music's rhythm doesn't interact with the video's pacing.

Theme and Content: The video presents a heartwarming anecdote about a babysitter encouraging a young artist. It focuses on nurturing creativity and building confidence. The music, on the other hand, features a simple piano melody without a discernible narrative or emotional arc.  The music doesn’t detract from the story, but neither does it contribute to it. The thematic content of the two remains separate and unrelated.

Emotion: The video evokes a sense of warmth, fondness, and perhaps quiet pride. It narrates a positive experience of fostering a child's passion. The music, with its plaintive piano melody, could be interpreted as reflective or even melancholic. While the music's emotional tone is subdued, it contrasts with the generally positive sentiment of the video.  This creates a slight disconnect.

Cultural Relevance: The video centers on a personal anecdote with universal themes of encouragement and artistic expression. There are no specific cultural markers or geographical references. The music, a simple piano piece, similarly lacks any discernible cultural ties. Therefore, while there's no clash of cultures, there are no shared cultural elements to connect the video and music either. They exist independently in this regard.
",train,True,data/revision/videos/zRGqlmmr7h4.mp4,52.13333333333333,,a229ab5d7bc76855c23098942ed774bf0fcbf5f771874159511ba55510d86fd9
7607,zmahod5k3K0,https://www.youtube.com/watch?v=zmahod5k3K0,"Rhythm and Synchronization: The music maintains a medium tempo throughout, aligning well with the generally steady and deliberate pace of the nail art demonstration.  Since the video showcases a continuous process with minimal distinct transitions or changes in pace, there aren't any jarring shifts in the visual rhythm. This continuous flow complements the consistent rhythm of the music, creating a smooth, uninterrupted viewing experience.

Theme and Content: The song's lyrics, centered around themes of love and connection, don't directly relate to the visual content of nail art application.  The music functions as a pleasant background soundtrack rather than a thematically integrated element. While not a mismatch, there's no discernible narrative or thematic enhancement provided by the musical choice.

Emotion: The music carries a cheerful and upbeat tone, creating a generally positive atmosphere. The video, being instructional and focused on a precise task, doesn't project any specific emotion. This leads to a disconnect in emotional tone, as the cheerful music contrasts with the neutral, almost clinical, presentation of the nail art technique. Although the music is pleasant, it doesn't necessarily amplify or complement the emotional impact of the video due to this inherent difference.

Cultural Relevance: Neither the music nor the video displays any readily identifiable cultural markers or geographical references. The focus remains on the nail art process itself, devoid of any cultural context. This lack of specific cultural elements makes it difficult to assess cultural alignment or relevance, making them appear essentially unrelated in this context.
",train,True,data/revision/videos/zmahod5k3K0.mp4,24.8,,b6e48b927126c26568e40139d336ff099c1193c09828c7701eea106a907a89ef
474,zvmenZfiPq4,https://www.youtube.com/watch?v=zvmenZfiPq4,"Rhythm and Synchronization: The music maintains a consistent, slow tempo throughout the video.  Since the video itself doesn't have distinct transitions or hard cuts between scenes, the synchronization aspect isn't truly applicable. The video unfolds as a continuous flow of images and clips supplementing the creator's monologue. While the music doesn't actively synchronize with specific moments, its calm and steady pace provides a subtle backdrop for the spoken content.

Theme and Content: The background music doesn't seem to relate thematically to the video's content. The video focuses on a product review of a vertical monitor, discussing its features, installation process, and the creator's experience using it. The music, however, has a more contemplative and somewhat melancholic feel, which doesn't particularly enhance or connect with the practical, tech-focused nature of the video. This creates a slight thematic disconnect.

Emotion: The video maintains a neutral, informative tone. The creator expresses his opinions and experiences with the monitor in a straightforward manner, without strong emotional displays. The music, on the other hand, evokes a sense of gentle sadness or introspection, which clashes with the video's lack of emotional expression. This disparity reduces the emotional coherence between the audio and visual elements, as the music doesn't necessarily elevate the impact of the video's message.

Cultural Relevance: There aren't any noticeable cultural elements present in either the video or the music. The focus remains on the monitor and its functionality, while the music serves as a generic background.  No specific geographical or cultural references are made in either, making the question of cultural alignment irrelevant in this context. The video content is universally applicable, relating to productivity and technology usage, and the music's understated style avoids any particular cultural associations.
",val,True,data/revision/videos/zvmenZfiPq4.mp4,50.53333333333333,,f16258a29077531438d177f03e51af992246d9dcb64b0faa18e992ecbf6f98fc
